tf,fft_window,low_pct,high_pct,min_period,sl_atr_mult,rr,session_label,train_trades,train_win_rate,train_profit_factor,train_max_drawdown_pct,train_pnl_pct,oos_trades,oos_win_rate,oos_profit_factor,oos_max_drawdown_pct,oos_pnl_pct,total_trades,total_longs,total_shorts,avg_bars
M5,64,0.1,0.3,10,1.5,3.0,newyork,858,24.01,0.8694,70.16,-64.44,4634,25.85,0.9523,95.41,-91.5,5492,2764,2728,37.08747268754553
M5,64,0.1,0.2,10,1.5,3.0,newyork,752,23.54,0.8474,69.41,-64.82,4054,25.75,0.95,94.92,-89.25,4806,2405,2401,37.15647107781939
M5,64,0.1,0.2,10,1.5,4.0,newyork,752,17.15,0.7864,81.12,-78.66,4054,20.2,0.9489,97.0,-92.33,4806,2405,2401,48.853058676654186
M5,64,0.05,0.3,10,1.5,3.0,newyork,1007,23.04,0.8229,83.99,-79.97,5425,25.73,0.9479,96.58,-95.39,6432,3230,3202,37.837375621890544
M5,64,0.05,0.3,10,1.5,4.0,newyork,1007,16.88,0.7677,91.15,-89.36,5425,20.09,0.9409,98.48,-97.78,6432,3230,3202,49.2747512437811
M5,64,0.05,0.2,10,1.5,3.0,newyork,882,22.9,0.817,79.4,-76.61,4758,25.56,0.9408,96.22,-94.85,5640,2831,2809,37.5
M5,64,0.1,0.3,10,1.5,4.0,newyork,858,17.48,0.8045,82.99,-80.25,4634,20.07,0.94,98.09,-96.27,5492,2764,2728,48.89373634377275
M5,64,0.05,0.2,10,1.5,4.0,newyork,882,17.01,0.7744,87.38,-85.17,4758,20.09,0.9397,97.84,-96.62,5640,2831,2809,48.79053191489361
M5,128,0.05,0.3,10,1.5,2.0,london,896,32.59,0.8678,67.56,-61.14,4621,34.21,0.9241,95.88,-94.81,5517,2779,2738,11.102555736813486
M5,64,0.1,0.2,10,1.5,2.0,newyork,752,30.98,0.809,71.37,-67.79,4054,34.14,0.923,95.09,-92.76,4806,2405,2401,23.566000832292968
M5,64,0.05,0.3,10,1.5,2.0,newyork,1007,31.38,0.8242,78.59,-75.26,5425,34.14,0.9228,97.24,-97.05,6432,3230,3202,23.987873134328357
M5,128,0.05,0.2,5,1.5,3.0,london,3026,25.68,0.9421,86.13,-84.36,15556,25.39,0.9228,100.0,-100.0,18582,9300,9282,18.069723388225164
M5,64,0.05,0.2,10,1.5,2.0,newyork,882,30.84,0.8035,75.92,-74.51,4758,34.11,0.922,96.22,-95.57,5640,2831,2809,23.897127659574465
M5,64,0.05,0.3,5,1.5,3.0,london,3826,24.96,0.907,97.3,-96.77,19268,25.32,0.9191,100.0,-100.0,23094,11529,11565,17.98403048410843
M5,128,0.1,0.3,10,1.5,2.0,london,807,32.47,0.8624,64.51,-58.71,3991,34.1,0.9187,94.8,-93.38,4798,2413,2385,11.19908295122968
M5,128,0.1,0.2,5,1.5,3.0,london,3037,25.49,0.9329,89.94,-87.58,15593,25.3,0.9185,100.0,-100.0,18630,9319,9311,18.120681696188946
M5,128,0.05,0.2,5,1.5,4.0,london,3026,20.75,0.9672,84.46,-76.62,15556,19.96,0.9184,100.0,-100.0,18582,9300,9282,24.923162199978474
M5,128,0.05,0.2,10,1.5,2.0,newyork,694,31.84,0.8369,59.85,-59.24,3448,33.96,0.918,92.31,-90.55,4142,2071,2071,24.264896185417676
M5,128,0.05,0.3,5,1.5,3.0,london,3639,25.53,0.9342,93.33,-91.48,18299,25.27,0.9176,100.0,-100.0,21938,10994,10944,18.067298751025618
M5,128,0.1,0.2,10,1.5,2.0,newyork,621,31.4,0.8202,59.31,-58.69,3081,33.95,0.9174,90.13,-88.03,3702,1843,1859,24.46385737439222
M5,64,0.1,0.3,5,1.5,3.0,london,3775,25.17,0.9174,96.07,-95.34,19480,25.28,0.917,100.0,-100.0,23255,11611,11644,17.986368522898303
M5,128,0.1,0.3,5,1.5,3.0,london,3677,25.32,0.9243,95.57,-93.81,18508,25.26,0.9169,100.0,-100.0,22185,11105,11080,18.134257381113365
M5,64,0.1,0.3,10,1.5,2.0,newyork,858,31.35,0.8234,73.93,-69.75,4634,33.99,0.9164,96.86,-96.03,5492,2764,2728,23.58120903131828
M5,128,0.05,0.3,10,1.5,3.0,newyork,823,25.39,0.9275,58.64,-45.19,4002,25.01,0.9154,97.2,-96.38,4825,2419,2406,37.18829015544042
M5,128,0.05,0.3,10,1.5,3.0,london,896,25.67,0.9417,59.37,-42.41,4621,25.19,0.9154,98.44,-97.86,5517,2779,2738,17.988870763095886
M5,128,0.05,0.3,10,1.0,4.0,london,896,20.42,0.8996,73.12,-62.26,4621,20.9,0.915,99.42,-98.8,5517,2779,2738,10.221352184158057
M5,128,0.05,0.3,5,1.5,4.0,london,3639,20.61,0.9572,89.91,-87.17,18299,19.89,0.9146,100.0,-100.0,21938,10994,10944,24.751185158173033
M5,128,0.1,0.2,5,1.5,4.0,london,3037,20.65,0.9614,87.5,-79.93,15593,19.9,0.9146,100.0,-100.0,18630,9319,9311,24.939173376274827
M5,128,0.05,0.3,5,1.0,4.0,london,3639,20.88,0.924,96.78,-95.8,18299,20.89,0.9141,100.0,-100.0,21938,10994,10944,10.11706171939101
M5,64,0.05,0.3,10,1.0,4.0,newyork,1007,16.78,0.7147,94.73,-94.01,5425,20.81,0.9139,99.7,-99.47,6432,3230,3202,21.053031716417912
M5,128,0.05,0.2,5,1.0,4.0,london,3026,20.95,0.9285,93.74,-91.93,15556,20.88,0.9136,100.0,-100.0,18582,9300,9282,10.118577117640726
M5,128,0.05,0.3,5,1.5,2.0,london,3639,33.33,0.8969,95.67,-95.26,18299,33.96,0.9134,100.0,-100.0,21938,10994,10944,11.000474063269213
M5,64,0.05,0.3,5,1.5,4.0,london,3826,19.89,0.913,98.76,-97.28,19268,19.89,0.9131,100.0,-100.0,23094,11529,11565,24.95029877890361
M5,128,0.05,0.3,10,1.5,2.0,newyork,823,32.2,0.8518,65.33,-62.05,4002,33.83,0.913,95.04,-94.42,4825,2419,2406,23.7100310880829
M5,128,0.1,0.3,5,1.5,4.0,london,3677,20.48,0.9501,92.14,-89.94,18508,19.87,0.913,100.0,-100.0,22185,11105,11080,24.851386071670046
M5,128,0.05,0.2,10,1.0,4.0,newyork,694,17.72,0.7529,81.94,-81.65,3448,20.74,0.9113,97.05,-96.69,4142,2071,2071,21.330323515210043
M5,128,0.05,0.3,10,1.0,3.0,london,896,24.55,0.8475,77.02,-72.12,4621,26.18,0.9109,98.74,-98.37,5517,2779,2738,7.216240710531087
M5,128,0.1,0.3,5,1.5,2.0,london,3677,33.18,0.8911,96.42,-96.07,18508,33.89,0.9106,100.0,-100.0,22185,11105,11080,11.067405904890691
M5,128,0.05,0.2,5,1.5,2.0,london,3026,33.34,0.898,92.29,-91.88,15556,33.88,0.9102,100.0,-100.0,18582,9300,9282,11.018577117640728
M5,64,0.1,0.3,5,1.5,4.0,london,3775,20.11,0.9273,97.84,-95.47,19480,19.84,0.9101,100.0,-100.0,23255,11611,11644,24.951300795527843
M5,128,0.1,0.3,5,1.0,4.0,london,3677,20.81,0.9201,97.65,-96.42,18508,20.8,0.9096,100.0,-100.0,22185,11105,11080,10.117128690556681
M5,128,0.1,0.3,10,1.5,3.0,london,807,25.53,0.9341,56.92,-42.1,3991,25.08,0.9092,98.0,-97.04,4798,2413,2385,18.097248853689035
M5,128,0.05,0.2,10,1.5,2.0,london,720,32.08,0.8483,58.75,-57.94,3950,33.82,0.9089,95.76,-94.87,4670,2354,2316,11.307494646680942
M5,128,0.05,0.3,10,1.0,4.0,newyork,823,18.35,0.7868,84.99,-82.54,4002,20.66,0.9082,98.73,-98.28,4825,2419,2406,21.25417616580311
M5,64,0.05,0.3,10,1.5,3.0,london,1262,25.83,0.9509,68.93,-49.53,6139,25.04,0.9077,99.62,-99.59,7401,3696,3705,18.03179300094582
M5,128,0.1,0.2,5,1.0,4.0,london,3037,20.91,0.9265,94.63,-92.42,15593,20.77,0.9077,100.0,-100.0,18630,9319,9311,10.118491680085882
M5,128,0.05,0.3,10,1.0,3.0,newyork,823,22.36,0.749,86.17,-85.0,4002,25.99,0.9068,97.79,-97.52,4825,2419,2406,15.112373056994821
M5,128,0.05,0.2,10,1.5,3.0,newyork,694,25.22,0.9176,48.18,-43.06,3448,24.85,0.9066,96.61,-95.53,4142,2071,2071,37.7800579430227
M5,128,0.1,0.3,10,1.5,2.0,newyork,737,31.75,0.8347,65.41,-61.9,3561,33.67,0.906,94.29,-93.61,4298,2144,2154,23.97131223825035
M5,64,0.05,0.2,5,1.5,3.0,london,3292,25.46,0.9314,92.86,-89.99,16942,25.03,0.9056,100.0,-100.0,20234,10094,10140,18.021033903331027
M5,128,0.1,0.2,5,1.5,2.0,london,3037,33.16,0.8908,93.51,-93.15,15593,33.77,0.9053,100.0,-100.0,18630,9319,9311,11.085888352120234
M5,64,0.1,0.2,5,1.5,3.0,london,3232,25.59,0.9381,91.0,-87.55,16874,25.03,0.9052,100.0,-100.0,20106,10022,10084,18.023177161046455
M5,128,0.1,0.2,10,1.0,3.0,newyork,621,21.9,0.7285,78.81,-78.81,3081,25.97,0.905,95.52,-94.45,3702,1843,1859,15.59870340356564
M5,128,0.05,0.2,10,1.0,3.0,newyork,694,21.61,0.7159,83.71,-83.71,3448,25.96,0.905,96.4,-96.07,4142,2071,2071,15.398937711250602
M5,64,0.1,0.3,10,1.5,3.0,london,1078,26.72,0.9959,53.32,-18.25,5308,24.96,0.9042,99.29,-99.26,6386,3187,3199,18.0662386470404
M5,128,0.05,0.2,10,1.5,3.0,london,720,25.83,0.9502,45.28,-32.6,3950,24.94,0.904,97.98,-97.41,4670,2354,2316,18.153319057815846
M5,64,0.1,0.2,5,1.5,4.0,london,3232,20.42,0.9465,94.47,-87.97,16874,19.65,0.9,100.0,-100.0,20106,10022,10084,24.78747637521138
M5,64,0.05,0.2,5,1.5,4.0,london,3292,20.2,0.9318,96.43,-92.34,16942,19.65,0.8996,100.0,-100.0,20234,10094,10140,24.8698428387862
M5,128,0.1,0.2,10,1.5,2.0,london,642,31.93,0.8417,56.16,-55.3,3402,33.6,0.8989,94.68,-93.98,4044,2034,2010,11.320623145400594
M5,128,0.1,0.3,10,1.5,3.0,newyork,737,24.83,0.9004,60.32,-50.44,3561,24.68,0.8984,97.85,-96.82,4298,2144,2154,37.579804560260584
M5,128,0.05,0.3,5,1.0,3.0,london,3639,25.53,0.8914,98.08,-97.81,18299,25.92,0.8984,100.0,-100.0,21938,10994,10944,7.017061719391011
M5,128,0.1,0.3,10,1.0,4.0,london,807,20.07,0.8797,73.27,-64.03,3991,20.62,0.8983,99.38,-98.8,4798,2413,2385,10.231804918716133
M5,128,0.1,0.2,10,1.5,3.0,newyork,621,24.64,0.89,51.24,-47.55,3081,24.67,0.8972,96.59,-95.09,3702,1843,1859,37.994813614262554
M5,64,0.05,0.2,10,1.0,4.0,newyork,882,16.44,0.6978,92.84,-92.66,4758,20.49,0.8965,99.69,-99.52,5640,2831,2809,21.06872340425532
M5,64,0.05,0.3,10,1.5,4.0,london,1262,20.6,0.9555,73.3,-51.85,6139,19.55,0.8965,99.9,-99.87,7401,3696,3705,25.202310498581273
M5,128,0.1,0.2,10,1.0,4.0,newyork,621,17.23,0.7282,81.19,-81.11,3081,20.45,0.8952,97.9,-96.94,3702,1843,1859,21.77998379254457
M5,128,0.1,0.3,10,1.0,3.0,london,807,24.16,0.8291,76.08,-72.21,3991,25.86,0.8944,98.65,-98.37,4798,2413,2385,7.150458524385161
M5,64,0.05,0.3,5,1.5,3.0,newyork,3375,24.33,0.8794,98.14,-97.75,17006,24.74,0.8939,100.0,-100.0,20381,10200,10181,37.06816642951768
M5,64,0.05,0.3,5,1.5,2.0,london,3826,34.08,0.9274,90.96,-90.46,19268,33.49,0.8935,100.0,-100.0,23094,11529,11565,11.067463410409628
M5,128,0.05,0.3,10,1.5,4.0,newyork,823,18.71,0.8439,76.18,-72.01,4002,19.24,0.8934,99.34,-98.82,4825,2419,2406,48.932435233160625
M5,128,0.1,0.3,10,1.0,3.0,newyork,737,22.66,0.7625,81.69,-79.98,3561,25.7,0.8925,98.0,-97.57,4298,2144,2154,15.27708236389018
M5,128,0.05,0.2,10,1.0,4.0,london,720,20.0,0.8768,69.59,-60.57,3950,20.48,0.8924,99.38,-98.97,4670,2354,2316,10.176659528907923
M5,128,0.1,0.3,5,1.0,3.0,london,3677,25.43,0.8872,98.45,-98.15,18508,25.78,0.8921,100.0,-100.0,22185,11105,11080,7.100554428668018
M5,64,0.1,0.3,5,1.5,3.0,newyork,3383,24.68,0.8963,96.99,-96.42,17089,24.69,0.8907,100.0,-100.0,20472,10250,10222,37.01822489253615
M5,128,0.05,0.2,5,1.0,3.0,london,3026,25.55,0.8929,96.43,-95.66,15556,25.76,0.8906,100.0,-100.0,18582,9300,9282,7.018577117640727
M5,64,0.05,0.2,5,1.5,3.0,newyork,2922,24.44,0.8847,96.75,-95.74,14961,24.63,0.8898,100.0,-100.0,17883,8941,8942,37.06928367723537
M5,128,0.1,0.2,10,1.5,3.0,london,642,25.7,0.9429,44.3,-32.25,3402,24.66,0.8897,97.63,-97.12,4044,2034,2010,18.166617210682492
M5,64,0.1,0.3,5,1.5,2.0,london,3775,33.99,0.924,91.12,-91.04,19480,33.38,0.8893,100.0,-100.0,23255,11611,11644,11.0863685228983
M5,128,0.05,0.2,5,1.5,2.0,newyork,2574,32.21,0.8513,95.27,-95.23,13416,33.34,0.889,100.0,-100.0,15990,7989,8001,23.28731707317073
M5,128,0.05,0.2,10,1.5,4.0,newyork,694,18.73,0.8446,65.9,-65.74,3448,19.2,0.8886,99.02,-98.12,4142,2071,2071,49.695750845002415
M5,64,0.1,0.2,10,1.5,3.0,london,934,26.98,1.009,46.5,-7.65,4622,24.62,0.8884,99.25,-99.24,5556,2763,2793,18.1
M5,64,0.1,0.3,10,1.0,4.0,newyork,858,17.95,0.7762,86.43,-85.0,4634,20.35,0.8877,99.79,-99.61,5492,2764,2728,20.80935906773489
M5,128,0.05,0.2,10,1.0,3.0,london,720,24.03,0.8241,72.99,-69.06,3950,25.67,0.8876,99.03,-98.64,4670,2354,2316,7.261670235546038
M5,128,0.05,0.3,5,1.5,2.0,newyork,3070,32.25,0.8522,97.62,-97.29,15824,33.27,0.8869,100.0,-100.0,18894,9444,9450,23.505017465862178
M5,64,0.05,0.3,10,1.5,2.0,london,1262,34.94,0.9656,52.08,-35.02,6139,33.31,0.8861,99.66,-99.65,7401,3696,3705,11.097689501418728
M5,64,0.1,0.3,10,1.5,4.0,london,1078,21.24,0.9996,62.52,-20.23,5308,19.37,0.8854,99.83,-99.82,6386,3187,3199,25.285687441277798
M5,64,0.05,0.2,5,1.5,2.0,newyork,2922,32.68,0.8725,95.68,-94.91,14961,33.25,0.8847,100.0,-100.0,17883,8941,8942,23.64901862103674
M5,64,0.05,0.3,5,1.0,4.0,london,3826,20.2,0.8864,99.2,-99.01,19268,20.37,0.8845,100.0,-100.0,23094,11529,11565,9.984030484108425
M5,128,0.1,0.2,5,1.0,3.0,london,3037,25.45,0.889,96.79,-96.12,15593,25.63,0.8844,100.0,-100.0,18630,9319,9311,7.018491680085882
M5,128,0.1,0.2,5,1.5,2.0,newyork,2579,31.99,0.8431,96.15,-95.97,13534,33.23,0.8841,100.0,-100.0,16113,8039,8074,23.42393719357041
M5,64,0.05,0.2,10,1.5,3.0,london,1087,26.4,0.9798,54.87,-28.85,5426,24.51,0.8832,99.75,-99.74,6513,3250,3263,17.816551512359894
M5,64,0.05,0.3,5,1.5,2.0,newyork,3375,32.53,0.8667,97.49,-97.23,17006,33.22,0.8832,100.0,-100.0,20381,10200,10181,23.633761837005054
M5,64,0.05,0.2,5,1.5,2.0,london,3292,34.23,0.9339,85.64,-84.56,16942,33.23,0.883,100.0,-100.0,20234,10094,10140,11.069842838786203
M5,64,0.1,0.2,5,1.5,3.0,newyork,2904,24.76,0.9002,95.12,-93.71,14895,24.5,0.8829,100.0,-100.0,17799,8896,8903,36.985791336591944
M5,64,0.05,0.3,10,1.0,3.0,newyork,1007,22.44,0.7574,90.03,-89.29,5425,25.53,0.8828,99.81,-99.78,6432,3230,3202,14.7
M5,128,0.1,0.3,5,1.5,2.0,newyork,3096,32.11,0.8466,98.02,-97.7,16113,33.17,0.8825,100.0,-100.0,19209,9588,9621,23.642120880837105
M5,64,0.1,0.2,10,1.0,4.0,newyork,752,17.42,0.7491,85.27,-84.38,4054,20.23,0.8822,99.67,-99.37,4806,2405,2401,21.04694132334582
M5,128,0.1,0.2,10,1.5,4.0,newyork,621,18.36,0.8246,66.87,-65.7,3081,19.05,0.8815,98.83,-97.62,3702,1843,1859,49.84319286871961
M5,64,0.05,0.3,5,1.5,4.0,newyork,3375,18.64,0.8508,99.39,-99.33,17006,19.17,0.8806,100.0,-100.0,20381,10200,10181,47.984725970266425
M5,128,0.1,0.2,10,1.0,4.0,london,642,19.47,0.8472,72.16,-63.33,3402,20.28,0.8805,99.01,-98.66,4044,2034,2010,10.188872403560831
M5,128,0.1,0.2,10,1.0,3.0,london,642,23.52,0.8006,72.82,-69.31,3402,25.54,0.8804,98.42,-98.0,4044,2034,2010,7.195252225519288
M5,128,0.1,0.3,10,1.0,4.0,newyork,737,18.18,0.7786,82.98,-80.23,3561,20.16,0.8804,99.24,-98.89,4298,2144,2154,21.651279664960445
M5,128,0.05,0.3,10,1.5,4.0,london,896,20.98,0.9739,51.12,-31.61,4621,19.3,0.8804,99.76,-99.66,5517,2779,2738,25.11277868406743
M5,64,0.1,0.2,5,1.5,2.0,london,3232,34.16,0.931,85.65,-85.07,16874,33.16,0.8803,100.0,-100.0,20106,10022,10084,11.087476375211379
M5,64,0.05,0.2,5,1.5,4.0,newyork,2922,18.72,0.8562,98.88,-98.5,14961,19.14,0.88,100.0,-100.0,17883,8941,8942,47.96928367723536
M5,128,0.05,0.3,5,1.5,3.0,newyork,3070,24.89,0.9037,95.81,-94.16,15824,24.41,0.8796,100.0,-100.0,18894,9444,9450,36.8750291097703
M5,64,0.1,0.2,10,1.5,4.0,london,934,21.84,1.0368,56.56,9.45,4622,19.28,0.8795,99.67,-99.67,5556,2763,2793,25.168106551475883
M5,128,0.1,0.3,10,1.5,4.0,london,807,21.19,0.9859,54.73,-23.0,3991,19.32,0.8793,99.6,-99.29,4798,2413,2385,25.044956231763237
M5,64,0.05,0.2,10,1.5,4.0,london,1087,21.16,0.9893,67.7,-27.44,5426,19.26,0.8791,99.88,-99.88,6513,3250,3263,24.950069092584062
M5,64,0.1,0.3,5,1.5,2.0,newyork,3383,32.6,0.8684,97.38,-97.14,17089,33.1,0.8786,100.0,-100.0,20472,10250,10222,23.6
M5,64,0.1,0.2,5,1.5,2.0,newyork,2904,32.92,0.8807,94.6,-93.81,14895,33.09,0.8785,100.0,-100.0,17799,8896,8903,23.532631046688014
M5,128,0.1,0.3,10,1.5,4.0,newyork,737,18.18,0.8153,77.52,-73.55,3561,19.01,0.8772,99.38,-98.85,4298,2144,2154,48.856886924150764
M5,128,0.1,0.3,5,1.5,3.0,newyork,3096,24.74,0.8966,96.79,-95.24,16113,24.35,0.8766,100.0,-100.0,19209,9588,9621,37.02929876620334
M5,64,0.1,0.3,5,1.5,4.0,newyork,3383,18.98,0.8697,99.0,-98.84,17089,19.09,0.8762,100.0,-100.0,20472,10250,10222,48.01822489253615
M5,128,0.05,0.3,5,1.5,4.0,newyork,3070,19.09,0.8718,98.5,-98.15,15824,19.05,0.8757,100.0,-100.0,18894,9444,9450,47.82879220916693
M5,64,0.1,0.3,5,1.0,4.0,london,3775,20.29,0.8919,99.05,-98.73,19480,20.17,0.8741,100.0,-100.0,23255,11611,11644,9.986368522898301
M5,128,0.05,0.2,5,1.5,3.0,newyork,2574,24.98,0.9094,90.51,-89.57,13416,24.31,0.8739,100.0,-100.0,15990,7989,8001,36.94243902439024
M5,128,0.05,0.2,5,1.5,4.0,newyork,2574,19.15,0.8775,96.8,-96.0,13416,19.04,0.8738,100.0,-100.0,15990,7989,8001,47.82975609756098
M5,64,0.05,0.3,10,1.5,3.0,all,3038,24.52,0.8549,98.73,-98.37,15570,25.08,0.8733,100.0,-100.0,18608,9336,9272,22.98367368873603
M5,64,0.1,0.2,5,1.5,4.0,newyork,2904,18.94,0.8685,98.53,-97.89,14895,18.99,0.8719,100.0,-100.0,17799,8896,8903,47.95316028990393
M5,64,0.05,0.2,10,1.5,2.0,london,1087,35.14,0.9744,43.63,-26.24,5426,32.95,0.8716,99.63,-99.63,6513,3250,3263,10.933241209887916
M5,128,0.1,0.3,5,1.5,4.0,newyork,3096,18.9,0.8612,98.94,-98.67,16113,18.99,0.8716,100.0,-100.0,19209,9588,9621,47.94871154146494
M5,64,0.1,0.3,10,1.5,2.0,london,1078,34.42,0.9439,51.79,-41.36,5308,32.93,0.8715,99.59,-99.58,6386,3187,3199,11.332477294080803
M5,64,0.05,0.2,10,1.0,3.0,newyork,882,21.54,0.7185,89.96,-89.7,4758,25.26,0.8708,99.74,-99.71,5640,2831,2809,14.862553191489361
M5,128,0.1,0.2,5,1.5,4.0,newyork,2579,18.92,0.865,97.73,-97.0,13534,19.0,0.8708,100.0,-100.0,16113,8039,8074,47.81586296778998
M5,128,0.05,0.2,10,1.5,4.0,london,720,22.08,1.0405,43.38,9.6,3950,19.11,0.8695,99.57,-99.47,4670,2354,2316,25.33747323340471
M5,64,0.05,0.2,5,1.0,4.0,london,3292,20.38,0.8965,98.43,-97.46,16942,20.09,0.8694,100.0,-100.0,20234,10094,10140,10.03730354848275
M5,128,0.1,0.2,5,1.5,3.0,newyork,2579,24.74,0.8979,93.15,-91.86,13534,24.22,0.869,100.0,-100.0,16113,8039,8074,36.99589151616706
M5,128,0.05,0.3,5,1.0,4.0,newyork,3070,19.32,0.836,99.56,-99.4,15824,19.99,0.8666,100.0,-100.0,18894,9444,9450,20.84002328781624
M5,64,0.05,0.3,10,1.0,4.0,london,1262,20.05,0.8803,84.0,-79.57,6139,20.02,0.8654,99.99,-99.98,7401,3696,3705,9.665896500472908
M5,128,0.05,0.3,10,1.0,2.0,newyork,823,31.71,0.7901,76.13,-75.17,4002,33.93,0.8652,98.85,-98.76,4825,2419,2406,8.575917098445597
M5,128,0.05,0.2,5,1.0,4.0,newyork,2574,19.46,0.8447,98.45,-98.32,13416,19.98,0.8651,100.0,-100.0,15990,7989,8001,20.758536585365853
M5,64,0.1,0.2,10,1.5,2.0,london,934,34.9,0.9641,40.14,-28.04,4622,32.78,0.8649,99.33,-99.33,5556,2763,2793,11.18318934485241
M5,64,0.05,0.3,5,1.0,3.0,london,3826,25.54,0.8919,98.25,-98.17,19268,25.2,0.8643,100.0,-100.0,23094,11529,11565,7.000597557807223
M5,64,0.1,0.3,10,1.5,3.0,all,2644,24.85,0.8697,96.83,-96.12,13459,24.91,0.8641,100.0,-100.0,16103,8066,8037,22.56567720300565
M5,64,0.05,0.3,5,1.0,4.0,newyork,3375,18.79,0.8129,99.84,-99.82,17006,19.96,0.8636,100.0,-100.0,20381,10200,10181,21.0178450517639
M5,128,0.1,0.2,10,1.0,2.0,newyork,621,31.08,0.766,69.63,-69.16,3081,33.92,0.8634,97.03,-96.73,3702,1843,1859,8.814829821717991
M5,128,0.1,0.3,10,1.0,2.0,newyork,737,31.07,0.7674,76.07,-75.01,3561,33.89,0.8629,98.25,-98.11,4298,2144,2154,8.591344811540251
M5,64,0.1,0.2,10,1.5,3.0,all,2267,24.61,0.8586,95.87,-95.03,11737,24.85,0.8628,100.0,-100.0,14004,7007,6997,22.6485646958012
M5,128,0.05,0.2,10,1.5,3.0,all,1817,25.43,0.8974,88.33,-83.5,9944,24.83,0.8617,100.0,-100.0,11761,5898,5863,22.760955701045827
M5,64,0.1,0.3,10,1.0,3.0,newyork,858,23.08,0.7855,83.93,-81.47,4634,25.08,0.8615,99.8,-99.77,5492,2764,2728,14.493736343772762
M5,64,0.05,0.2,10,1.5,3.0,all,2605,24.49,0.8536,97.7,-97.15,13694,24.81,0.8615,100.0,-100.0,16299,8190,8109,22.815982575618136
M5,64,0.05,0.3,10,1.0,2.0,newyork,1007,33.07,0.8465,72.7,-71.17,5425,33.88,0.8612,99.79,-99.78,6432,3230,3202,8.453031716417911
M5,64,0.05,0.2,5,1.0,4.0,newyork,2922,18.69,0.8076,99.7,-99.64,14961,19.9,0.8608,100.0,-100.0,17883,8941,8942,20.985623217580944
M5,64,0.05,0.2,10,1.0,2.0,newyork,882,31.97,0.8051,74.83,-74.83,4758,33.86,0.8607,99.57,-99.54,5640,2831,2809,8.400000000000002
M5,64,0.1,0.2,10,1.0,3.0,newyork,752,22.34,0.7528,83.68,-81.73,4054,25.04,0.8603,99.63,-99.53,4806,2405,2401,14.662588431127755
M5,128,0.05,0.2,10,1.0,2.0,newyork,694,31.84,0.7933,68.59,-68.59,3448,33.82,0.8601,98.18,-98.01,4142,2071,2071,8.764896185417673
M5,64,0.1,0.2,5,1.0,4.0,london,3232,20.45,0.9006,98.09,-96.94,16874,19.91,0.8601,100.0,-100.0,20106,10022,10084,9.955326768128916
M5,64,0.05,0.3,10,1.5,2.0,all,3038,33.21,0.8556,97.17,-97.08,15570,33.6,0.8598,100.0,-100.0,18608,9336,9272,15.381631556319864
M5,128,0.05,0.2,10,1.5,2.0,all,1817,32.42,0.8268,92.1,-91.95,9944,33.58,0.8594,100.0,-100.0,11761,5898,5863,15.469101266899074
M5,128,0.05,0.3,10,1.5,3.0,all,2197,25.63,0.9071,92.67,-86.5,11583,24.79,0.8593,100.0,-100.0,13780,6916,6864,22.520283018867925
M5,64,0.05,0.3,10,1.5,4.0,all,3038,19.29,0.8527,99.16,-98.95,15570,19.52,0.8589,100.0,-100.0,18608,9336,9272,29.283673688736027
M5,64,0.1,0.2,10,1.0,2.0,newyork,752,32.71,0.8328,64.94,-63.57,4054,33.79,0.8585,99.15,-99.05,4806,2405,2401,8.309529754473575
M5,128,0.1,0.3,5,1.0,4.0,newyork,3096,19.48,0.8445,99.52,-99.27,16113,19.82,0.8572,100.0,-100.0,19209,9588,9621,20.942120880837106
M5,128,0.1,0.2,10,1.5,4.0,london,642,22.12,1.0423,44.14,9.53,3402,18.9,0.8571,99.38,-99.24,4044,2034,2010,25.412611275964395
M5,128,0.05,0.3,5,1.0,2.0,london,3639,34.41,0.8918,96.64,-96.08,18299,33.83,0.8567,100.0,-100.0,21938,10994,10944,4.350237031634607
M5,64,0.05,0.2,5,1.0,3.0,newyork,2922,23.65,0.8069,99.52,-99.45,14961,25.01,0.8563,100.0,-100.0,17883,8941,8942,14.68366045965442
M5,64,0.1,0.3,5,1.0,3.0,london,3775,25.48,0.8901,98.46,-98.18,19480,25.02,0.8561,100.0,-100.0,23255,11611,11644,7.002601591055687
M5,128,0.05,0.3,10,1.5,2.0,all,2197,32.91,0.8458,93.85,-93.41,11583,33.51,0.8557,100.0,-100.0,13780,6916,6864,15.268113207547168
M5,128,0.05,0.3,5,1.0,3.0,newyork,3070,23.68,0.8036,99.68,-99.62,15824,24.97,0.8556,100.0,-100.0,18894,9444,9450,14.588768921350693
M5,64,0.05,0.3,5,1.0,3.0,newyork,3375,23.79,0.8137,99.72,-99.7,17006,24.99,0.855,100.0,-100.0,20381,10200,10181,14.600642755507579
M5,128,0.05,0.2,10,1.5,3.0,asian,532,28.2,0.974,32.04,-18.04,3013,25.69,0.8548,98.66,-98.5,3545,1784,1761,12.460028208744712
M5,128,0.1,0.2,5,1.0,4.0,newyork,2579,19.5,0.8471,98.48,-98.23,13534,19.79,0.8547,100.0,-100.0,16113,8039,8074,20.791925774219575
M5,64,0.1,0.3,10,1.0,2.0,newyork,858,33.68,0.8705,64.26,-59.34,4634,33.71,0.8546,99.6,-99.58,5492,2764,2728,8.162490895848507
M5,64,0.1,0.3,5,1.0,4.0,newyork,3383,19.18,0.834,99.71,-99.66,17089,19.8,0.8546,100.0,-100.0,20472,10250,10222,20.884324931613914
M5,128,0.05,0.2,5,1.0,3.0,newyork,2574,23.66,0.8033,99.1,-99.07,13416,24.96,0.8541,100.0,-100.0,15990,7989,8001,14.406829268292684
M5,128,0.1,0.3,5,1.0,2.0,london,3677,34.32,0.8891,97.08,-96.48,18508,33.73,0.8527,100.0,-100.0,22185,11105,11080,4.35027721433401
M5,128,0.05,0.3,10,1.0,2.0,london,896,34.71,0.9053,56.01,-50.65,4621,33.72,0.8524,99.65,-99.6,5517,2779,2738,4.567518578937828
M5,64,0.05,0.2,5,1.0,3.0,london,3292,25.73,0.9012,96.34,-95.85,16942,24.93,0.8514,100.0,-100.0,20234,10094,10140,7.002382129089652
M5,64,0.1,0.2,10,1.5,4.0,all,2267,19.36,0.8574,96.98,-96.33,11737,19.4,0.8513,100.0,-100.0,14004,7007,6997,28.83237646386747
M5,128,0.1,0.3,10,1.5,3.0,all,1973,25.6,0.9049,89.24,-84.03,10153,24.62,0.8512,100.0,-100.0,12126,6067,6059,22.653562592775852
M5,128,0.1,0.2,10,1.5,2.0,all,1628,32.74,0.8376,88.22,-87.99,8645,33.35,0.8506,100.0,-100.0,10273,5132,5141,15.552457899347804
M5,64,0.05,0.2,10,1.5,2.0,all,2605,32.9,0.8434,96.33,-96.23,13694,33.34,0.8505,100.0,-100.0,16299,8190,8109,15.427860604945089
M5,64,0.1,0.2,5,1.0,4.0,newyork,2904,19.11,0.8301,99.4,-99.32,14895,19.7,0.8504,100.0,-100.0,17799,8896,8903,20.91842238327996
M5,128,0.05,0.2,5,1.5,4.0,all,8354,19.61,0.8629,100.0,-100.0,40102,19.46,0.8504,100.0,-100.0,48456,24250,24206,27.97587502063728
M5,64,0.05,0.2,10,1.5,4.0,all,2605,19.19,0.8477,98.61,-98.21,13694,19.36,0.8499,100.0,-100.0,16299,8190,8109,29.115982575618137
M5,128,0.1,0.2,10,1.5,3.0,all,1628,25.55,0.902,84.01,-78.84,8645,24.56,0.8493,100.0,-100.0,10273,5132,5141,22.90983159739122
M5,128,0.1,0.3,10,1.5,2.0,all,1973,33.05,0.8503,91.5,-90.68,10153,33.34,0.8489,100.0,-100.0,12126,6067,6059,15.351187530925284
M5,128,0.05,0.3,5,1.5,4.0,all,9956,19.78,0.8715,100.0,-100.0,47410,19.43,0.8488,100.0,-100.0,57366,28724,28642,27.97438203814106
M5,128,0.05,0.2,5,1.0,2.0,london,3026,34.34,0.8898,94.71,-93.52,15556,33.63,0.8487,100.0,-100.0,18582,9300,9282,4.334861694112583
M5,128,0.1,0.3,5,1.0,3.0,newyork,3096,23.87,0.812,99.62,-99.54,16113,24.8,0.8478,100.0,-100.0,19209,9588,9621,14.67435577073247
M5,64,0.05,0.3,5,1.5,3.0,all,10423,24.7,0.8587,100.0,-100.0,50349,24.62,0.8477,100.0,-100.0,60772,30414,30358,22.314245047061142
M5,128,0.05,0.2,10,1.5,4.0,all,1817,19.81,0.8758,93.02,-90.42,9944,19.34,0.8475,100.0,-100.0,11761,5898,5863,29.130056967944906
M5,64,0.1,0.2,5,1.0,3.0,newyork,2904,24.1,0.8261,99.18,-99.07,14895,24.81,0.8474,100.0,-100.0,17799,8896,8903,14.6
M5,64,0.1,0.3,10,1.5,2.0,all,2644,32.75,0.8374,96.95,-96.83,13459,33.29,0.8474,100.0,-100.0,16103,8066,8037,15.198515804508476
M5,64,0.1,0.2,10,1.5,2.0,all,2267,32.51,0.8276,95.81,-95.65,11737,33.28,0.8473,100.0,-100.0,14004,7007,6997,15.213317623536131
M5,128,0.05,0.2,5,1.5,3.0,all,8354,24.72,0.8598,100.0,-100.0,40102,24.59,0.847,100.0,-100.0,48456,24250,24206,22.062076935776787
M5,128,0.1,0.3,5,1.5,4.0,all,10045,19.63,0.8635,100.0,-100.0,48061,19.4,0.8469,100.0,-100.0,58106,29070,29036,28.057976801018828
M5,128,0.1,0.2,5,1.0,3.0,newyork,2579,23.81,0.8101,99.0,-98.92,13534,24.8,0.8465,100.0,-100.0,16113,8039,8074,14.491925774219574
M5,128,0.1,0.2,5,1.5,4.0,all,8397,19.45,0.854,100.0,-100.0,40280,19.39,0.8464,100.0,-100.0,48677,24339,24338,27.975744191301846
M5,128,0.05,0.3,5,1.5,3.0,all,9956,24.98,0.8716,100.0,-100.0,47410,24.58,0.8461,100.0,-100.0,57366,28724,28642,22.043802949482274
M5,64,0.1,0.2,5,1.0,3.0,london,3232,25.68,0.8992,96.56,-95.84,16874,24.8,0.8458,100.0,-100.0,20106,10022,10084,7.019625982293841
M5,64,0.1,0.3,5,1.0,3.0,newyork,3383,24.06,0.8245,99.64,-99.59,17089,24.78,0.8458,100.0,-100.0,20472,10250,10222,14.566949980461116
M5,64,0.1,0.3,10,1.5,4.0,all,2644,19.55,0.8679,97.8,-97.28,13459,19.3,0.8458,100.0,-100.0,16103,8066,8037,28.86567720300565
M5,128,0.1,0.2,5,1.0,2.0,london,3037,34.18,0.8841,95.56,-94.38,15593,33.55,0.8457,100.0,-100.0,18630,9319,9311,4.334793344068707
M5,128,0.1,0.3,5,1.5,3.0,all,10045,24.88,0.8668,100.0,-100.0,48061,24.55,0.8447,100.0,-100.0,58106,29070,29036,22.109838915086222
M5,128,0.05,0.3,10,1.5,4.0,all,2197,19.75,0.8725,95.86,-94.5,11583,19.28,0.8442,100.0,-100.0,13780,6916,6864,28.856509433962266
M5,64,0.05,0.2,5,1.5,3.0,all,8959,24.8,0.8633,100.0,-100.0,44032,24.52,0.8441,100.0,-100.0,52991,26532,26459,22.266186710950915
M5,64,0.1,0.3,5,1.5,3.0,all,10398,24.79,0.8629,100.0,-100.0,50722,24.54,0.8441,100.0,-100.0,61120,30582,30538,22.231950261780106
M5,128,0.1,0.2,5,1.5,3.0,all,8397,24.64,0.8559,100.0,-100.0,40280,24.5,0.8425,100.0,-100.0,48677,24339,24338,22.04474597859359
M5,64,0.05,0.3,5,1.5,4.0,all,10423,19.58,0.8611,100.0,-100.0,50349,19.3,0.842,100.0,-100.0,60772,30414,30358,28.331396037648915
M5,64,0.1,0.2,5,1.5,3.0,all,8891,24.86,0.8658,100.0,-100.0,43893,24.47,0.8417,100.0,-100.0,52784,26407,26377,22.249467641709607
M5,128,0.1,0.3,10,1.0,2.0,london,807,34.57,0.8991,54.83,-49.07,3991,33.43,0.8401,99.48,-99.43,4798,2413,2385,4.483180491871613
M5,128,0.05,0.2,10,1.0,2.0,london,720,35.14,0.9232,45.35,-37.63,3950,33.37,0.84,99.52,-99.4,4670,2354,2316,4.5383297644539615
M5,128,0.05,0.2,5,1.5,2.0,all,8354,32.68,0.831,100.0,-100.0,40102,33.16,0.84,100.0,-100.0,48456,24250,24206,14.848278850916296
M5,64,0.05,0.2,5,1.0,2.0,newyork,2922,32.58,0.8202,98.61,-98.54,14961,33.38,0.8397,100.0,-100.0,17883,8941,8942,8.367320919308842
M5,128,0.05,0.2,10,1.5,4.0,asian,532,21.8,0.9342,50.37,-34.64,3013,20.08,0.8394,99.4,-99.36,3545,1784,1761,15.105049365303245
M5,64,0.05,0.3,5,1.0,2.0,newyork,3375,32.62,0.8226,99.2,-99.19,17006,33.37,0.839,100.0,-100.0,20381,10200,10181,8.400642755507581
M5,64,0.05,0.2,5,1.5,4.0,all,8959,19.52,0.8582,100.0,-100.0,44032,19.23,0.8387,100.0,-100.0,52991,26532,26459,28.266186710950915
M5,128,0.05,0.3,5,1.5,2.0,all,9956,32.83,0.8367,100.0,-100.0,47410,33.13,0.8385,100.0,-100.0,57366,28724,28642,14.913223860823484
M5,128,0.1,0.2,10,1.5,3.0,asian,491,28.92,1.0049,28.23,-5.81,2606,25.33,0.8384,98.34,-98.19,3097,1556,1541,12.195124313852114
M5,128,0.1,0.3,5,1.5,2.0,all,10045,32.72,0.8324,100.0,-100.0,48061,33.12,0.838,100.0,-100.0,58106,29070,29036,14.99627577186521
M5,64,0.1,0.3,5,1.5,4.0,all,10398,19.66,0.8654,100.0,-100.0,50722,19.23,0.8379,100.0,-100.0,61120,30582,30538,28.24896269633508
M5,64,0.05,0.3,10,1.0,3.0,london,1262,25.44,0.8899,76.04,-73.79,6139,24.63,0.8378,99.99,-99.99,7401,3696,3705,6.797689501418727
M5,64,0.05,0.2,10,1.0,4.0,london,1087,20.33,0.8963,80.05,-70.24,5426,19.5,0.8372,99.99,-99.99,6513,3250,3263,9.599861814831874
M5,128,0.1,0.2,5,1.5,2.0,all,8397,32.58,0.8271,100.0,-100.0,40280,33.09,0.8372,100.0,-100.0,48677,24339,24338,14.930998212708259
M5,64,0.1,0.2,5,1.5,4.0,all,8891,19.62,0.8634,100.0,-100.0,43893,19.19,0.837,100.0,-100.0,52784,26407,26377,28.24946764170961
M5,128,0.05,0.2,5,1.5,3.0,asian,2971,25.31,0.8474,98.78,-98.67,13027,25.29,0.8364,100.0,-100.0,15998,8021,7977,12.711426428303536
M5,64,0.05,0.3,5,1.5,2.0,all,10423,33.13,0.8479,100.0,-100.0,50349,33.07,0.8362,100.0,-100.0,60772,30414,30358,15.08284900941223
M5,128,0.05,0.2,5,1.5,4.0,asian,2971,20.4,0.865,98.76,-98.57,13027,20.01,0.8356,100.0,-100.0,15998,8021,7977,15.392855356919616
M5,128,0.1,0.2,5,1.5,3.0,asian,2973,25.4,0.8506,98.68,-98.56,13095,25.27,0.8356,100.0,-100.0,16068,8058,8010,12.729518297236744
M5,128,0.1,0.2,10,1.0,2.0,london,642,34.89,0.9121,45.75,-37.76,3402,33.27,0.8351,99.1,-98.93,4044,2034,2010,4.468249258160237
M5,64,0.05,0.3,5,1.0,2.0,london,3826,33.56,0.8587,98.75,-98.74,19268,33.28,0.835,100.0,-100.0,23094,11529,11565,4.250298778903611
M5,128,0.05,0.2,10,1.5,2.0,asian,532,36.28,0.9167,34.46,-31.55,3013,34.22,0.8346,98.4,-98.31,3545,1784,1761,8.97503526093089
M5,64,0.1,0.3,5,1.0,2.0,newyork,3383,32.72,0.8259,99.15,-99.13,17089,33.25,0.8345,100.0,-100.0,20472,10250,10222,8.350424970691677
M5,64,0.1,0.2,5,1.0,2.0,newyork,2904,32.85,0.83,98.21,-98.12,14895,33.23,0.8342,100.0,-100.0,17799,8896,8903,8.383684476655992
M5,128,0.1,0.3,10,1.5,4.0,all,1973,19.61,0.8643,95.08,-93.62,10153,19.12,0.8341,100.0,-100.0,12126,6067,6059,28.888479300676234
M5,64,0.05,0.2,5,1.5,2.0,all,8959,33.05,0.8448,100.0,-100.0,44032,32.98,0.8335,100.0,-100.0,52991,26532,26459,15.116906644524542
M5,64,0.1,0.3,10,1.0,4.0,london,1078,20.22,0.8907,79.29,-71.54,5308,19.4,0.8331,99.99,-99.99,6386,3187,3199,9.7168806764798
M5,128,0.05,0.3,5,1.0,2.0,newyork,3070,32.87,0.8266,98.69,-98.63,15824,33.18,0.8328,100.0,-100.0,18894,9444,9450,8.421266010373664
M5,128,0.1,0.2,10,1.5,4.0,all,1628,19.59,0.8627,92.06,-89.93,8645,19.05,0.8325,100.0,-100.0,10273,5132,5141,29.330594762970897
M5,64,0.1,0.3,5,1.5,2.0,all,10398,33.0,0.8426,100.0,-100.0,50722,32.96,0.8323,100.0,-100.0,61120,30582,30538,15.1
M5,64,0.1,0.3,5,1.0,2.0,london,3775,33.27,0.8484,99.02,-99.02,19480,33.18,0.8315,100.0,-100.0,23255,11611,11644,4.251300795527843
M5,64,0.1,0.2,5,1.5,2.0,all,8891,32.97,0.8413,100.0,-100.0,43893,32.93,0.8313,100.0,-100.0,52784,26407,26377,15.01684411943013
M5,128,0.1,0.2,5,1.5,4.0,asian,2973,20.25,0.8566,99.02,-98.87,13095,19.92,0.8312,100.0,-100.0,16068,8058,8010,15.429518297236744
M5,128,0.1,0.3,5,1.0,2.0,newyork,3096,32.85,0.8259,98.79,-98.7,16113,33.1,0.8296,100.0,-100.0,19209,9588,9621,8.438825550523193
M5,128,0.05,0.2,5,1.0,2.0,newyork,2574,32.75,0.8226,97.48,-97.48,13416,33.09,0.8286,100.0,-100.0,15990,7989,8001,8.322926829268294
M5,128,0.1,0.3,5,1.5,3.0,asian,3535,25.54,0.8569,99.28,-99.21,15697,25.12,0.8283,100.0,-100.0,19232,9644,9588,12.791904118136438
M5,128,0.05,0.3,10,1.0,4.0,all,2197,19.71,0.8202,98.52,-98.31,11583,20.14,0.8279,100.0,-100.0,13780,6916,6864,13.320283018867924
M5,128,0.05,0.2,10,1.0,4.0,all,1817,19.37,0.8026,97.67,-97.48,9944,20.11,0.8272,100.0,-100.0,11761,5898,5863,13.40730380069722
M5,128,0.05,0.3,5,1.5,3.0,asian,3535,25.54,0.8573,99.27,-99.2,15517,25.1,0.8272,100.0,-100.0,19052,9550,9502,12.79277241234516
M5,64,0.05,0.3,10,1.0,4.0,all,3038,18.86,0.7762,99.92,-99.9,15570,20.09,0.8263,100.0,-100.0,18608,9336,9272,13.383673688736026
M5,128,0.05,0.3,5,1.5,4.0,asian,3535,20.37,0.8629,99.48,-99.4,15517,19.82,0.8252,100.0,-100.0,19052,9550,9502,15.492772412345163
M5,128,0.05,0.3,10,1.5,3.0,asian,642,27.73,0.9511,48.73,-30.33,3524,25.03,0.825,99.74,-99.71,4166,2095,2071,12.361641862698033
M5,128,0.1,0.2,5,1.0,2.0,newyork,2579,32.61,0.8177,97.77,-97.74,13534,32.98,0.824,100.0,-100.0,16113,8039,8074,8.339942903245827
M5,64,0.05,0.2,5,1.0,2.0,london,3292,33.66,0.8626,97.46,-97.44,16942,32.99,0.8237,100.0,-100.0,20234,10094,10140,4.26746070969655
M5,128,0.1,0.3,5,1.5,4.0,asian,3535,20.2,0.8536,99.62,-99.56,15697,19.78,0.8233,100.0,-100.0,19232,9644,9588,15.510284941763729
M5,64,0.05,0.3,10,1.0,2.0,london,1262,33.44,0.8573,79.4,-76.67,6139,32.9,0.8204,99.99,-99.99,7401,3696,3705,4.248844750709364
M5,64,0.1,0.2,5,1.0,2.0,london,3232,33.51,0.8573,97.63,-97.61,16874,32.88,0.82,100.0,-100.0,20106,10022,10084,4.267850392917537
M5,128,0.05,0.2,5,1.0,4.0,all,8354,19.74,0.8146,100.0,-100.0,40102,20.02,0.8186,100.0,-100.0,48456,24250,24206,13.013798084860491
M5,128,0.05,0.3,10,1.0,3.0,all,2197,24.08,0.7844,98.93,-98.85,11583,25.24,0.8185,100.0,-100.0,13780,6916,6864,10.015943396226415
M5,128,0.1,0.3,10,1.5,3.0,asian,582,28.35,0.9782,34.76,-17.95,3093,24.86,0.8173,99.56,-99.53,3675,1848,1827,12.195020408163264
M5,128,0.05,0.2,10,1.0,3.0,all,1817,23.61,0.7641,98.23,-98.23,9944,25.18,0.8167,100.0,-100.0,11761,5898,5863,10.115449366550463
M5,64,0.05,0.3,10,1.5,3.0,asian,950,25.79,0.8671,72.89,-70.42,4779,24.78,0.8163,99.98,-99.98,5729,2891,2838,13.332658404608132
M5,64,0.05,0.2,10,1.0,3.0,london,1087,25.67,0.9012,70.57,-65.0,5426,24.12,0.8148,99.99,-99.99,6513,3250,3263,6.683172117303853
M5,128,0.05,0.3,5,1.0,4.0,all,9956,19.86,0.8204,100.0,-100.0,47410,19.95,0.8144,100.0,-100.0,57366,28724,28642,13.013223860823484
M5,64,0.05,0.2,10,1.0,4.0,all,2605,18.66,0.7661,99.83,-99.8,13694,19.83,0.8136,100.0,-100.0,16299,8190,8109,13.384017424381865
M5,128,0.05,0.2,5,1.5,2.0,asian,2971,33.49,0.8185,98.82,-98.77,13027,33.67,0.8136,100.0,-100.0,15998,8021,7977,9.292855356919613
M5,128,0.1,0.2,10,1.5,4.0,asian,491,21.59,0.9187,46.95,-37.01,2606,19.57,0.8127,99.41,-99.34,3097,1556,1541,14.858540523086857
M5,128,0.1,0.2,5,1.0,4.0,all,8397,19.82,0.8182,100.0,-100.0,40280,19.9,0.8127,100.0,-100.0,48677,24339,24338,13.03099821270826
M5,64,0.1,0.3,10,1.0,4.0,all,2644,19.25,0.7957,99.69,-99.61,13459,19.83,0.812,100.0,-100.0,16103,8066,8037,13.249257902254238
M5,128,0.1,0.2,5,1.5,2.0,asian,2973,33.57,0.8207,98.77,-98.71,13095,33.6,0.8113,100.0,-100.0,16068,8058,8010,9.31101568334578
M5,128,0.05,0.3,10,1.5,2.0,asian,642,35.67,0.8924,46.18,-43.79,3524,33.6,0.8112,99.59,-99.57,4166,2095,2071,9.046231397023524
M5,128,0.1,0.2,10,1.5,2.0,asian,491,37.07,0.9437,25.55,-22.24,2606,33.58,0.8107,98.32,-98.23,3097,1556,1541,8.826832418469486
M5,128,0.1,0.3,5,1.0,4.0,all,10045,19.96,0.8256,100.0,-100.0,48061,19.86,0.81,100.0,-100.0,58106,29070,29036,13.01356314322101
M5,64,0.05,0.3,10,1.5,2.0,asian,950,34.11,0.8391,72.97,-71.34,4779,33.48,0.8096,99.94,-99.94,5729,2891,2838,9.616076104032118
M5,64,0.1,0.2,10,1.0,4.0,all,2267,18.97,0.7811,99.52,-99.38,11737,19.75,0.8085,100.0,-100.0,14004,7007,6997,13.316188231933733
M5,64,0.1,0.2,10,1.5,3.0,asian,727,25.45,0.8522,67.38,-64.21,3635,24.59,0.8084,99.86,-99.86,4362,2189,2173,13.416666666666666
M5,128,0.1,0.2,10,1.0,4.0,all,1628,19.59,0.8123,96.12,-95.71,8645,19.75,0.8084,100.0,-100.0,10273,5132,5141,13.652457899347805
M5,64,0.05,0.3,10,1.0,3.0,all,3038,24.13,0.7842,99.81,-99.79,15570,24.98,0.8083,100.0,-100.0,18608,9336,9272,9.9
M5,128,0.1,0.3,10,1.0,4.0,all,1973,20.07,0.8382,96.95,-96.43,10153,19.76,0.8078,100.0,-100.0,12126,6067,6059,13.53491670790038
M5,64,0.05,0.2,10,1.5,3.0,asian,808,25.5,0.8538,70.41,-67.72,4188,24.55,0.8072,99.95,-99.95,4996,2532,2464,13.361729383506805
M5,128,0.05,0.3,10,1.5,4.0,asian,642,21.34,0.9085,61.35,-48.43,3524,19.44,0.8056,99.92,-99.91,4166,2095,2071,15.092462794047046
M5,64,0.1,0.2,10,1.0,4.0,london,934,20.66,0.9147,72.68,-58.93,4622,18.89,0.8052,99.99,-99.99,5556,2763,2793,9.68318934485241
M5,64,0.1,0.3,10,1.0,3.0,london,1078,25.05,0.8725,77.48,-72.83,5308,23.89,0.8052,99.99,-99.99,6386,3187,3199,6.932477294080802
M5,64,0.1,0.2,5,1.5,4.0,asian,2975,19.83,0.8305,99.61,-99.47,14301,19.4,0.8052,100.0,-100.0,17276,8675,8601,15.268881685575362
M5,128,0.1,0.3,5,1.5,2.0,asian,3535,33.58,0.8206,99.46,-99.43,15697,33.45,0.8052,100.0,-100.0,19232,9644,9588,9.310284941763728
M5,128,0.1,0.2,10,1.0,3.0,all,1628,24.26,0.7901,96.12,-96.01,8645,24.9,0.8047,100.0,-100.0,10273,5132,5141,10.247542100652195
M5,128,0.05,0.3,5,1.5,2.0,asian,3535,33.55,0.82,99.47,-99.44,15517,33.41,0.8036,100.0,-100.0,19052,9550,9502,9.29277241234516
M5,64,0.05,0.3,5,1.0,4.0,all,10423,19.57,0.8062,100.0,-100.0,50349,19.72,0.8033,100.0,-100.0,60772,30414,30358,13.148547028236688
M5,64,0.05,0.2,5,1.0,4.0,all,8959,19.51,0.8031,100.0,-100.0,44032,19.71,0.8031,100.0,-100.0,52991,26532,26459,13.166186710950917
M5,64,0.1,0.2,5,1.5,3.0,asian,2975,25.38,0.8438,99.0,-98.82,14301,24.49,0.8028,100.0,-100.0,17276,8675,8601,12.71722042139384
M5,128,0.1,0.3,10,1.0,3.0,all,1973,24.73,0.8118,97.33,-97.02,10153,24.89,0.8025,100.0,-100.0,12126,6067,6059,10.032541646049811
M5,128,0.05,0.2,5,1.0,3.0,all,8354,24.52,0.7952,100.0,-100.0,40102,24.94,0.8024,100.0,-100.0,48456,24250,24206,9.631038467888393
M5,128,0.05,0.2,10,1.0,4.0,asian,532,21.62,0.8506,62.0,-58.2,3013,20.71,0.8019,99.84,-99.84,3545,1784,1761,7.805049365303244
M5,64,0.1,0.2,5,1.0,4.0,all,8891,19.62,0.8084,100.0,-100.0,43893,19.65,0.8002,100.0,-100.0,52784,26407,26377,13.183155880569869
M5,128,0.05,0.3,5,1.0,3.0,all,9956,24.56,0.7968,100.0,-100.0,47410,24.9,0.8001,100.0,-100.0,57366,28724,28642,9.647934316494089
M5,64,0.05,0.3,10,1.5,4.0,asian,950,20.53,0.8715,76.86,-72.76,4779,19.27,0.7999,99.99,-99.99,5729,2891,2838,16.06582300576017
M5,64,0.05,0.3,5,1.5,4.0,asian,3474,19.83,0.8308,99.84,-99.77,16428,19.3,0.7997,100.0,-100.0,19902,10009,9893,15.434911064214653
M5,64,0.05,0.3,5,1.5,3.0,asian,3474,25.27,0.8397,99.62,-99.5,16428,24.42,0.7995,100.0,-100.0,19902,10009,9893,12.817455532107328
M5,64,0.05,0.2,5,1.5,3.0,asian,2992,25.33,0.8418,99.16,-98.91,14294,24.41,0.7994,100.0,-100.0,17286,8701,8585,12.734617609626286
M5,64,0.1,0.2,10,1.5,2.0,asian,727,32.6,0.7847,73.61,-72.2,3635,33.18,0.7988,99.76,-99.75,4362,2189,2173,9.783333333333333
M5,64,0.1,0.3,5,1.0,4.0,all,10398,19.69,0.8122,100.0,-100.0,50722,19.63,0.7986,100.0,-100.0,61120,30582,30538,13.16597513089005
M5,128,0.1,0.2,5,1.0,3.0,all,8397,24.63,0.7997,100.0,-100.0,40280,24.84,0.798,100.0,-100.0,48677,24339,24338,9.648248659531195
M5,64,0.1,0.3,10,1.5,3.0,asian,851,25.5,0.8545,72.15,-69.44,4182,24.37,0.7977,99.97,-99.97,5033,2524,2509,13.301450427180608
M5,64,0.05,0.2,5,1.5,4.0,asian,2992,19.79,0.828,99.67,-99.52,14294,19.25,0.7977,100.0,-100.0,17286,8701,8585,15.269235219252574
M5,64,0.1,0.3,5,1.5,4.0,asian,3461,19.76,0.8274,99.86,-99.79,16547,19.25,0.7972,100.0,-100.0,20008,10047,9961,15.351894242303079
M5,128,0.1,0.3,5,1.0,3.0,all,10045,24.68,0.8019,100.0,-100.0,48061,24.82,0.7968,100.0,-100.0,58106,29070,29036,9.648137885932606
M5,128,0.1,0.3,10,1.5,2.0,asian,582,36.6,0.9259,34.21,-31.29,3093,33.2,0.7966,99.45,-99.42,3675,1848,1827,8.895020408163266
M5,64,0.1,0.3,10,1.5,2.0,asian,851,33.02,0.7998,76.4,-75.14,4182,33.14,0.7966,99.91,-99.91,5033,2524,2509,9.552175640770914
M5,64,0.1,0.3,5,1.5,3.0,asian,3461,25.28,0.8403,99.58,-99.48,16547,24.35,0.7965,100.0,-100.0,20008,10047,9961,12.8
M5,64,0.05,0.2,10,1.0,3.0,all,2605,23.69,0.7653,99.71,-99.69,13694,24.69,0.7962,100.0,-100.0,16299,8190,8109,9.931965151236273
M5,64,0.05,0.3,5,1.0,3.0,all,10423,24.65,0.8009,100.0,-100.0,50349,24.8,0.7961,100.0,-100.0,60772,30414,30358,9.765698018824459
M5,64,0.1,0.3,10,1.0,3.0,all,2644,24.24,0.7885,99.55,-99.49,13459,24.72,0.796,100.0,-100.0,16103,8066,8037,9.749257902254238
M5,64,0.1,0.2,10,1.5,4.0,asian,727,20.5,0.8708,68.72,-63.19,3635,19.2,0.7958,99.95,-99.95,4362,2189,2173,15.883333333333335
M5,64,0.05,0.2,5,1.0,3.0,all,8959,24.57,0.7974,100.0,-100.0,44032,24.77,0.7955,100.0,-100.0,52991,26532,26459,9.8
M5,64,0.05,0.2,10,1.5,2.0,asian,808,33.42,0.8136,72.42,-70.76,4188,33.02,0.7942,99.92,-99.91,4996,2532,2464,9.777902321857486
M5,64,0.1,0.2,5,1.0,3.0,all,8891,24.63,0.7998,100.0,-100.0,43893,24.73,0.794,100.0,-100.0,52784,26407,26377,9.71684411943013
M5,64,0.05,0.2,10,1.0,2.0,london,1087,33.21,0.849,75.81,-73.39,5426,32.2,0.7939,99.99,-99.99,6513,3250,3263,4.249930907415937
M5,64,0.05,0.3,5,1.5,2.0,asian,3474,33.42,0.8091,99.6,-99.56,16428,33.08,0.7938,100.0,-100.0,19902,10009,9893,9.334911064214653
M5,64,0.1,0.3,10,1.0,2.0,london,1078,32.65,0.8283,78.83,-77.45,5308,32.16,0.7936,99.99,-99.99,6386,3187,3199,4.2662386470404
M5,64,0.1,0.2,5,1.5,2.0,asian,2975,33.01,0.7936,99.4,-99.34,14301,33.04,0.7928,100.0,-100.0,17276,8675,8601,9.351661264181525
M5,64,0.1,0.2,10,1.0,3.0,all,2267,23.73,0.7661,99.38,-99.33,11737,24.62,0.7924,100.0,-100.0,14004,7007,6997,9.832376463867467
M5,64,0.1,0.3,5,1.5,2.0,asian,3461,33.14,0.7992,99.68,-99.66,16547,33.03,0.792,100.0,-100.0,20008,10047,9961,9.334596161535385
M5,64,0.1,0.3,5,1.0,3.0,all,10398,24.7,0.8029,100.0,-100.0,50722,24.69,0.7918,100.0,-100.0,61120,30582,30538,9.7
M5,128,0.1,0.3,10,1.5,4.0,asian,582,21.48,0.9135,55.08,-43.74,3093,19.17,0.7916,99.87,-99.86,3675,1848,1827,14.92669387755102
M5,64,0.05,0.3,10,1.0,2.0,all,3038,33.31,0.799,99.38,-99.33,15570,33.44,0.7889,100.0,-100.0,18608,9336,9272,6.2
M5,128,0.05,0.2,10,1.0,2.0,all,1817,33.57,0.8108,94.03,-94.0,9944,33.46,0.7889,100.0,-100.0,11761,5898,5863,6.322753167247684
M5,128,0.05,0.2,5,1.0,4.0,asian,2971,20.53,0.8058,99.8,-99.79,13027,20.45,0.7888,100.0,-100.0,15998,8021,7977,7.911426428303538
M5,64,0.05,0.2,5,1.5,2.0,asian,2992,33.19,0.8,99.36,-99.25,14294,32.91,0.7882,100.0,-100.0,17286,8701,8585,9.351926414439433
M5,128,0.1,0.2,5,1.0,4.0,asian,2973,20.69,0.8126,99.76,-99.75,13095,20.4,0.7868,100.0,-100.0,16068,8058,8010,7.9295182972367435
M5,128,0.05,0.3,10,1.0,2.0,all,2197,33.77,0.8185,96.35,-96.18,11583,33.42,0.7865,100.0,-100.0,13780,6916,6864,6.220283018867924
M5,64,0.1,0.2,10,1.0,3.0,london,934,25.59,0.8974,69.08,-60.64,4622,23.45,0.7853,99.99,-99.99,5556,2763,2793,6.8159467242620595
M5,64,0.05,0.2,10,1.5,4.0,asian,808,20.17,0.853,75.54,-71.2,4188,18.96,0.7848,99.99,-99.99,4996,2532,2464,16.01024819855885
M5,128,0.1,0.2,10,1.0,2.0,all,1628,33.97,0.823,90.71,-90.53,8645,33.29,0.7829,100.0,-100.0,10273,5132,5141,6.352457899347805
M5,128,0.1,0.2,10,1.0,4.0,asian,491,22.4,0.8854,52.08,-47.29,2606,20.3,0.7816,99.77,-99.77,3097,1556,1541,7.69024862770423
M5,64,0.1,0.3,10,1.5,4.0,asian,851,20.68,0.8805,71.56,-66.53,4182,18.94,0.7816,99.99,-99.99,5033,2524,2509,15.852175640770913
M5,64,0.05,0.2,10,1.0,2.0,all,2605,33.13,0.7923,98.86,-98.82,13694,33.21,0.7813,100.0,-100.0,16299,8190,8109,6.2
M5,128,0.05,0.2,5,1.0,2.0,all,8354,33.35,0.793,100.0,-100.0,40102,33.33,0.7802,100.0,-100.0,48456,24250,24206,6.065519233944197
M5,64,0.1,0.2,10,1.0,4.0,asian,727,20.36,0.7956,82.38,-79.57,3635,20.19,0.7798,99.98,-99.98,4362,2189,2173,8.466666666666669
M5,128,0.05,0.3,5,1.0,2.0,all,9956,33.54,0.7997,100.0,-100.0,47410,33.32,0.7795,100.0,-100.0,57366,28724,28642,6.147934316494091
M5,128,0.05,0.3,10,1.0,4.0,asian,642,20.87,0.8131,74.46,-72.51,3524,20.23,0.7782,99.98,-99.98,4166,2095,2071,7.707873259721556
M5,64,0.1,0.3,10,1.0,2.0,all,2644,32.94,0.785,99.1,-99.06,13459,33.16,0.778,100.0,-100.0,16103,8066,8037,6.132838601502825
M5,64,0.05,0.3,5,1.0,2.0,all,10423,33.17,0.7865,100.0,-100.0,50349,33.26,0.7778,100.0,-100.0,60772,30414,30358,6.182849009412229
M5,128,0.1,0.2,5,1.0,2.0,all,8397,33.39,0.7941,100.0,-100.0,40280,33.24,0.777,100.0,-100.0,48677,24339,24338,6.06549910635413
M5,128,0.1,0.3,5,1.0,2.0,all,10045,33.61,0.8021,100.0,-100.0,48061,33.25,0.7769,100.0,-100.0,58106,29070,29036,6.148137885932606
M5,64,0.05,0.2,5,1.0,2.0,all,8959,33.32,0.7916,100.0,-100.0,44032,33.19,0.7762,100.0,-100.0,52991,26532,26459,6.1169066445245415
M5,128,0.1,0.3,10,1.0,2.0,all,1973,34.21,0.8335,93.61,-93.22,10153,33.13,0.7757,100.0,-100.0,12126,6067,6059,6.251187530925284
M5,64,0.1,0.3,5,1.0,2.0,all,10398,33.02,0.7812,100.0,-100.0,50722,33.17,0.775,100.0,-100.0,61120,30582,30538,6.099999999999999
M5,128,0.05,0.3,5,1.0,4.0,asian,3535,20.34,0.7955,99.96,-99.96,15517,20.18,0.775,100.0,-100.0,19052,9550,9502,7.929881377283223
M5,128,0.1,0.3,5,1.0,4.0,asian,3535,20.42,0.7991,99.95,-99.95,15697,20.17,0.7747,100.0,-100.0,19232,9644,9588,7.928665765391014
M5,64,0.1,0.2,5,1.0,2.0,all,8891,33.22,0.7882,100.0,-100.0,43893,33.1,0.7729,100.0,-100.0,52784,26407,26377,6.13368823886026
M5,64,0.1,0.2,10,1.0,2.0,all,2267,32.77,0.7784,98.46,-98.4,11737,32.94,0.7708,100.0,-100.0,14004,7007,6997,6.164752927734932
M5,128,0.05,0.2,10,1.0,3.0,asian,532,26.69,0.8256,62.8,-59.91,3013,25.36,0.7663,99.91,-99.9,3545,1784,1761,6.105049365303245
M5,64,0.1,0.3,10,1.0,4.0,asian,851,20.68,0.8113,84.6,-82.15,4182,19.89,0.7645,100.0,-100.0,5033,2524,2509,8.369084045301012
M5,64,0.1,0.2,10,1.0,3.0,asian,727,24.76,0.7533,84.56,-82.63,3635,25.23,0.7644,99.98,-99.98,4362,2189,2173,6.566666666666666
M5,128,0.1,0.3,10,1.0,4.0,asian,582,21.65,0.8484,65.79,-62.04,3093,19.95,0.764,99.96,-99.96,3675,1848,1827,7.590040816326531
M5,64,0.1,0.2,10,1.0,2.0,london,934,32.87,0.8359,73.5,-70.9,4622,31.35,0.7638,99.99,-99.99,5556,2763,2793,4.283189344852412
M5,128,0.05,0.2,5,1.0,3.0,asian,2971,25.35,0.7792,99.85,-99.83,13027,25.3,0.7637,100.0,-100.0,15998,8021,7977,6.1928553569196145
M5,64,0.1,0.2,5,1.0,4.0,asian,2975,20.24,0.7831,99.92,-99.9,14301,19.87,0.7631,100.0,-100.0,17276,8675,8601,8.068881685575365
M5,128,0.1,0.2,5,1.0,3.0,asian,2973,25.56,0.7873,99.81,-99.79,13095,25.21,0.7602,100.0,-100.0,16068,8058,8010,6.211015683345781
M5,64,0.05,0.3,10,1.0,4.0,asian,950,20.53,0.8032,88.37,-86.51,4779,19.73,0.7576,100.0,-100.0,5729,2891,2838,8.182405306336184
M5,128,0.05,0.2,10,1.0,2.0,asian,532,34.96,0.7791,63.99,-62.69,3013,34.42,0.7568,99.82,-99.8,3545,1784,1761,4.175035260930889
M5,64,0.1,0.3,10,1.0,3.0,asian,851,25.38,0.7787,85.87,-84.11,4182,25.04,0.7555,100.0,-100.0,5033,2524,2509,6.535267236240811
M5,64,0.1,0.2,5,1.0,3.0,asian,2975,25.01,0.7565,99.93,-99.92,14301,25.03,0.7552,100.0,-100.0,17276,8675,8601,6.286102106969206
M5,64,0.05,0.2,10,1.0,4.0,asian,808,20.05,0.78,87.03,-84.96,4188,19.63,0.7537,100.0,-100.0,4996,2532,2464,8.277902321857486
M5,64,0.05,0.2,5,1.0,4.0,asian,2992,20.19,0.7807,99.93,-99.91,14294,19.66,0.7529,100.0,-100.0,17286,8701,8585,8.069235219252574
M5,128,0.05,0.3,5,1.0,3.0,asian,3535,25.04,0.7656,99.97,-99.97,15517,25.03,0.7521,100.0,-100.0,19052,9550,9502,6.292772412345161
M5,64,0.1,0.3,5,1.0,4.0,asian,3461,20.25,0.7848,99.97,-99.97,16547,19.64,0.7517,100.0,-100.0,20008,10047,9961,8.051894242303078
M5,128,0.1,0.3,5,1.0,3.0,asian,3535,25.21,0.772,99.96,-99.96,15697,25.02,0.7516,100.0,-100.0,19232,9644,9588,6.210284941763727
M5,64,0.1,0.3,5,1.0,3.0,asian,3461,24.91,0.7533,99.98,-99.98,16547,24.87,0.7485,100.0,-100.0,20008,10047,9961,6.334596161535385
M5,64,0.05,0.3,5,1.0,4.0,asian,3474,20.24,0.7837,99.97,-99.97,16428,19.58,0.7484,100.0,-100.0,19902,10009,9893,8.052366596321978
M5,128,0.05,0.3,10,1.0,3.0,asian,642,26.01,0.7969,74.18,-72.17,3524,24.91,0.7479,99.98,-99.98,4166,2095,2071,6.061641862698031
M5,64,0.05,0.3,10,1.0,3.0,asian,950,25.68,0.7905,87.34,-85.71,4779,24.82,0.7477,100.0,-100.0,5729,2891,2838,6.432658404608134
M5,64,0.1,0.2,10,1.0,2.0,asian,727,34.25,0.7643,77.36,-76.46,3635,34.0,0.7467,99.96,-99.96,4362,2189,2173,4.3500000000000005
M5,64,0.05,0.3,5,1.0,3.0,asian,3474,25.04,0.7586,99.98,-99.97,16428,24.8,0.7452,100.0,-100.0,19902,10009,9893,6.269822128429303
M5,64,0.05,0.2,5,1.0,3.0,asian,2992,25.13,0.7615,99.92,-99.91,14294,24.78,0.7451,100.0,-100.0,17286,8701,8585,6.286544024065718
M5,64,0.1,0.3,10,1.0,2.0,asian,851,34.08,0.7583,83.08,-82.4,4182,33.96,0.7439,99.99,-99.99,5033,2524,2509,4.31835883171071
M5,128,0.05,0.2,5,1.0,2.0,asian,2971,34.3,0.7679,99.71,-99.7,13027,33.94,0.74,100.0,-100.0,15998,8021,7977,4.174284285535692
M5,128,0.1,0.2,10,1.0,3.0,asian,491,27.7,0.8633,52.69,-49.01,2606,24.67,0.7385,99.88,-99.88,3097,1556,1541,6.058540523086859
M5,64,0.05,0.2,10,1.0,3.0,asian,808,25.12,0.7675,85.71,-84.04,4188,24.55,0.7382,100.0,-100.0,4996,2532,2464,6.461729383506804
M5,128,0.1,0.2,10,1.0,2.0,asian,491,35.85,0.8039,56.91,-55.35,2606,33.84,0.7374,99.73,-99.71,3097,1556,1541,4.110978366160801
M5,64,0.05,0.3,10,1.0,2.0,asian,950,35.16,0.7948,81.69,-80.58,4779,33.71,0.7369,100.0,-100.0,5729,2891,2838,4.299493803456101
M5,128,0.05,0.3,10,1.0,2.0,asian,642,34.89,0.7767,71.12,-70.07,3524,33.8,0.7355,99.97,-99.96,4166,2095,2071,4.115410465674508
M5,128,0.1,0.2,5,1.0,2.0,asian,2973,34.48,0.773,99.67,-99.66,13095,33.76,0.7345,100.0,-100.0,16068,8058,8010,4.192513069454816
M5,64,0.1,0.2,5,1.0,2.0,asian,2975,33.75,0.7394,99.87,-99.86,14301,33.61,0.7322,100.0,-100.0,17276,8675,8601,4.268881685575365
M5,64,0.1,0.3,5,1.0,2.0,asian,3461,33.31,0.7261,99.97,-99.97,16547,33.58,0.7309,100.0,-100.0,20008,10047,9961,4.251894242303079
M5,128,0.05,0.3,5,1.0,2.0,asian,3535,34.37,0.7695,99.9,-99.9,15517,33.66,0.7302,100.0,-100.0,19052,9550,9502,4.2556634474070965
M5,64,0.05,0.2,10,1.0,2.0,asian,808,35.27,0.7988,75.92,-74.5,4188,33.43,0.729,99.99,-99.99,4996,2532,2464,4.313210568454765
M5,64,0.05,0.3,5,1.0,2.0,asian,3474,33.77,0.7408,99.96,-99.95,16428,33.51,0.7282,100.0,-100.0,19902,10009,9893,4.252366596321978
M5,128,0.1,0.3,5,1.0,2.0,asian,3535,34.54,0.7747,99.88,-99.88,15697,33.57,0.7272,100.0,-100.0,19232,9644,9588,4.173523294509152
M5,128,0.1,0.3,10,1.0,3.0,asian,582,27.15,0.841,62.98,-60.11,3093,24.38,0.726,99.98,-99.98,3675,1848,1827,5.92669387755102
M5,64,0.05,0.2,5,1.0,2.0,asian,2992,34.16,0.753,99.83,-99.81,14294,33.42,0.726,100.0,-100.0,17286,8701,8585,4.269235219252574
M5,128,0.1,0.3,10,1.0,2.0,asian,582,36.25,0.8202,59.89,-58.44,3093,33.33,0.7198,99.94,-99.94,3675,1848,1827,4.06334693877551
