tf,fp,tol,lb,rr,session_label,filter_mode,fft_n,delta,min_period,fft_pct,train_trades,train_win_rate,train_profit_factor,train_max_drawdown_pct,train_pnl_pct,train_longs,train_shorts,oos_trades,oos_win_rate,oos_profit_factor,oos_max_drawdown_pct,oos_pnl_pct,oos_longs,oos_shorts,delta_pf,base_pf,base_dd,base_trades,pf_gain,dd_gain,valid
M1,5,0.3,30,2.0,newyork,baseline,0,0.0,0,0.0,15401,26.5,0.9341,99.98,-99.91,7350,8051,72753,28.61,1.0296,98.53,33516.41,35151,37602,0.0955,1.0296,98.53,72753,0.0,0.0,True
M1,5,0.3,30,2.0,newyork,full_confl,64,0.05,5,50.0,2089,24.99,0.8481,90.59,-86.93,982,1107,9865,28.73,1.0198,78.37,29.81,4977,4888,0.1717,1.0296,98.53,72753,-0.0098,20.16,True
M1,5,0.5,30,2.0,newyork,baseline,0,0.0,0,0.0,24217,26.94,0.9599,99.99,-99.94,11612,12605,114186,28.28,1.0187,99.64,862.35,55180,59006,0.0588,1.0187,99.64,114186,0.0,0.0,True
M1,5,0.3,30,2.0,newyork,full_confl,64,0.03,5,53.2,2179,24.97,0.8441,92.31,-88.72,1034,1145,10426,28.63,1.015,81.56,-0.52,5257,5169,0.1709,1.0296,98.53,72753,-0.0146,16.97,True
M1,5,1.0,30,2.0,newyork,full_confl,64,0.05,5,50.0,6281,27.19,0.9633,95.54,-83.73,2996,3285,29700,28.2,1.0078,99.63,-69.87,14765,14935,0.0445,1.0078,100.0,220033,0.0,0.37,True
M1,5,1.0,30,2.0,newyork,baseline,0,0.0,0,0.0,46511,26.77,0.9597,100.0,-100.0,22355,24156,220033,28.0,1.0078,100.0,-99.98,106271,113762,0.0481,1.0078,100.0,220033,0.0,0.0,True
M1,5,1.0,30,2.0,newyork,full_confl,64,0.03,5,53.2,6587,27.28,0.9646,96.09,-84.47,3146,3441,31296,28.17,1.0073,99.73,-73.84,15537,15759,0.0427,1.0078,100.0,220033,-0.0005,0.27,True
M1,5,0.3,70,2.0,asian,fft_cycle,64,0.03,5,53.2,5754,29.02,0.9721,88.31,-76.84,2853,2901,28328,29.79,1.0034,96.7,-85.52,14221,14107,0.0313,0.9799,100.0,127536,0.0235,3.3,True
M1,5,0.3,70,2.0,asian,fft_cycle,64,0.05,5,50.0,5754,29.02,0.9721,88.31,-76.84,2853,2901,28328,29.79,1.0034,96.7,-85.52,14221,14107,0.0313,0.9799,100.0,127536,0.0235,3.3,True
M1,5,0.5,30,2.0,newyork,full_confl,64,0.05,5,50.0,3276,26.25,0.9159,90.52,-84.19,1547,1729,15452,28.25,1.0014,94.34,-69.28,7775,7677,0.0855,1.0187,99.64,114186,-0.0173,5.3,True
M1,5,1.0,30,2.0,newyork,fft_cycle,64,0.03,5,53.2,9520,27.36,0.9746,98.54,-88.27,4584,4936,45879,27.98,1.0006,99.99,-97.47,22730,23149,0.026,1.0078,100.0,220033,-0.0072,0.01,True
M1,5,1.0,30,2.0,newyork,fft_cycle,64,0.05,5,50.0,9520,27.36,0.9746,98.54,-88.27,4584,4936,45879,27.98,1.0006,99.99,-97.47,22730,23149,0.026,1.0078,100.0,220033,-0.0072,0.01,True
M1,5,0.3,30,2.0,newyork,fft_cycle,64,0.03,5,53.2,3166,25.77,0.8899,94.4,-89.7,1533,1633,15163,28.25,1.0004,94.77,-71.25,7600,7563,0.1105,1.0296,98.53,72753,-0.0292,3.76,True
M1,5,0.3,30,2.0,newyork,fft_cycle,64,0.05,5,50.0,3166,25.77,0.8899,94.4,-89.7,1533,1633,15163,28.25,1.0004,94.77,-71.25,7600,7563,0.1105,1.0296,98.53,72753,-0.0292,3.76,True
M1,5,0.5,30,2.0,newyork,full_confl,64,0.03,5,53.2,3432,26.25,0.9119,92.82,-86.7,1631,1801,16307,28.19,0.9985,95.19,-77.93,8200,8107,0.0866,1.0187,99.64,114186,-0.0202,4.45,True
M1,5,0.5,30,2.0,newyork,fft_cycle,64,0.03,5,53.2,4976,26.55,0.9356,95.88,-89.17,2383,2593,23759,28.01,0.9952,99.11,-92.77,11890,11869,0.0596,1.0187,99.64,114186,-0.0235,0.53,True
M1,5,0.5,30,2.0,newyork,fft_cycle,64,0.05,5,50.0,4976,26.55,0.9356,95.88,-89.17,2383,2593,23759,28.01,0.9952,99.11,-92.77,11890,11869,0.0596,1.0187,99.64,114186,-0.0235,0.53,True
M1,5,0.3,70,2.0,newyork,full_confl,64,0.05,5,50.0,3578,25.43,0.87,97.78,-95.05,1712,1866,17304,28.01,0.9931,96.59,-87.97,8617,8687,0.1231,0.9882,100.0,128504,0.0049,3.41,True
M1,5,0.3,30,2.0,asian,full_confl,64,0.03,5,53.2,2259,29.31,1.0046,62.19,-12.8,1120,1139,11101,29.52,0.9929,93.4,-76.52,5537,5564,-0.0117,0.9799,100.0,71276,0.013,6.6,True
M1,5,0.3,30,2.0,newyork,full_confl,64,0.05,10,50.0,796,24.5,0.8108,68.37,-62.19,376,420,4187,28.54,0.9925,67.89,-41.55,2141,2046,0.1817,1.0296,98.53,72753,-0.0371,30.64,True
M1,5,0.3,30,2.0,asian,full_confl,64,0.05,5,50.0,2151,29.2,0.9976,65.96,-19.53,1062,1089,10562,29.54,0.9924,92.03,-75.64,5279,5283,-0.0052,0.9799,100.0,71276,0.0125,7.97,True
M1,5,1.0,70,2.0,newyork,full_confl,64,0.05,5,50.0,9633,27.04,0.9537,99.58,-96.38,4633,5000,46060,27.91,0.9913,99.98,-99.77,22852,23208,0.0376,0.9797,100.0,340144,0.0116,0.02,True
M1,5,0.3,70,2.0,asian,full_confl,64,0.03,5,53.2,4120,28.91,0.9722,79.47,-64.6,2063,2057,19899,29.61,0.9912,98.78,-93.99,10005,9894,0.019,0.9799,100.0,127536,0.0113,1.22,True
M1,5,1.0,70,2.0,newyork,full_confl,64,0.03,5,53.2,10103,27.24,0.9604,99.65,-95.5,4882,5221,48481,27.86,0.9897,99.99,-99.89,24044,24437,0.0293,0.9797,100.0,340144,0.01,0.01,True
M1,5,0.3,70,2.0,newyork,full_confl,64,0.03,5,53.2,3736,25.7,0.8795,97.91,-94.66,1805,1931,18253,27.94,0.9887,97.57,-93.25,9095,9158,0.1092,0.9882,100.0,128504,0.0005,2.43,True
M1,5,0.3,70,2.0,asian,full_confl,64,0.05,5,50.0,3935,28.92,0.9731,81.24,-62.18,1968,1967,18929,29.57,0.9883,98.77,-95.05,9532,9397,0.0152,0.9799,100.0,127536,0.0084,1.23,True
M1,5,0.5,70,2.0,asian,fft_cycle,64,0.03,5,53.2,8962,28.69,0.9642,96.93,-93.18,4478,4484,43600,29.48,0.9883,99.94,-99.9,21877,21723,0.0241,0.9755,100.0,195824,0.0128,0.06,True
M1,5,0.5,70,2.0,asian,fft_cycle,64,0.05,5,50.0,8962,28.69,0.9642,96.93,-93.18,4478,4484,43600,29.48,0.9883,99.94,-99.9,21877,21723,0.0241,0.9755,100.0,195824,0.0128,0.06,True
M1,5,0.3,70,2.0,newyork,baseline,0,0.0,0,0.0,27490,26.42,0.9277,100.0,-100.0,13085,14405,128504,27.75,0.9882,100.0,-100.0,61732,66772,0.0605,0.9882,100.0,128504,0.0,0.0,True
M1,5,0.3,30,2.0,asian,full_confl,64,0.03,10,53.2,957,31.35,1.107,37.89,63.8,459,498,4781,29.37,0.988,74.15,-53.24,2444,2337,-0.119,0.9799,100.0,71276,0.0081,25.85,True
M1,5,0.3,30,2.0,asian,full_confl,64,0.05,10,50.0,916,31.33,1.0954,37.27,51.74,436,480,4510,29.33,0.9866,70.27,-53.05,2316,2194,-0.1088,0.9799,100.0,71276,0.0067,29.73,True
M1,5,0.5,30,2.0,asian,full_confl,64,0.03,5,53.2,3695,29.28,1.0042,67.9,-20.71,1836,1859,17832,29.44,0.9862,98.59,-95.23,8911,8921,-0.018,0.9739,100.0,113973,0.0123,1.41,True
M1,5,0.3,30,2.0,asian,fft_cycle,64,0.03,5,53.2,3158,29.29,0.9984,64.62,-26.35,1551,1607,15851,29.31,0.9861,96.42,-93.29,7907,7944,-0.0123,0.9799,100.0,71276,0.0062,3.58,True
M1,5,0.3,30,2.0,asian,fft_cycle,64,0.05,5,50.0,3158,29.29,0.9984,64.62,-26.35,1551,1607,15851,29.31,0.9861,96.42,-93.29,7907,7944,-0.0123,0.9799,100.0,71276,0.0062,3.58,True
M1,5,0.3,30,2.0,all,baseline,0,0.0,0,0.0,44295,27.25,0.9517,100.0,-100.0,21455,22840,214969,28.41,0.9858,100.0,-100.0,105552,109417,0.0341,0.9858,100.0,214969,0.0,0.0,True
M1,5,0.5,70,2.0,newyork,baseline,0,0.0,0,0.0,41587,26.61,0.9412,100.0,-100.0,19922,21665,193388,27.63,0.9847,100.0,-100.0,93252,100136,0.0435,0.9847,100.0,193388,0.0,0.0,True
M1,5,1.0,30,2.0,newyork,full_confl,64,0.05,10,50.0,2457,28.45,1.016,73.38,1.29,1194,1263,12701,27.74,0.9844,99.16,-88.65,6343,6358,-0.0316,1.0078,100.0,220033,-0.0234,0.84,True
M1,5,0.3,30,2.0,newyork,full_confl,64,0.03,10,53.2,845,24.62,0.8157,69.01,-63.46,403,442,4430,28.35,0.9843,76.0,-53.99,2266,2164,0.1686,1.0296,98.53,72753,-0.0453,22.53,True
M1,5,1.0,30,2.0,newyork,full_confl,64,0.03,10,53.2,2611,28.65,1.0275,74.84,19.61,1268,1343,13409,27.69,0.9841,99.22,-90.1,6691,6718,-0.0434,1.0078,100.0,220033,-0.0237,0.78,True
M1,5,1.0,70,2.0,asian,fft_cycle,64,0.03,5,53.2,16193,28.53,0.9607,99.78,-99.43,8116,8077,78279,29.31,0.9837,100.0,-100.0,39331,38948,0.023,0.9721,100.0,350401,0.0116,0.0,True
M1,5,1.0,70,2.0,asian,fft_cycle,64,0.05,5,50.0,16193,28.53,0.9607,99.78,-99.43,8116,8077,78279,29.31,0.9837,100.0,-100.0,39331,38948,0.023,0.9721,100.0,350401,0.0116,0.0,True
M1,5,0.5,70,2.0,newyork,full_confl,64,0.05,5,50.0,5439,26.2,0.9114,98.57,-95.96,2620,2819,26090,27.81,0.9829,99.76,-99.1,12973,13117,0.0715,0.9847,100.0,193388,-0.0018,0.24,True
M1,5,0.5,30,2.0,asian,full_confl,64,0.05,5,50.0,3529,29.36,1.0048,69.54,-18.8,1746,1783,16981,29.39,0.9824,98.78,-96.26,8494,8487,-0.0224,0.9739,100.0,113973,0.0085,1.22,True
M1,5,0.5,30,2.0,asian,fft_cycle,64,0.03,5,53.2,5144,29.16,0.997,78.03,-41.58,2511,2633,25465,29.25,0.9811,99.72,-99.39,12736,12729,-0.0159,0.9739,100.0,113973,0.0072,0.28,True
M1,5,0.5,30,2.0,asian,fft_cycle,64,0.05,5,50.0,5144,29.16,0.997,78.03,-41.58,2511,2633,25465,29.25,0.9811,99.72,-99.39,12736,12729,-0.0159,0.9739,100.0,113973,0.0072,0.28,True
M1,5,0.5,70,2.0,asian,full_confl,64,0.03,5,53.2,6411,28.81,0.9716,89.81,-80.52,3229,3182,30601,29.38,0.9802,99.93,-99.82,15391,15210,0.0086,0.9755,100.0,195824,0.0047,0.07,True
M1,5,0.3,30,2.0,all,full_confl,64,0.05,5,50.0,6429,27.05,0.9367,97.93,-94.39,3082,3347,31283,28.3,0.98,99.9,-99.81,15593,15690,0.0433,0.9858,100.0,214969,-0.0058,0.1,True
M1,5,0.3,30,2.0,asian,baseline,0,0.0,0,0.0,14181,28.46,0.9627,99.69,-98.71,6917,7264,71276,29.35,0.9799,100.0,-100.0,35417,35859,0.0172,0.9799,100.0,71276,0.0,0.0,True
M1,5,0.3,70,2.0,asian,baseline,0,0.0,0,0.0,25410,28.35,0.9467,100.0,-100.0,12528,12882,127536,29.38,0.9799,100.0,-100.0,63731,63805,0.0332,0.9799,100.0,127536,0.0,0.0,True
M1,5,1.0,70,2.0,newyork,baseline,0,0.0,0,0.0,73371,26.57,0.9439,100.0,-100.0,35245,38126,340144,27.49,0.9797,100.0,-100.0,164902,175242,0.0358,0.9797,100.0,340144,0.0,0.0,True
M1,5,0.3,30,2.0,all,full_confl,64,0.05,10,50.0,2631,27.86,0.9709,76.92,-48.35,1260,1371,13496,28.33,0.9795,95.33,-93.59,6818,6678,0.0086,0.9858,100.0,214969,-0.0063,4.67,True
M1,5,0.5,30,2.0,asian,full_confl,64,0.03,10,53.2,1609,30.21,1.0497,56.03,37.36,791,818,7697,29.27,0.9794,91.54,-80.33,3936,3761,-0.0703,0.9739,100.0,113973,0.0055,8.46,True
M1,5,0.5,70,2.0,newyork,full_confl,64,0.03,5,53.2,5693,26.42,0.9188,98.65,-95.59,2763,2930,27502,27.73,0.9788,99.86,-99.63,13678,13824,0.06,0.9847,100.0,193388,-0.0059,0.14,True
M1,5,0.3,30,2.0,all,full_confl,64,0.03,5,53.2,6750,26.99,0.9329,98.45,-95.83,3252,3498,32933,28.25,0.9783,99.96,-99.9,16396,16537,0.0454,0.9858,100.0,214969,-0.0075,0.04,True
M1,5,0.5,30,2.0,all,full_confl,64,0.03,10,53.2,4564,27.43,0.9481,91.97,-82.62,2249,2315,22849,28.26,0.9779,99.42,-99.22,11526,11323,0.0298,0.9777,100.0,342639,0.0002,0.58,True
M1,5,1.0,70,2.0,asian,full_confl,64,0.03,5,53.2,11527,28.5,0.9624,98.34,-97.16,5818,5709,54920,29.24,0.9779,100.0,-100.0,27707,27213,0.0155,0.9721,100.0,350401,0.0058,0.0,True
M1,5,0.3,30,2.0,all,full_confl,64,0.03,10,53.2,2775,27.82,0.9711,74.65,-49.96,1338,1437,14298,28.3,0.9778,96.55,-95.29,7207,7091,0.0067,0.9858,100.0,214969,-0.008,3.45,True
M1,5,0.5,30,2.0,all,baseline,0,0.0,0,0.0,70742,27.33,0.9572,100.0,-100.0,34402,36340,342639,28.2,0.9777,100.0,-100.0,168478,174161,0.0205,0.9777,100.0,342639,0.0,0.0,True
M1,5,0.5,30,2.0,all,full_confl,64,0.05,10,50.0,4312,27.44,0.946,92.62,-81.9,2118,2194,21617,28.25,0.9772,99.31,-99.08,10911,10706,0.0312,0.9777,100.0,342639,-0.0005,0.69,True
M1,5,1.0,70,2.0,newyork,fft_cycle,64,0.03,5,53.2,14671,27.33,0.9691,99.92,-97.69,7089,7582,70867,27.59,0.9771,100.0,-100.0,35000,35867,0.008,0.9797,100.0,340144,-0.0026,0.0,True
M1,5,1.0,70,2.0,newyork,fft_cycle,64,0.05,5,50.0,14671,27.33,0.9691,99.92,-97.69,7089,7582,70867,27.59,0.9771,100.0,-100.0,35000,35867,0.008,0.9797,100.0,340144,-0.0026,0.0,True
M1,5,0.5,30,2.0,asian,full_confl,64,0.05,10,50.0,1535,30.42,1.0483,55.23,34.04,752,783,7276,29.21,0.9761,91.65,-81.34,3735,3541,-0.0722,0.9739,100.0,113973,0.0022,8.35,True
M1,5,0.5,70,2.0,asian,full_confl,64,0.05,5,50.0,6133,28.89,0.9739,90.18,-77.3,3087,3046,29158,29.32,0.976,99.96,-99.89,14674,14484,0.0021,0.9755,100.0,195824,0.0005,0.04,True
M1,5,0.5,70,2.0,asian,baseline,0,0.0,0,0.0,39227,28.3,0.9458,100.0,-100.0,19446,19781,195824,29.25,0.9755,100.0,-100.0,97697,98127,0.0297,0.9755,100.0,195824,0.0,0.0,True
M1,5,1.0,30,2.0,newyork,fft_cycle,64,0.03,10,53.2,4045,27.86,0.9951,90.78,-36.01,1985,2060,20251,27.56,0.9754,99.95,-98.88,10205,10046,-0.0197,1.0078,100.0,220033,-0.0324,0.05,True
M1,5,1.0,30,2.0,newyork,fft_cycle,64,0.05,10,50.0,4045,27.86,0.9951,90.78,-36.01,1985,2060,20251,27.56,0.9754,99.95,-98.88,10205,10046,-0.0197,1.0078,100.0,220033,-0.0324,0.05,True
M1,5,1.0,30,2.0,asian,fft_cycle,64,0.03,5,53.2,10270,28.78,0.9832,95.82,-84.98,5048,5222,50213,29.08,0.9752,100.0,-100.0,25151,25062,-0.008,0.972,100.0,223224,0.0032,0.0,True
M1,5,1.0,30,2.0,asian,fft_cycle,64,0.05,5,50.0,10270,28.78,0.9832,95.82,-84.98,5048,5222,50213,29.08,0.9752,100.0,-100.0,25151,25062,-0.008,0.972,100.0,223224,0.0032,0.0,True
M1,5,1.0,70,2.0,asian,full_confl,64,0.05,5,50.0,11026,28.51,0.9621,98.29,-96.76,5558,5468,52337,29.2,0.9752,100.0,-100.0,26447,25890,0.0131,0.9721,100.0,350401,0.0031,0.0,True
M1,5,0.3,70,2.0,newyork,full_confl,64,0.05,10,50.0,1340,26.72,0.9098,77.75,-55.97,645,695,7297,28.08,0.975,87.36,-81.1,3671,3626,0.0652,0.9882,100.0,128504,-0.0132,12.64,True
M1,5,1.0,30,2.0,all,baseline,0,0.0,0,0.0,139616,27.1,0.9472,100.0,-100.0,67912,71704,668607,28.1,0.9746,100.0,-100.0,329404,339203,0.0274,0.9746,100.0,668607,0.0,0.0,True
M1,5,0.5,30,2.0,asian,baseline,0,0.0,0,0.0,22803,28.31,0.9584,99.99,-99.95,11133,11670,113973,29.18,0.9739,100.0,-100.0,56698,57275,0.0155,0.9739,100.0,113973,0.0,0.0,True
M1,5,1.0,30,2.0,all,fft_cycle,64,0.03,5,53.2,30352,27.82,0.972,100.0,-99.94,14778,15574,147223,28.08,0.9728,100.0,-100.0,73188,74035,0.0008,0.9746,100.0,668607,-0.0018,0.0,True
M1,5,1.0,30,2.0,all,fft_cycle,64,0.05,5,50.0,30352,27.82,0.972,100.0,-99.94,14778,15574,147223,28.08,0.9728,100.0,-100.0,73188,74035,0.0008,0.9746,100.0,668607,-0.0018,0.0,True
M1,5,1.0,70,2.0,newyork,full_confl,64,0.05,10,50.0,3769,28.47,1.0066,90.01,-16.4,1829,1940,19737,27.65,0.9727,99.76,-99.09,9866,9871,-0.0339,0.9797,100.0,340144,-0.007,0.24,True
M1,5,1.0,70,2.0,asian,baseline,0,0.0,0,0.0,71282,28.34,0.9486,100.0,-100.0,35428,35854,350401,29.13,0.9721,100.0,-100.0,175121,175280,0.0235,0.9721,100.0,350401,0.0,0.0,True
M1,5,1.0,30,2.0,asian,baseline,0,0.0,0,0.0,45398,28.02,0.9448,100.0,-100.0,22227,23171,223224,29.09,0.972,100.0,-100.0,111469,111755,0.0272,0.972,100.0,223224,0.0,0.0,True
M1,5,0.3,30,2.0,all,fft_cycle,64,0.03,5,53.2,9613,27.37,0.9488,98.73,-97.37,4651,4962,47072,28.1,0.9712,100.0,-100.0,23448,23624,0.0224,0.9858,100.0,214969,-0.0146,0.0,True
M1,5,0.3,30,2.0,all,fft_cycle,64,0.05,5,50.0,9613,27.37,0.9488,98.73,-97.37,4651,4962,47072,28.1,0.9712,100.0,-100.0,23448,23624,0.0224,0.9858,100.0,214969,-0.0146,0.0,True
M1,5,1.0,30,2.0,all,full_confl,64,0.03,5,53.2,21384,27.62,0.962,99.98,-99.84,10417,10967,102462,28.06,0.9707,100.0,-100.0,50890,51572,0.0087,0.9746,100.0,668607,-0.0039,0.0,True
M1,5,0.5,30,2.0,newyork,full_confl,64,0.05,10,50.0,1251,25.5,0.8668,76.39,-66.04,607,644,6633,27.89,0.9706,90.34,-81.31,3363,3270,0.1038,1.0187,99.64,114186,-0.0481,9.3,True
M1,5,0.5,30,2.0,all,full_confl,64,0.03,5,53.2,10940,27.34,0.9498,99.52,-98.29,5313,5627,52373,28.09,0.97,100.0,-100.0,26107,26266,0.0202,0.9777,100.0,342639,-0.0077,0.0,True
M1,5,0.5,30,2.0,all,full_confl,64,0.05,5,50.0,10406,27.45,0.9552,99.24,-97.11,5037,5369,49798,28.11,0.97,100.0,-100.0,24828,24970,0.0148,0.9777,100.0,342639,-0.0077,0.0,True
M1,5,1.0,30,2.0,all,full_confl,64,0.05,5,50.0,20304,27.63,0.9627,99.97,-99.76,9900,10404,97467,28.05,0.9696,100.0,-100.0,48458,49009,0.0069,0.9746,100.0,668607,-0.005,0.0,True
M1,5,1.0,70,2.0,newyork,full_confl,64,0.03,10,53.2,4009,28.86,1.0262,86.75,28.16,1958,2051,20797,27.56,0.9691,99.84,-99.54,10384,10413,-0.0571,0.9797,100.0,340144,-0.0106,0.16,True
M1,5,0.5,70,2.0,newyork,fft_cycle,64,0.03,5,53.2,8310,26.79,0.9416,99.3,-96.78,4027,4283,40045,27.49,0.9689,100.0,-100.0,19790,20255,0.0273,0.9847,100.0,193388,-0.0158,0.0,True
M1,5,0.5,70,2.0,newyork,fft_cycle,64,0.05,5,50.0,8310,26.79,0.9416,99.3,-96.78,4027,4283,40045,27.49,0.9689,100.0,-100.0,19790,20255,0.0273,0.9847,100.0,193388,-0.0158,0.0,True
M1,5,0.3,70,2.0,all,baseline,0,0.0,0,0.0,78959,27.05,0.9344,100.0,-100.0,38372,40587,381042,28.08,0.9688,100.0,-100.0,187868,193174,0.0344,0.9688,100.0,381042,0.0,0.0,True
M1,5,0.5,30,2.0,newyork,full_confl,64,0.03,10,53.2,1339,25.54,0.868,78.34,-68.25,654,685,7010,27.8,0.9684,92.76,-84.39,3560,3450,0.1004,1.0187,99.64,114186,-0.0503,6.88,True
M1,5,0.5,30,2.0,all,fft_cycle,64,0.03,5,53.2,15474,27.61,0.9629,99.73,-98.97,7521,7953,75031,28.02,0.9683,100.0,-100.0,37397,37634,0.0054,0.9777,100.0,342639,-0.0094,0.0,True
M1,5,0.5,30,2.0,all,fft_cycle,64,0.05,5,50.0,15474,27.61,0.9629,99.73,-98.97,7521,7953,75031,28.02,0.9683,100.0,-100.0,37397,37634,0.0054,0.9777,100.0,342639,-0.0094,0.0,True
M1,5,1.0,30,2.0,asian,full_confl,64,0.03,5,53.2,7326,28.73,0.9839,95.02,-73.31,3669,3657,35132,28.96,0.9678,100.0,-99.99,17644,17488,-0.0161,0.972,100.0,223224,-0.0042,0.0,True
M1,5,0.3,70,2.0,newyork,fft_cycle,64,0.03,5,53.2,5468,26.34,0.9163,98.32,-95.37,2649,2819,26546,27.48,0.9666,99.98,-99.93,13146,13400,0.0503,0.9882,100.0,128504,-0.0216,0.02,True
M1,5,0.3,70,2.0,newyork,fft_cycle,64,0.05,5,50.0,5468,26.34,0.9163,98.32,-95.37,2649,2819,26546,27.48,0.9666,99.98,-99.93,13146,13400,0.0503,0.9882,100.0,128504,-0.0216,0.02,True
M1,5,1.0,30,2.0,all,full_confl,64,0.03,10,53.2,8975,28.51,0.9998,96.32,-53.83,4410,4565,44739,27.93,0.9658,100.0,-100.0,22435,22304,-0.034,0.9746,100.0,668607,-0.0088,0.0,True
M1,5,1.0,30,2.0,all,fft_cycle,64,0.03,10,53.2,13518,28.32,0.9942,99.17,-79.67,6692,6826,67389,27.91,0.9655,100.0,-100.0,33910,33479,-0.0287,0.9746,100.0,668607,-0.0091,0.0,True
M1,5,1.0,30,2.0,all,fft_cycle,64,0.05,10,50.0,13518,28.32,0.9942,99.17,-79.67,6692,6826,67389,27.91,0.9655,100.0,-100.0,33910,33479,-0.0287,0.9746,100.0,668607,-0.0091,0.0,True
M1,5,0.3,70,2.0,newyork,full_confl,64,0.03,10,53.2,1427,27.19,0.9316,76.39,-49.77,695,732,7703,27.9,0.9654,91.39,-88.79,3882,3821,0.0338,0.9882,100.0,128504,-0.0228,8.61,True
M1,5,0.3,70,2.0,all,full_confl,64,0.03,5,53.2,11987,27.05,0.9238,99.93,-99.82,5889,6098,58147,28.05,0.9645,100.0,-100.0,29089,29058,0.0407,0.9688,100.0,381042,-0.0043,0.0,True
M1,5,0.3,70,2.0,all,full_confl,64,0.05,5,50.0,11448,27.0,0.9225,99.92,-99.78,5602,5846,55254,28.05,0.9642,100.0,-100.0,27670,27584,0.0417,0.9688,100.0,381042,-0.0046,0.0,True
M1,5,1.0,30,2.0,asian,fft_cycle,64,0.03,10,53.2,4772,29.32,1.0138,81.16,-3.44,2306,2466,22972,28.8,0.964,99.95,-99.9,11740,11232,-0.0498,0.972,100.0,223224,-0.008,0.05,True
M1,5,1.0,30,2.0,asian,fft_cycle,64,0.05,10,50.0,4772,29.32,1.0138,81.16,-3.44,2306,2466,22972,28.8,0.964,99.95,-99.9,11740,11232,-0.0498,0.972,100.0,223224,-0.008,0.05,True
M1,5,0.5,30,2.0,all,fft_cycle,64,0.03,10,53.2,6827,27.49,0.9579,95.58,-89.11,3393,3434,34197,27.92,0.9637,100.0,-100.0,17262,16935,0.0058,0.9777,100.0,342639,-0.014,0.0,True
M1,5,0.5,30,2.0,all,fft_cycle,64,0.05,10,50.0,6827,27.49,0.9579,95.58,-89.11,3393,3434,34197,27.92,0.9637,100.0,-100.0,17262,16935,0.0058,0.9777,100.0,342639,-0.014,0.0,True
M1,5,0.5,70,2.0,all,baseline,0,0.0,0,0.0,121099,27.1,0.9381,100.0,-100.0,59087,62012,582658,27.95,0.9636,100.0,-100.0,287690,294968,0.0255,0.9636,100.0,582658,0.0,0.0,True
M1,5,1.0,30,2.0,all,full_confl,64,0.05,10,50.0,8479,28.34,0.9885,97.29,-72.17,4171,4308,42388,27.89,0.9636,100.0,-100.0,21265,21123,-0.0249,0.9746,100.0,668607,-0.011,0.0,True
M1,5,1.0,30,2.0,asian,full_confl,64,0.05,5,50.0,6988,28.71,0.9793,95.82,-76.59,3495,3493,33447,28.89,0.9636,100.0,-100.0,16838,16609,-0.0157,0.972,100.0,223224,-0.0084,0.0,True
M1,5,0.5,30,2.0,asian,fft_cycle,64,0.03,10,53.2,2361,29.56,1.0235,65.67,12.03,1152,1209,11619,28.78,0.9631,97.95,-97.18,5945,5674,-0.0604,0.9739,100.0,113973,-0.0108,2.05,True
M1,5,0.5,30,2.0,asian,fft_cycle,64,0.05,10,50.0,2361,29.56,1.0235,65.67,12.03,1152,1209,11619,28.78,0.9631,97.95,-97.18,5945,5674,-0.0604,0.9739,100.0,113973,-0.0108,2.05,True
M1,5,1.0,70,2.0,all,full_confl,64,0.03,5,53.2,33213,27.5,0.9512,100.0,-100.0,16355,16858,159127,27.97,0.9625,100.0,-100.0,79545,79582,0.0113,0.9616,100.0,1039564,0.0009,0.0,True
M1,5,1.0,70,2.0,all,fft_cycle,64,0.03,5,53.2,47047,27.63,0.9583,100.0,-100.0,23158,23889,228210,27.93,0.9618,100.0,-100.0,113814,114396,0.0035,0.9616,100.0,1039564,0.0002,0.0,True
M1,5,1.0,70,2.0,all,fft_cycle,64,0.05,5,50.0,47047,27.63,0.9583,100.0,-100.0,23158,23889,228210,27.93,0.9618,100.0,-100.0,113814,114396,0.0035,0.9616,100.0,1039564,0.0002,0.0,True
M1,5,1.0,70,2.0,all,baseline,0,0.0,0,0.0,218393,27.09,0.9398,100.0,-100.0,106798,111595,1039564,27.88,0.9616,100.0,-100.0,514342,525222,0.0218,0.9616,100.0,1039564,0.0,0.0,True
M1,5,1.0,70,2.0,all,full_confl,64,0.05,5,50.0,31620,27.44,0.9489,100.0,-100.0,15566,16054,151419,27.96,0.9616,100.0,-100.0,75752,75667,0.0127,0.9616,100.0,1039564,0.0,0.0,True
M1,5,0.3,70,2.0,all,fft_cycle,64,0.03,5,53.2,17000,27.44,0.9442,99.97,-99.9,8315,8685,83062,27.98,0.9614,100.0,-100.0,41496,41566,0.0172,0.9688,100.0,381042,-0.0074,0.0,True
M1,5,0.3,70,2.0,all,fft_cycle,64,0.05,5,50.0,17000,27.44,0.9442,99.97,-99.9,8315,8685,83062,27.98,0.9614,100.0,-100.0,41496,41566,0.0172,0.9688,100.0,381042,-0.0074,0.0,True
M1,5,1.0,70,2.0,asian,fft_cycle,64,0.03,10,53.2,7475,28.99,0.989,94.16,-67.64,3743,3732,36166,28.76,0.9598,100.0,-100.0,18484,17682,-0.0292,0.9721,100.0,350401,-0.0123,0.0,True
M1,5,1.0,70,2.0,asian,fft_cycle,64,0.05,10,50.0,7475,28.99,0.989,94.16,-67.64,3743,3732,36166,28.76,0.9598,100.0,-100.0,18484,17682,-0.0292,0.9721,100.0,350401,-0.0123,0.0,True
M1,5,0.3,30,2.0,newyork,fft_cycle,64,0.03,10,53.2,1323,24.34,0.8152,83.13,-79.06,648,675,6624,27.67,0.9597,93.69,-87.68,3396,3228,0.1445,1.0296,98.53,72753,-0.0699,4.84,True
M1,5,0.3,30,2.0,newyork,fft_cycle,64,0.05,10,50.0,1323,24.34,0.8152,83.13,-79.06,648,675,6624,27.67,0.9597,93.69,-87.68,3396,3228,0.1445,1.0296,98.53,72753,-0.0699,4.84,True
M1,5,0.3,30,2.0,asian,fft_cycle,64,0.03,10,53.2,1412,30.1,1.0468,48.4,29.08,687,725,7176,28.66,0.9583,91.97,-91.04,3697,3479,-0.0885,0.9799,100.0,71276,-0.0216,8.03,True
M1,5,0.3,30,2.0,asian,fft_cycle,64,0.05,10,50.0,1412,30.1,1.0468,48.4,29.08,687,725,7176,28.66,0.9583,91.97,-91.04,3697,3479,-0.0885,0.9799,100.0,71276,-0.0216,8.03,True
M1,5,0.5,70,2.0,newyork,full_confl,64,0.05,10,50.0,2071,26.9,0.9283,86.19,-64.31,1020,1051,11143,27.63,0.9577,98.5,-97.4,5608,5535,0.0294,0.9847,100.0,193388,-0.027,1.5,True
M1,5,1.0,30,2.0,asian,full_confl,64,0.03,10,53.2,3212,29.58,1.0265,76.71,23.28,1576,1636,15150,28.8,0.9575,99.65,-99.44,7783,7367,-0.069,0.972,100.0,223224,-0.0145,0.35,True
M1,5,0.3,30,2.0,all,fft_cycle,64,0.03,10,53.2,4185,27.5,0.9604,81.48,-72.69,2060,2125,21318,27.85,0.9574,99.93,-99.92,10825,10493,-0.003,0.9858,100.0,214969,-0.0284,0.07,True
M1,5,0.3,30,2.0,all,fft_cycle,64,0.05,10,50.0,4185,27.5,0.9604,81.48,-72.69,2060,2125,21318,27.85,0.9574,99.93,-99.92,10825,10493,-0.003,0.9858,100.0,214969,-0.0284,0.07,True
M1,5,0.5,70,2.0,all,full_confl,64,0.03,5,53.2,18535,27.36,0.9399,99.99,-99.97,9106,9429,88844,27.89,0.9562,100.0,-100.0,44510,44334,0.0163,0.9636,100.0,582658,-0.0074,0.0,True
M1,5,0.5,70,2.0,all,fft_cycle,64,0.03,5,53.2,26231,27.54,0.9504,100.0,-99.99,12888,13343,127163,27.86,0.9558,100.0,-100.0,63494,63669,0.0054,0.9636,100.0,582658,-0.0078,0.0,True
M1,5,0.5,70,2.0,all,fft_cycle,64,0.05,5,50.0,26231,27.54,0.9504,100.0,-99.99,12888,13343,127163,27.86,0.9558,100.0,-100.0,63494,63669,0.0054,0.9636,100.0,582658,-0.0078,0.0,True
M1,5,0.5,70,2.0,all,full_confl,64,0.05,5,50.0,17668,27.35,0.9397,99.99,-99.95,8659,9009,84488,27.88,0.9557,100.0,-100.0,42332,42156,0.016,0.9636,100.0,582658,-0.0079,0.0,True
M1,5,0.5,30,2.0,newyork,fft_cycle,64,0.03,10,53.2,2088,25.24,0.8689,89.79,-82.71,1016,1072,10448,27.43,0.9555,98.94,-97.09,5316,5132,0.0866,1.0187,99.64,114186,-0.0632,0.7,True
M1,5,0.5,30,2.0,newyork,fft_cycle,64,0.05,10,50.0,2088,25.24,0.8689,89.79,-82.71,1016,1072,10448,27.43,0.9555,98.94,-97.09,5316,5132,0.0866,1.0187,99.64,114186,-0.0632,0.7,True
M1,5,1.0,70,2.0,newyork,fft_cycle,64,0.03,10,53.2,6182,28.21,1.0037,94.85,-32.24,3018,3164,31198,27.3,0.9541,100.0,-100.0,15635,15563,-0.0496,0.9797,100.0,340144,-0.0256,0.0,True
M1,5,1.0,70,2.0,newyork,fft_cycle,64,0.05,10,50.0,6182,28.21,1.0037,94.85,-32.24,3018,3164,31198,27.3,0.9541,100.0,-100.0,15635,15563,-0.0496,0.9797,100.0,340144,-0.0256,0.0,True
M1,5,1.0,70,2.0,all,full_confl,64,0.03,10,53.2,14012,28.48,0.995,98.55,-79.64,6954,7058,69798,27.8,0.9535,100.0,-100.0,35224,34574,-0.0415,0.9616,100.0,1039564,-0.0081,0.0,True
M1,5,1.0,70,2.0,all,full_confl,64,0.05,10,50.0,13254,28.29,0.9842,99.1,-90.21,6565,6689,66155,27.77,0.9521,100.0,-100.0,33426,32729,-0.0321,0.9616,100.0,1039564,-0.0095,0.0,True
M1,5,1.0,30,2.0,asian,full_confl,64,0.05,10,50.0,3061,29.5,1.014,79.97,-1.77,1500,1561,14354,28.67,0.9512,99.78,-99.58,7391,6963,-0.0628,0.972,100.0,223224,-0.0208,0.22,True
M1,5,0.3,70,2.0,all,full_confl,64,0.05,10,50.0,4673,28.5,0.994,87.94,-42.75,2295,2378,23898,27.94,0.9512,99.99,-99.99,12104,11794,-0.0428,0.9688,100.0,381042,-0.0176,0.01,True
M1,5,1.0,70,2.0,all,fft_cycle,64,0.03,10,53.2,20904,28.32,0.9906,99.9,-94.44,10456,10448,104849,27.73,0.9512,100.0,-100.0,52816,52033,-0.0394,0.9616,100.0,1039564,-0.0104,0.0,True
M1,5,1.0,70,2.0,all,fft_cycle,64,0.05,10,50.0,20904,28.32,0.9906,99.9,-94.44,10456,10448,104849,27.73,0.9512,100.0,-100.0,52816,52033,-0.0394,0.9616,100.0,1039564,-0.0104,0.0,True
M1,5,0.5,70,2.0,newyork,full_confl,64,0.03,10,53.2,2210,27.29,0.9451,84.24,-58.66,1096,1114,11757,27.47,0.9504,99.14,-98.71,5918,5839,0.0053,0.9847,100.0,193388,-0.0343,0.86,True
M1,5,0.3,70,2.0,all,full_confl,64,0.03,10,53.2,4935,28.69,1.0039,85.27,-26.76,2436,2499,25272,27.93,0.9503,99.99,-99.99,12772,12500,-0.0536,0.9688,100.0,381042,-0.0185,0.01,True
M1,5,1.0,70,2.0,asian,full_confl,64,0.03,10,53.2,5026,29.11,0.998,91.14,-39.12,2529,2497,23908,28.63,0.9473,99.99,-99.99,12325,11583,-0.0507,0.9721,100.0,350401,-0.0248,0.01,True
M1,5,0.5,70,2.0,all,full_confl,64,0.03,10,53.2,7712,28.24,0.9804,97.01,-78.21,3854,3858,38724,27.79,0.9464,100.0,-100.0,19597,19127,-0.034,0.9636,100.0,582658,-0.0172,0.0,True
M1,5,0.5,70,2.0,all,full_confl,64,0.05,10,50.0,7292,28.04,0.9703,97.61,-84.52,3631,3661,36662,27.79,0.9463,100.0,-100.0,18588,18074,-0.024,0.9636,100.0,582658,-0.0173,0.0,True
M1,5,0.5,70,2.0,asian,fft_cycle,64,0.03,10,53.2,4088,29.09,0.9962,87.32,-35.91,2060,2028,20008,28.54,0.9454,99.98,-99.98,10228,9780,-0.0508,0.9755,100.0,195824,-0.0301,0.02,True
M1,5,0.5,70,2.0,asian,fft_cycle,64,0.05,10,50.0,4088,29.09,0.9962,87.32,-35.91,2060,2028,20008,28.54,0.9454,99.98,-99.98,10228,9780,-0.0508,0.9755,100.0,195824,-0.0301,0.02,True
M1,5,1.0,70,2.0,asian,full_confl,64,0.05,10,50.0,4780,29.18,0.9982,91.42,-37.25,2395,2385,22664,28.53,0.9424,100.0,-99.99,11719,10945,-0.0558,0.9721,100.0,350401,-0.0297,0.0,True
M1,5,0.3,70,2.0,asian,fft_cycle,64,0.03,10,53.2,2598,30.1,1.0399,67.46,44.77,1284,1314,12958,28.53,0.9422,99.67,-99.65,6675,6283,-0.0977,0.9799,100.0,127536,-0.0377,0.33,True
M1,5,0.3,70,2.0,asian,fft_cycle,64,0.05,10,50.0,2598,30.1,1.0399,67.46,44.77,1284,1314,12958,28.53,0.9422,99.67,-99.65,6675,6283,-0.0977,0.9799,100.0,127536,-0.0377,0.33,True
M1,5,0.5,70,2.0,all,fft_cycle,64,0.03,10,53.2,11501,28.11,0.9812,98.93,-89.03,5774,5727,57860,27.56,0.938,100.0,-100.0,29194,28666,-0.0432,0.9636,100.0,582658,-0.0256,0.0,True
M1,5,0.5,70,2.0,all,fft_cycle,64,0.05,10,50.0,11501,28.11,0.9812,98.93,-89.03,5774,5727,57860,27.56,0.938,100.0,-100.0,29194,28666,-0.0432,0.9636,100.0,582658,-0.0256,0.0,True
M1,5,0.3,70,2.0,all,fft_cycle,64,0.03,10,53.2,7392,28.42,0.9957,91.11,-55.38,3671,3721,37607,27.59,0.9368,100.0,-100.0,19078,18529,-0.0589,0.9688,100.0,381042,-0.032,0.0,True
M1,5,0.3,70,2.0,all,fft_cycle,64,0.05,10,50.0,7392,28.42,0.9957,91.11,-55.38,3671,3721,37607,27.59,0.9368,100.0,-100.0,19078,18529,-0.0589,0.9688,100.0,381042,-0.032,0.0,True
M1,5,0.3,70,2.0,asian,full_confl,64,0.03,10,53.2,1767,30.73,1.0795,59.41,90.06,869,898,8664,28.59,0.9367,98.69,-98.35,4452,4212,-0.1428,0.9799,100.0,127536,-0.0432,1.31,True
M1,5,0.5,70,2.0,asian,full_confl,64,0.03,10,53.2,2773,29.53,1.0168,83.41,2.76,1398,1375,13290,28.49,0.9353,99.85,-99.83,6826,6464,-0.0815,0.9755,100.0,195824,-0.0402,0.15,True
M1,5,1.0,30,2.0,london,baseline,0,0.0,0,0.0,54481,26.69,0.931,100.0,-100.0,26362,28119,246968,27.04,0.9337,100.0,-100.0,122512,124456,0.0027,0.9337,100.0,246968,0.0,0.0,True
M1,5,1.0,30,2.0,london,full_confl,64,0.05,5,50.0,8138,26.97,0.9441,97.42,-96.19,3951,4187,37750,27.01,0.9324,100.0,-100.0,18757,18993,-0.0117,0.9337,100.0,246968,-0.0013,0.0,True
M1,5,0.3,70,2.0,asian,full_confl,64,0.05,10,50.0,1681,30.7,1.075,60.91,76.8,824,857,8185,28.48,0.9317,98.76,-98.39,4224,3961,-0.1433,0.9799,100.0,127536,-0.0482,1.24,True
M1,5,0.5,70,2.0,newyork,fft_cycle,64,0.03,10,53.2,3452,27.14,0.9513,91.47,-71.18,1686,1766,17493,27.06,0.9306,99.98,-99.98,8785,8708,-0.0207,0.9847,100.0,193388,-0.0541,0.02,True
M1,5,0.5,70,2.0,newyork,fft_cycle,64,0.05,10,50.0,3452,27.14,0.9513,91.47,-71.18,1686,1766,17493,27.06,0.9306,99.98,-99.98,8785,8708,-0.0207,0.9847,100.0,193388,-0.0541,0.02,True
M1,5,1.0,30,2.0,london,fft_cycle,64,0.03,5,53.2,11946,27.57,0.9651,98.93,-96.57,5836,6110,56654,26.97,0.9302,100.0,-100.0,28162,28492,-0.0349,0.9337,100.0,246968,-0.0035,0.0,True
M1,5,1.0,30,2.0,london,fft_cycle,64,0.05,5,50.0,11946,27.57,0.9651,98.93,-96.57,5836,6110,56654,26.97,0.9302,100.0,-100.0,28162,28492,-0.0349,0.9337,100.0,246968,-0.0035,0.0,True
M1,5,0.5,70,2.0,asian,full_confl,64,0.05,10,50.0,2635,29.68,1.0189,83.68,6.01,1325,1310,12584,28.38,0.9295,99.87,-99.85,6491,6093,-0.0894,0.9755,100.0,195824,-0.046,0.13,True
M1,5,1.0,30,2.0,london,full_confl,64,0.03,5,53.2,8583,27.07,0.9468,97.75,-96.37,4159,4424,39713,26.96,0.9295,100.0,-100.0,19698,20015,-0.0173,0.9337,100.0,246968,-0.0042,0.0,True
M1,5,0.3,70,2.0,newyork,fft_cycle,64,0.03,10,53.2,2255,26.74,0.9213,88.3,-70.33,1101,1154,11478,27.12,0.9293,99.67,-99.66,5788,5690,0.008,0.9882,100.0,128504,-0.0589,0.33,True
M1,5,0.3,70,2.0,newyork,fft_cycle,64,0.05,10,50.0,2255,26.74,0.9213,88.3,-70.33,1101,1154,11478,27.12,0.9293,99.67,-99.66,5788,5690,0.008,0.9882,100.0,128504,-0.0589,0.33,True
M1,5,1.0,70,2.0,london,baseline,0,0.0,0,0.0,84724,26.28,0.9087,100.0,-100.0,41643,43081,382736,26.94,0.9273,100.0,-100.0,191739,190997,0.0186,0.9273,100.0,382736,0.0,0.0,True
M1,5,0.3,30,2.0,london,baseline,0,0.0,0,0.0,16930,27.23,0.96,99.71,-99.47,8179,8751,77116,26.92,0.9265,100.0,-100.0,38114,39002,-0.0335,0.9265,100.0,77116,0.0,0.0,True
M1,5,1.0,30,2.0,london,fft_cycle,64,0.03,10,53.2,5362,27.19,0.9529,92.38,-84.77,2688,2674,26665,26.87,0.9265,100.0,-100.0,13308,13357,-0.0264,0.9337,100.0,246968,-0.0072,0.0,True
M1,5,1.0,30,2.0,london,fft_cycle,64,0.05,10,50.0,5362,27.19,0.9529,92.38,-84.77,2688,2674,26665,26.87,0.9265,100.0,-100.0,13308,13357,-0.0264,0.9337,100.0,246968,-0.0072,0.0,True
M1,5,0.5,30,2.0,london,full_confl,64,0.05,10,50.0,1759,25.01,0.8594,79.74,-79.37,889,870,8554,26.82,0.9261,99.09,-98.72,4312,4242,0.0667,0.9255,100.0,125400,0.0006,0.91,True
M1,5,0.3,70,2.0,london,baseline,0,0.0,0,0.0,29897,26.19,0.9012,100.0,-100.0,14678,15219,136064,26.96,0.9261,100.0,-100.0,68116,67948,0.0249,0.9261,100.0,136064,0.0,0.0,True
M1,5,0.5,30,2.0,london,baseline,0,0.0,0,0.0,27331,27.15,0.9551,100.0,-99.99,13309,14022,125400,26.88,0.9255,100.0,-100.0,62111,63289,-0.0296,0.9255,100.0,125400,0.0,0.0,True
M1,5,1.0,30,2.0,london,full_confl,64,0.05,10,50.0,3472,26.32,0.9135,91.29,-86.62,1741,1731,16941,26.72,0.9231,99.99,-99.99,8428,8513,0.0096,0.9337,100.0,246968,-0.0106,0.01,True
M1,5,1.0,30,2.0,london,full_confl,64,0.03,10,53.2,3681,26.65,0.9268,89.54,-84.28,1843,1838,17869,26.73,0.9226,100.0,-99.99,8878,8991,-0.0042,0.9337,100.0,246968,-0.0111,0.0,True
M1,5,0.3,30,2.0,london,full_confl,64,0.05,5,50.0,2519,27.55,0.9782,67.16,-40.45,1195,1324,11859,26.6,0.9213,99.86,-99.83,5888,5971,-0.0569,0.9265,100.0,77116,-0.0052,0.14,True
M1,5,0.5,30,2.0,london,full_confl,64,0.03,10,53.2,1871,25.39,0.874,79.05,-78.1,948,923,9045,26.73,0.9208,99.45,-99.26,4553,4492,0.0468,0.9255,100.0,125400,-0.0047,0.55,True
M1,5,0.5,70,2.0,london,baseline,0,0.0,0,0.0,46457,26.23,0.9047,100.0,-100.0,22917,23540,212060,26.8,0.9202,100.0,-100.0,106297,105763,0.0155,0.9202,100.0,212060,0.0,0.0,True
M1,5,1.0,70,2.0,london,full_confl,64,0.05,5,50.0,12714,26.53,0.9201,99.95,-99.9,6233,6481,58511,26.79,0.9188,100.0,-100.0,29494,29017,-0.0013,0.9273,100.0,382736,-0.0085,0.0,True
M1,5,1.0,70,2.0,london,full_confl,64,0.03,10,53.2,5842,26.48,0.914,98.08,-96.61,2908,2934,27556,26.76,0.9184,100.0,-100.0,14012,13544,0.0044,0.9273,100.0,382736,-0.0089,0.0,True
M1,5,1.0,70,2.0,london,full_confl,64,0.05,10,50.0,5543,26.21,0.903,98.44,-97.18,2756,2787,26107,26.75,0.9182,100.0,-100.0,13289,12818,0.0152,0.9273,100.0,382736,-0.0091,0.0,True
M1,5,1.0,70,2.0,london,full_confl,64,0.03,5,53.2,13348,26.64,0.9244,99.95,-99.9,6542,6806,61546,26.77,0.918,100.0,-100.0,31004,30542,-0.0064,0.9273,100.0,382736,-0.0093,0.0,True
M1,5,1.0,70,2.0,london,fft_cycle,64,0.03,5,53.2,18500,26.97,0.9383,99.99,-99.97,9141,9359,87492,26.75,0.9175,100.0,-100.0,43951,43541,-0.0208,0.9273,100.0,382736,-0.0098,0.0,True
M1,5,1.0,70,2.0,london,fft_cycle,64,0.05,5,50.0,18500,26.97,0.9383,99.99,-99.97,9141,9359,87492,26.75,0.9175,100.0,-100.0,43951,43541,-0.0208,0.9273,100.0,382736,-0.0098,0.0,True
M1,5,0.5,30,2.0,london,full_confl,64,0.05,5,50.0,4147,26.96,0.9435,87.48,-81.36,2000,2147,19116,26.68,0.9165,100.0,-100.0,9532,9584,-0.027,0.9255,100.0,125400,-0.009,0.0,True
M1,5,0.5,30,2.0,london,fft_cycle,64,0.03,5,53.2,6066,27.86,0.9777,84.22,-72.13,3005,3061,28509,26.62,0.913,100.0,-100.0,14218,14291,-0.0647,0.9255,100.0,125400,-0.0125,0.0,True
M1,5,0.5,30,2.0,london,fft_cycle,64,0.05,5,50.0,6066,27.86,0.9777,84.22,-72.13,3005,3061,28509,26.62,0.913,100.0,-100.0,14218,14291,-0.0647,0.9255,100.0,125400,-0.0125,0.0,True
M1,5,0.3,30,2.0,london,full_confl,64,0.03,5,53.2,2652,27.56,0.9753,70.3,-44.55,1271,1381,12516,26.45,0.9126,99.95,-99.94,6199,6317,-0.0627,0.9265,100.0,77116,-0.0139,0.05,True
M1,5,0.5,30,2.0,london,fft_cycle,64,0.03,10,53.2,2696,26.85,0.9439,74.1,-66.04,1382,1314,13339,26.58,0.912,99.97,-99.96,6692,6647,-0.0319,0.9255,100.0,125400,-0.0135,0.03,True
M1,5,0.5,30,2.0,london,fft_cycle,64,0.05,10,50.0,2696,26.85,0.9439,74.1,-66.04,1382,1314,13339,26.58,0.912,99.97,-99.96,6692,6647,-0.0319,0.9255,100.0,125400,-0.0135,0.03,True
M1,5,0.5,30,2.0,london,full_confl,64,0.03,5,53.2,4370,26.96,0.9416,89.26,-83.77,2119,2251,20146,26.55,0.9101,100.0,-100.0,10032,10114,-0.0315,0.9255,100.0,125400,-0.0154,0.0,True
M1,5,0.3,30,2.0,london,full_confl,64,0.05,10,50.0,1087,25.94,0.9201,54.41,-43.81,531,556,5260,26.33,0.9094,96.46,-95.87,2650,2610,-0.0107,0.9265,100.0,77116,-0.0171,3.54,True
M1,5,1.0,70,2.0,london,fft_cycle,64,0.03,10,53.2,8389,26.88,0.9347,99.19,-97.85,4236,4153,40968,26.56,0.9067,100.0,-100.0,20764,20204,-0.028,0.9273,100.0,382736,-0.0206,0.0,True
M1,5,1.0,70,2.0,london,fft_cycle,64,0.05,10,50.0,8389,26.88,0.9347,99.19,-97.85,4236,4153,40968,26.56,0.9067,100.0,-100.0,20764,20204,-0.028,0.9273,100.0,382736,-0.0206,0.0,True
M1,5,0.3,70,2.0,london,full_confl,64,0.05,5,50.0,4475,26.3,0.9005,95.9,-94.84,2195,2280,20949,26.42,0.9049,100.0,-100.0,10548,10401,0.0044,0.9261,100.0,136064,-0.0212,0.0,True
M1,5,0.3,30,2.0,london,fft_cycle,64,0.03,5,53.2,3693,28.27,0.9962,57.04,-32.4,1807,1886,17680,26.29,0.9017,100.0,-100.0,8802,8878,-0.0945,0.9265,100.0,77116,-0.0248,0.0,True
M1,5,0.3,30,2.0,london,fft_cycle,64,0.05,5,50.0,3693,28.27,0.9962,57.04,-32.4,1807,1886,17680,26.29,0.9017,100.0,-100.0,8802,8878,-0.0945,0.9265,100.0,77116,-0.0248,0.0,True
M1,5,0.3,70,2.0,london,full_confl,64,0.03,5,53.2,4682,26.42,0.9052,96.05,-94.88,2309,2373,22098,26.36,0.9007,100.0,-100.0,11122,10976,-0.0045,0.9261,100.0,136064,-0.0254,0.0,True
M1,5,0.3,30,2.0,london,full_confl,64,0.03,10,53.2,1150,26.43,0.9397,50.9,-38.28,566,584,5578,26.23,0.8998,97.91,-97.56,2802,2776,-0.0399,0.9265,100.0,77116,-0.0267,2.09,True
M1,5,0.5,70,2.0,london,full_confl,64,0.05,5,50.0,7023,26.33,0.9024,99.27,-98.97,3432,3591,32424,26.38,0.8992,100.0,-100.0,16393,16031,-0.0032,0.9202,100.0,212060,-0.021,0.0,True
M1,5,0.5,70,2.0,london,full_confl,64,0.05,10,50.0,2971,25.51,0.8673,93.44,-92.25,1501,1470,14330,26.45,0.8987,100.0,-99.99,7344,6986,0.0314,0.9202,100.0,212060,-0.0215,0.0,True
M1,5,0.5,70,2.0,london,fft_cycle,64,0.03,5,53.2,10212,27.11,0.9378,99.55,-98.9,5065,5147,48174,26.35,0.8966,100.0,-100.0,24285,23889,-0.0412,0.9202,100.0,212060,-0.0236,0.0,True
M1,5,0.5,70,2.0,london,fft_cycle,64,0.05,5,50.0,10212,27.11,0.9378,99.55,-98.9,5065,5147,48174,26.35,0.8966,100.0,-100.0,24285,23889,-0.0412,0.9202,100.0,212060,-0.0236,0.0,True
M1,5,0.5,70,2.0,london,full_confl,64,0.03,5,53.2,7362,26.42,0.9061,99.34,-99.02,3608,3754,34159,26.32,0.8959,100.0,-100.0,17272,16887,-0.0102,0.9202,100.0,212060,-0.0243,0.0,True
M1,5,0.5,70,2.0,london,full_confl,64,0.03,10,53.2,3139,25.9,0.8837,92.26,-90.87,1590,1549,15155,26.38,0.8949,100.0,-100.0,7756,7399,0.0112,0.9202,100.0,212060,-0.0253,0.0,True
M1,5,0.3,70,2.0,london,fft_cycle,64,0.03,5,53.2,6507,27.37,0.9468,95.74,-92.12,3226,3281,31060,26.27,0.8943,100.0,-100.0,15638,15422,-0.0525,0.9261,100.0,136064,-0.0318,0.0,True
M1,5,0.3,70,2.0,london,fft_cycle,64,0.05,5,50.0,6507,27.37,0.9468,95.74,-92.12,3226,3281,31060,26.27,0.8943,100.0,-100.0,15638,15422,-0.0525,0.9261,100.0,136064,-0.0318,0.0,True
M1,5,0.3,70,2.0,london,full_confl,64,0.05,10,50.0,1896,25.79,0.8883,79.14,-74.89,952,944,9237,26.2,0.8902,99.88,-99.88,4725,4512,0.0019,0.9261,100.0,136064,-0.0359,0.12,True
M1,5,0.3,70,2.0,london,full_confl,64,0.03,10,53.2,1997,26.29,0.9107,75.29,-69.63,1007,990,9787,26.11,0.8832,99.95,-99.95,4998,4789,-0.0275,0.9261,100.0,136064,-0.0429,0.05,True
M1,5,0.5,70,2.0,london,fft_cycle,64,0.03,10,53.2,4525,27.01,0.9411,91.02,-85.07,2319,2206,22285,26.06,0.8779,100.0,-100.0,11324,10961,-0.0632,0.9202,100.0,212060,-0.0423,0.0,True
M1,5,0.5,70,2.0,london,fft_cycle,64,0.05,10,50.0,4525,27.01,0.9411,91.02,-85.07,2319,2206,22285,26.06,0.8779,100.0,-100.0,11324,10961,-0.0632,0.9202,100.0,212060,-0.0423,0.0,True
M1,5,0.3,30,2.0,london,fft_cycle,64,0.03,10,53.2,1663,27.6,0.9892,41.47,-21.12,825,838,8206,25.86,0.877,99.89,-99.87,4139,4067,-0.1122,0.9265,100.0,77116,-0.0495,0.11,True
M1,5,0.3,30,2.0,london,fft_cycle,64,0.05,10,50.0,1663,27.6,0.9892,41.47,-21.12,825,838,8206,25.86,0.877,99.89,-99.87,4139,4067,-0.1122,0.9265,100.0,77116,-0.0495,0.11,True
M1,5,0.3,70,2.0,london,fft_cycle,64,0.03,10,53.2,2894,27.68,0.9786,65.93,-44.59,1467,1427,14324,25.64,0.8581,100.0,-100.0,7304,7020,-0.1205,0.9261,100.0,136064,-0.068,0.0,True
M1,5,0.3,70,2.0,london,fft_cycle,64,0.05,10,50.0,2894,27.68,0.9786,65.93,-44.59,1467,1427,14324,25.64,0.8581,100.0,-100.0,7304,7020,-0.1205,0.9261,100.0,136064,-0.068,0.0,True
M1,5,0.3,30,3.0,newyork,full_confl,64,0.05,10,50.0,796,13.32,0.6398,87.37,-84.46,376,420,4187,15.55,0.779,99.74,-99.74,2141,2046,0.1392,0.7778,100.0,72753,0.0012,0.26,True
M1,5,0.3,70,3.0,newyork,full_confl,64,0.05,10,50.0,1340,14.63,0.7153,95.1,-91.52,645,695,7297,15.55,0.7788,100.0,-100.0,3671,3626,0.0635,0.7504,100.0,128504,0.0284,0.0,True
M1,5,0.3,30,3.0,newyork,baseline,0,0.0,0,0.0,15401,14.23,0.7213,100.0,-100.0,7350,8051,72753,15.15,0.7778,100.0,-100.0,35151,37602,0.0565,0.7778,100.0,72753,0.0,0.0,True
M1,5,0.3,30,3.0,newyork,full_confl,64,0.05,5,50.0,2089,13.16,0.6435,99.33,-99.14,982,1107,9865,15.28,0.7764,100.0,-100.0,4977,4888,0.1329,0.7778,100.0,72753,-0.0014,0.0,True
M1,5,0.3,70,3.0,asian,fft_cycle,64,0.03,5,53.2,5754,15.48,0.7502,99.99,-99.99,2853,2901,28328,15.96,0.773,100.0,-100.0,14221,14107,0.0228,0.7556,100.0,127536,0.0174,0.0,True
M1,5,0.3,70,3.0,asian,fft_cycle,64,0.05,5,50.0,5754,15.48,0.7502,99.99,-99.99,2853,2901,28328,15.96,0.773,100.0,-100.0,14221,14107,0.0228,0.7556,100.0,127536,0.0174,0.0,True
M1,5,0.5,30,3.0,newyork,baseline,0,0.0,0,0.0,24217,14.3,0.7322,100.0,-100.0,11612,12605,114186,15.0,0.7726,100.0,-100.0,55180,59006,0.0404,0.7726,100.0,114186,0.0,0.0,True
M1,5,0.5,70,3.0,asian,fft_cycle,64,0.03,5,53.2,8962,15.15,0.7359,100.0,-100.0,4478,4484,43600,15.91,0.7681,100.0,-100.0,21877,21723,0.0322,0.7537,100.0,195824,0.0144,0.0,True
M1,5,0.5,70,3.0,asian,fft_cycle,64,0.05,5,50.0,8962,15.15,0.7359,100.0,-100.0,4478,4484,43600,15.91,0.7681,100.0,-100.0,21877,21723,0.0322,0.7537,100.0,195824,0.0144,0.0,True
M1,5,0.3,30,3.0,newyork,full_confl,64,0.03,10,53.2,845,13.14,0.6331,88.95,-86.54,403,442,4430,15.33,0.7667,99.87,-99.87,2266,2164,0.1336,0.7778,100.0,72753,-0.0111,0.13,True
M1,5,0.3,30,3.0,newyork,full_confl,64,0.03,5,53.2,2179,13.08,0.6381,99.53,-99.35,1034,1145,10426,15.08,0.766,100.0,-100.0,5257,5169,0.1279,0.7778,100.0,72753,-0.0118,0.0,True
M1,5,0.3,70,3.0,asian,full_confl,64,0.03,5,53.2,4120,15.29,0.7432,99.92,-99.9,2063,2057,19899,15.94,0.7656,100.0,-100.0,10005,9894,0.0224,0.7556,100.0,127536,0.01,0.0,True
M1,5,0.3,70,3.0,newyork,full_confl,64,0.03,10,53.2,1427,14.93,0.7345,95.33,-91.35,695,732,7703,15.33,0.7647,100.0,-100.0,3882,3821,0.0302,0.7504,100.0,128504,0.0143,0.0,True
M1,5,0.5,70,3.0,asian,full_confl,64,0.03,5,53.2,6411,15.05,0.7322,100.0,-100.0,3229,3182,30601,15.91,0.7631,100.0,-100.0,15391,15210,0.0309,0.7537,100.0,195824,0.0094,0.0,True
M1,5,0.3,70,3.0,asian,full_confl,64,0.05,5,50.0,3935,15.25,0.742,99.89,-99.87,1968,1967,18929,15.9,0.7623,100.0,-100.0,9532,9397,0.0203,0.7556,100.0,127536,0.0067,0.0,True
M1,5,0.3,30,3.0,newyork,fft_cycle,64,0.03,5,53.2,3166,13.61,0.6763,99.91,-99.85,1533,1633,15163,15.0,0.7622,100.0,-100.0,7600,7563,0.0859,0.7778,100.0,72753,-0.0156,0.0,True
M1,5,0.3,30,3.0,newyork,fft_cycle,64,0.05,5,50.0,3166,13.61,0.6763,99.91,-99.85,1533,1633,15163,15.0,0.7622,100.0,-100.0,7600,7563,0.0859,0.7778,100.0,72753,-0.0156,0.0,True
M1,5,0.3,30,3.0,newyork,fft_cycle,64,0.03,10,53.2,1323,12.93,0.6256,96.7,-95.87,648,675,6624,15.17,0.7612,100.0,-100.0,3396,3228,0.1356,0.7778,100.0,72753,-0.0166,0.0,True
M1,5,0.3,30,3.0,newyork,fft_cycle,64,0.05,10,50.0,1323,12.93,0.6256,96.7,-95.87,648,675,6624,15.17,0.7612,100.0,-100.0,3396,3228,0.1356,0.7778,100.0,72753,-0.0166,0.0,True
M1,5,0.5,30,3.0,newyork,full_confl,64,0.05,5,50.0,3276,13.77,0.69,99.87,-99.83,1547,1729,15452,14.95,0.7611,100.0,-100.0,7775,7677,0.0711,0.7726,100.0,114186,-0.0115,0.0,True
M1,5,1.0,30,3.0,newyork,baseline,0,0.0,0,0.0,46511,14.33,0.7398,100.0,-100.0,22355,24156,220033,14.75,0.7599,100.0,-100.0,106271,113762,0.0201,0.7599,100.0,220033,0.0,0.0,True
M1,5,0.5,30,3.0,asian,full_confl,64,0.03,10,53.2,1609,16.35,0.8193,87.48,-85.11,791,818,7697,15.81,0.7595,100.0,-100.0,3936,3761,-0.0598,0.7511,100.0,113973,0.0084,0.0,True
M1,5,0.5,70,3.0,asian,full_confl,64,0.05,5,50.0,6133,15.1,0.7343,100.0,-100.0,3087,3046,29158,15.87,0.7595,100.0,-100.0,14674,14484,0.0252,0.7537,100.0,195824,0.0058,0.0,True
M1,5,0.3,30,3.0,asian,full_confl,64,0.03,10,53.2,957,16.61,0.8428,67.94,-62.79,459,498,4781,15.77,0.7593,99.96,-99.95,2444,2337,-0.0835,0.7554,100.0,71276,0.0039,0.04,True
M1,5,1.0,30,3.0,newyork,full_confl,64,0.05,5,50.0,6281,14.81,0.7555,100.0,-99.99,2996,3285,29700,14.78,0.7587,100.0,-100.0,14765,14935,0.0032,0.7599,100.0,220033,-0.0012,0.0,True
M1,5,0.5,30,3.0,asian,full_confl,64,0.03,5,53.2,3695,15.72,0.7771,99.62,-99.53,1836,1859,17832,15.74,0.7575,100.0,-100.0,8911,8921,-0.0196,0.7511,100.0,113973,0.0064,0.0,True
M1,5,0.3,30,3.0,asian,full_confl,64,0.03,5,53.2,2259,16.02,0.7933,95.82,-95.3,1120,1139,11101,15.71,0.7574,100.0,-100.0,5537,5564,-0.0359,0.7554,100.0,71276,0.002,0.0,True
M1,5,1.0,70,3.0,asian,fft_cycle,64,0.03,5,53.2,16193,15.03,0.7309,100.0,-100.0,8116,8077,78279,15.67,0.7572,100.0,-100.0,39331,38948,0.0263,0.7482,100.0,350401,0.009,0.0,True
M1,5,1.0,70,3.0,asian,fft_cycle,64,0.05,5,50.0,16193,15.03,0.7309,100.0,-100.0,8116,8077,78279,15.67,0.7572,100.0,-100.0,39331,38948,0.0263,0.7482,100.0,350401,0.009,0.0,True
M1,5,1.0,70,3.0,newyork,full_confl,64,0.05,10,50.0,3769,15.92,0.8075,99.74,-99.06,1829,1940,19737,14.95,0.7569,100.0,-100.0,9866,9871,-0.0506,0.7405,100.0,340144,0.0164,0.0,True
M1,5,0.5,30,3.0,asian,full_confl,64,0.05,10,50.0,1535,16.61,0.827,86.23,-82.78,752,783,7276,15.76,0.7564,100.0,-100.0,3735,3541,-0.0706,0.7511,100.0,113973,0.0053,0.0,True
M1,5,0.3,70,3.0,newyork,full_confl,64,0.05,5,50.0,3578,13.16,0.6497,99.98,-99.96,1712,1866,17304,14.84,0.7563,100.0,-100.0,8617,8687,0.1066,0.7504,100.0,128504,0.0059,0.0,True
M1,5,1.0,30,3.0,newyork,fft_cycle,64,0.03,5,53.2,9520,15.0,0.7697,100.0,-100.0,4584,4936,45879,14.71,0.7561,100.0,-100.0,22730,23149,-0.0136,0.7599,100.0,220033,-0.0038,0.0,True
M1,5,1.0,30,3.0,newyork,fft_cycle,64,0.05,5,50.0,9520,15.0,0.7697,100.0,-100.0,4584,4936,45879,14.71,0.7561,100.0,-100.0,22730,23149,-0.0136,0.7599,100.0,220033,-0.0038,0.0,True
M1,5,0.5,30,3.0,asian,fft_cycle,64,0.03,5,53.2,5144,15.69,0.775,99.96,-99.95,2511,2633,25465,15.65,0.7559,100.0,-100.0,12736,12729,-0.0191,0.7511,100.0,113973,0.0048,0.0,True
M1,5,0.5,30,3.0,asian,fft_cycle,64,0.05,5,50.0,5144,15.69,0.775,99.96,-99.95,2511,2633,25465,15.65,0.7559,100.0,-100.0,12736,12729,-0.0191,0.7511,100.0,113973,0.0048,0.0,True
M1,5,0.3,70,3.0,asian,baseline,0,0.0,0,0.0,25410,15.08,0.7273,100.0,-100.0,12528,12882,127536,15.75,0.7556,100.0,-100.0,63731,63805,0.0283,0.7556,100.0,127536,0.0,0.0,True
M1,5,0.3,30,3.0,asian,baseline,0,0.0,0,0.0,14181,15.27,0.7453,100.0,-100.0,6917,7264,71276,15.74,0.7554,100.0,-100.0,35417,35859,0.0101,0.7554,100.0,71276,0.0,0.0,True
M1,5,0.5,30,3.0,newyork,fft_cycle,64,0.03,5,53.2,4976,14.05,0.7113,99.99,-99.99,2383,2593,23759,14.8,0.7553,100.0,-100.0,11890,11869,0.044,0.7726,100.0,114186,-0.0173,0.0,True
M1,5,0.5,30,3.0,newyork,fft_cycle,64,0.05,5,50.0,4976,14.05,0.7113,99.99,-99.99,2383,2593,23759,14.8,0.7553,100.0,-100.0,11890,11869,0.044,0.7726,100.0,114186,-0.0173,0.0,True
M1,5,1.0,30,3.0,newyork,full_confl,64,0.03,5,53.2,6587,14.79,0.7539,100.0,-100.0,3146,3441,31296,14.7,0.7553,100.0,-100.0,15537,15759,0.0014,0.7599,100.0,220033,-0.0046,0.0,True
M1,5,0.3,30,3.0,asian,fft_cycle,64,0.03,5,53.2,3158,15.93,0.7863,98.98,-98.79,1551,1607,15851,15.61,0.7545,100.0,-100.0,7907,7944,-0.0318,0.7554,100.0,71276,-0.0009,0.0,True
M1,5,0.3,30,3.0,asian,fft_cycle,64,0.05,5,50.0,3158,15.93,0.7863,98.98,-98.79,1551,1607,15851,15.61,0.7545,100.0,-100.0,7907,7944,-0.0318,0.7554,100.0,71276,-0.0009,0.0,True
M1,5,0.5,30,3.0,newyork,full_confl,64,0.03,5,53.2,3432,13.67,0.683,99.93,-99.89,1631,1801,16307,14.81,0.7538,100.0,-100.0,8200,8107,0.0708,0.7726,100.0,114186,-0.0188,0.0,True
M1,5,0.5,70,3.0,asian,baseline,0,0.0,0,0.0,39227,15.12,0.7302,100.0,-100.0,19446,19781,195824,15.7,0.7537,100.0,-100.0,97697,98127,0.0235,0.7537,100.0,195824,0.0,0.0,True
M1,5,0.3,30,3.0,asian,full_confl,64,0.05,10,50.0,916,16.7,0.8407,69.4,-61.9,436,480,4510,15.65,0.7529,99.95,-99.94,2316,2194,-0.0878,0.7554,100.0,71276,-0.0025,0.05,True
M1,5,0.3,30,3.0,asian,full_confl,64,0.05,5,50.0,2151,15.9,0.7862,95.73,-95.05,1062,1089,10562,15.64,0.7528,100.0,-100.0,5279,5283,-0.0334,0.7554,100.0,71276,-0.0026,0.0,True
M1,5,0.5,30,3.0,asian,full_confl,64,0.05,5,50.0,3529,15.78,0.7797,99.5,-99.37,1746,1783,16981,15.67,0.7525,100.0,-100.0,8494,8487,-0.0272,0.7511,100.0,113973,0.0014,0.0,True
M1,5,0.5,30,3.0,asian,baseline,0,0.0,0,0.0,22803,15.1,0.7378,100.0,-100.0,11133,11670,113973,15.64,0.7511,100.0,-100.0,56698,57275,0.0133,0.7511,100.0,113973,0.0,0.0,True
M1,5,0.3,70,3.0,newyork,baseline,0,0.0,0,0.0,27490,13.91,0.7034,100.0,-100.0,13085,14405,128504,14.73,0.7504,100.0,-100.0,61732,66772,0.047,0.7504,100.0,128504,0.0,0.0,True
M1,5,1.0,30,3.0,newyork,full_confl,64,0.05,10,50.0,2457,16.28,0.8403,97.41,-92.02,1194,1263,12701,14.66,0.7499,100.0,-100.0,6343,6358,-0.0904,0.7599,100.0,220033,-0.01,0.0,True
M1,5,1.0,70,3.0,newyork,full_confl,64,0.03,10,53.2,4009,16.04,0.8184,99.8,-99.07,1958,2051,20797,14.81,0.7498,100.0,-100.0,10384,10413,-0.0686,0.7405,100.0,340144,0.0093,0.0,True
M1,5,1.0,70,3.0,asian,full_confl,64,0.03,5,53.2,11527,14.87,0.7267,100.0,-100.0,5818,5709,54920,15.59,0.7497,100.0,-100.0,27707,27213,0.023,0.7482,100.0,350401,0.0015,0.0,True
M1,5,1.0,30,3.0,asian,fft_cycle,64,0.03,5,53.2,10270,15.38,0.7611,100.0,-100.0,5048,5222,50213,15.51,0.7489,100.0,-100.0,25151,25062,-0.0122,0.7485,100.0,223224,0.0004,0.0,True
M1,5,1.0,30,3.0,asian,fft_cycle,64,0.05,5,50.0,10270,15.38,0.7611,100.0,-100.0,5048,5222,50213,15.51,0.7489,100.0,-100.0,25151,25062,-0.0122,0.7485,100.0,223224,0.0004,0.0,True
M1,5,0.5,70,3.0,newyork,baseline,0,0.0,0,0.0,41587,13.84,0.7036,100.0,-100.0,19922,21665,193388,14.67,0.7488,100.0,-100.0,93252,100136,0.0452,0.7488,100.0,193388,0.0,0.0,True
M1,5,1.0,30,3.0,asian,baseline,0,0.0,0,0.0,45398,14.95,0.7284,100.0,-100.0,22227,23171,223224,15.54,0.7485,100.0,-100.0,111469,111755,0.0201,0.7485,100.0,223224,0.0,0.0,True
M1,5,0.3,70,3.0,newyork,full_confl,64,0.03,5,53.2,3736,13.28,0.6558,99.98,-99.97,1805,1931,18253,14.7,0.7482,100.0,-100.0,9095,9158,0.0924,0.7504,100.0,128504,-0.0022,0.0,True
M1,5,1.0,70,3.0,asian,baseline,0,0.0,0,0.0,71282,15.15,0.7331,100.0,-100.0,35428,35854,350401,15.57,0.7482,100.0,-100.0,175121,175280,0.0151,0.7482,100.0,350401,0.0,0.0,True
M1,5,0.5,70,3.0,newyork,full_confl,64,0.05,10,50.0,2071,14.82,0.7344,98.54,-97.07,1020,1051,11143,15.0,0.748,100.0,-100.0,5608,5535,0.0136,0.7488,100.0,193388,-0.0008,0.0,True
M1,5,0.5,30,3.0,asian,fft_cycle,64,0.03,10,53.2,2361,15.84,0.7941,96.24,-95.7,1152,1209,11619,15.51,0.7475,100.0,-100.0,5945,5674,-0.0466,0.7511,100.0,113973,-0.0036,0.0,True
M1,5,0.5,30,3.0,asian,fft_cycle,64,0.05,10,50.0,2361,15.84,0.7941,96.24,-95.7,1152,1209,11619,15.51,0.7475,100.0,-100.0,5945,5674,-0.0466,0.7511,100.0,113973,-0.0036,0.0,True
M1,5,1.0,70,3.0,newyork,full_confl,64,0.05,5,50.0,9633,14.44,0.7311,100.0,-100.0,4633,5000,46060,14.64,0.7471,100.0,-100.0,22852,23208,0.016,0.7405,100.0,340144,0.0066,0.0,True
M1,5,1.0,70,3.0,asian,full_confl,64,0.05,5,50.0,11026,14.86,0.7258,100.0,-100.0,5558,5468,52337,15.54,0.7465,100.0,-100.0,26447,25890,0.0207,0.7482,100.0,350401,-0.0017,0.0,True
M1,5,0.5,30,3.0,newyork,full_confl,64,0.05,10,50.0,1251,13.75,0.6781,94.3,-92.3,607,644,6633,14.85,0.746,100.0,-100.0,3363,3270,0.0679,0.7726,100.0,114186,-0.0266,0.0,True
M1,5,1.0,30,3.0,newyork,full_confl,64,0.03,10,53.2,2611,16.2,0.8404,97.84,-93.09,1268,1343,13409,14.56,0.7458,100.0,-100.0,6691,6718,-0.0946,0.7599,100.0,220033,-0.0141,0.0,True
M1,5,0.5,70,3.0,newyork,full_confl,64,0.05,5,50.0,5439,13.84,0.6927,100.0,-100.0,2620,2819,26090,14.68,0.7449,100.0,-100.0,12973,13117,0.0522,0.7488,100.0,193388,-0.0039,0.0,True
M1,5,1.0,30,3.0,newyork,fft_cycle,64,0.03,10,53.2,4045,15.62,0.8051,99.79,-99.32,1985,2060,20251,14.59,0.7446,100.0,-100.0,10205,10046,-0.0605,0.7599,100.0,220033,-0.0153,0.0,True
M1,5,1.0,30,3.0,newyork,fft_cycle,64,0.05,10,50.0,4045,15.62,0.8051,99.79,-99.32,1985,2060,20251,14.59,0.7446,100.0,-100.0,10205,10046,-0.0605,0.7599,100.0,220033,-0.0153,0.0,True
M1,5,1.0,70,3.0,newyork,full_confl,64,0.03,5,53.2,10103,14.47,0.7331,100.0,-100.0,4882,5221,48481,14.56,0.7432,100.0,-100.0,24044,24437,0.0101,0.7405,100.0,340144,0.0027,0.0,True
M1,5,1.0,70,3.0,asian,fft_cycle,64,0.03,10,53.2,7475,15.69,0.7766,100.0,-100.0,3743,3732,36166,15.45,0.7424,100.0,-100.0,18484,17682,-0.0342,0.7482,100.0,350401,-0.0058,0.0,True
M1,5,1.0,70,3.0,asian,fft_cycle,64,0.05,10,50.0,7475,15.69,0.7766,100.0,-100.0,3743,3732,36166,15.45,0.7424,100.0,-100.0,18484,17682,-0.0342,0.7482,100.0,350401,-0.0058,0.0,True
M1,5,0.5,30,3.0,newyork,fft_cycle,64,0.03,10,53.2,2088,13.41,0.6683,99.07,-98.72,1016,1072,10448,14.75,0.7422,100.0,-100.0,5316,5132,0.0739,0.7726,100.0,114186,-0.0304,0.0,True
M1,5,0.5,30,3.0,newyork,fft_cycle,64,0.05,10,50.0,2088,13.41,0.6683,99.07,-98.72,1016,1072,10448,14.75,0.7422,100.0,-100.0,5316,5132,0.0739,0.7726,100.0,114186,-0.0304,0.0,True
M1,5,1.0,30,3.0,asian,fft_cycle,64,0.03,10,53.2,4772,15.67,0.7868,99.87,-99.86,2306,2466,22972,15.38,0.7409,100.0,-100.0,11740,11232,-0.0459,0.7485,100.0,223224,-0.0076,0.0,True
M1,5,1.0,30,3.0,asian,fft_cycle,64,0.05,10,50.0,4772,15.67,0.7868,99.87,-99.86,2306,2466,22972,15.38,0.7409,100.0,-100.0,11740,11232,-0.0459,0.7485,100.0,223224,-0.0076,0.0,True
M1,5,0.5,70,3.0,asian,fft_cycle,64,0.03,10,53.2,4088,15.88,0.7892,99.69,-99.63,2060,2028,20008,15.5,0.7408,100.0,-100.0,10228,9780,-0.0484,0.7537,100.0,195824,-0.0129,0.0,True
M1,5,0.5,70,3.0,asian,fft_cycle,64,0.05,10,50.0,4088,15.88,0.7892,99.69,-99.63,2060,2028,20008,15.5,0.7408,100.0,-100.0,10228,9780,-0.0484,0.7537,100.0,195824,-0.0129,0.0,True
M1,5,1.0,70,3.0,newyork,baseline,0,0.0,0,0.0,73371,13.96,0.7134,100.0,-100.0,35245,38126,340144,14.5,0.7405,100.0,-100.0,164902,175242,0.0271,0.7405,100.0,340144,0.0,0.0,True
M1,5,0.3,30,3.0,asian,fft_cycle,64,0.03,10,53.2,1412,15.79,0.7945,86.16,-84.6,687,725,7176,15.4,0.7398,100.0,-100.0,3697,3479,-0.0547,0.7554,100.0,71276,-0.0156,0.0,True
M1,5,0.3,30,3.0,asian,fft_cycle,64,0.05,10,50.0,1412,15.79,0.7945,86.16,-84.6,687,725,7176,15.4,0.7398,100.0,-100.0,3697,3479,-0.0547,0.7554,100.0,71276,-0.0156,0.0,True
M1,5,0.5,30,3.0,newyork,full_confl,64,0.03,10,53.2,1339,13.59,0.6708,95.63,-93.93,654,685,7010,14.71,0.7398,100.0,-100.0,3560,3450,0.069,0.7726,100.0,114186,-0.0328,0.0,True
M1,5,0.3,30,3.0,all,baseline,0,0.0,0,0.0,44295,13.94,0.7046,100.0,-100.0,21455,22840,214969,14.79,0.7392,100.0,-100.0,105552,109417,0.0346,0.7392,100.0,214969,0.0,0.0,True
M1,5,0.3,70,3.0,asian,fft_cycle,64,0.03,10,53.2,2598,16.01,0.801,96.93,-96.53,1284,1314,12958,15.52,0.7386,100.0,-100.0,6675,6283,-0.0624,0.7556,100.0,127536,-0.017,0.0,True
M1,5,0.3,70,3.0,asian,fft_cycle,64,0.05,10,50.0,2598,16.01,0.801,96.93,-96.53,1284,1314,12958,15.52,0.7386,100.0,-100.0,6675,6283,-0.0624,0.7556,100.0,127536,-0.017,0.0,True
M1,5,0.5,70,3.0,newyork,full_confl,64,0.03,5,53.2,5693,13.84,0.6928,100.0,-100.0,2763,2930,27502,14.55,0.7378,100.0,-100.0,13678,13824,0.045,0.7488,100.0,193388,-0.011,0.0,True
M1,5,0.3,30,3.0,all,full_confl,64,0.05,10,50.0,2631,13.34,0.6716,99.64,-99.54,1260,1371,13496,14.77,0.7375,100.0,-100.0,6818,6678,0.0659,0.7392,100.0,214969,-0.0017,0.0,True
M1,5,0.5,70,3.0,newyork,full_confl,64,0.03,10,53.2,2210,14.98,0.7449,98.79,-97.3,1096,1114,11757,14.81,0.7374,100.0,-100.0,5918,5839,-0.0075,0.7488,100.0,193388,-0.0114,0.0,True
M1,5,1.0,70,3.0,newyork,fft_cycle,64,0.03,5,53.2,14671,14.71,0.749,100.0,-100.0,7089,7582,70867,14.48,0.7368,100.0,-100.0,35000,35867,-0.0122,0.7405,100.0,340144,-0.0037,0.0,True
M1,5,1.0,70,3.0,newyork,fft_cycle,64,0.05,5,50.0,14671,14.71,0.749,100.0,-100.0,7089,7582,70867,14.48,0.7368,100.0,-100.0,35000,35867,-0.0122,0.7405,100.0,340144,-0.0037,0.0,True
M1,5,1.0,30,3.0,asian,full_confl,64,0.03,5,53.2,7326,15.21,0.7544,100.0,-100.0,3669,3657,35132,15.32,0.7364,100.0,-100.0,17644,17488,-0.018,0.7485,100.0,223224,-0.0121,0.0,True
M1,5,0.3,30,3.0,all,full_confl,64,0.03,10,53.2,2775,13.23,0.6673,99.75,-99.68,1338,1437,14298,14.75,0.7356,100.0,-100.0,7207,7091,0.0683,0.7392,100.0,214969,-0.0036,0.0,True
M1,5,0.3,30,3.0,all,full_confl,64,0.05,5,50.0,6429,13.52,0.6761,100.0,-100.0,3082,3347,31283,14.73,0.7353,100.0,-100.0,15593,15690,0.0592,0.7392,100.0,214969,-0.0039,0.0,True
M1,5,0.5,30,3.0,all,baseline,0,0.0,0,0.0,70742,13.95,0.7067,100.0,-100.0,34402,36340,342639,14.67,0.7336,100.0,-100.0,168478,174161,0.0269,0.7336,100.0,342639,0.0,0.0,True
M1,5,0.3,30,3.0,all,full_confl,64,0.03,5,53.2,6750,13.44,0.6712,100.0,-100.0,3252,3498,32933,14.68,0.7328,100.0,-100.0,16396,16537,0.0616,0.7392,100.0,214969,-0.0064,0.0,True
M1,5,0.5,70,3.0,newyork,fft_cycle,64,0.03,5,53.2,8310,14.16,0.7152,100.0,-100.0,4027,4283,40045,14.46,0.7324,100.0,-100.0,19790,20255,0.0172,0.7488,100.0,193388,-0.0164,0.0,True
M1,5,0.5,70,3.0,newyork,fft_cycle,64,0.05,5,50.0,8310,14.16,0.7152,100.0,-100.0,4027,4283,40045,14.46,0.7324,100.0,-100.0,19790,20255,0.0172,0.7488,100.0,193388,-0.0164,0.0,True
M1,5,1.0,70,3.0,newyork,fft_cycle,64,0.03,10,53.2,6182,15.71,0.8014,99.99,-99.96,3018,3164,31198,14.53,0.7316,100.0,-100.0,15635,15563,-0.0698,0.7405,100.0,340144,-0.0089,0.0,True
M1,5,1.0,70,3.0,newyork,fft_cycle,64,0.05,10,50.0,6182,15.71,0.8014,99.99,-99.96,3018,3164,31198,14.53,0.7316,100.0,-100.0,15635,15563,-0.0698,0.7405,100.0,340144,-0.0089,0.0,True
M1,5,1.0,30,3.0,asian,full_confl,64,0.05,5,50.0,6988,15.14,0.7488,100.0,-100.0,3495,3493,33447,15.25,0.7315,100.0,-100.0,16838,16609,-0.0173,0.7485,100.0,223224,-0.017,0.0,True
M1,5,0.5,30,3.0,all,full_confl,64,0.05,10,50.0,4312,13.73,0.6865,99.99,-99.98,2118,2194,21617,14.62,0.7307,100.0,-100.0,10911,10706,0.0442,0.7336,100.0,342639,-0.0029,0.0,True
M1,5,0.3,70,3.0,newyork,fft_cycle,64,0.03,5,53.2,5468,13.88,0.6955,100.0,-100.0,2649,2819,26546,14.44,0.7306,100.0,-100.0,13146,13400,0.0351,0.7504,100.0,128504,-0.0198,0.0,True
M1,5,0.3,70,3.0,newyork,fft_cycle,64,0.05,5,50.0,5468,13.88,0.6955,100.0,-100.0,2649,2819,26546,14.44,0.7306,100.0,-100.0,13146,13400,0.0351,0.7504,100.0,128504,-0.0198,0.0,True
M1,5,0.3,70,3.0,asian,full_confl,64,0.03,10,53.2,1767,15.85,0.8046,91.67,-89.1,869,898,8664,15.5,0.7298,100.0,-100.0,4452,4212,-0.0748,0.7556,100.0,127536,-0.0258,0.0,True
M1,5,0.5,70,3.0,asian,full_confl,64,0.03,10,53.2,2773,15.83,0.791,98.25,-97.67,1398,1375,13290,15.43,0.7293,100.0,-100.0,6826,6464,-0.0617,0.7537,100.0,195824,-0.0244,0.0,True
M1,5,0.5,30,3.0,all,full_confl,64,0.05,5,50.0,10406,13.87,0.6969,100.0,-100.0,5037,5369,49798,14.62,0.7286,100.0,-100.0,24828,24970,0.0317,0.7336,100.0,342639,-0.005,0.0,True
M1,5,1.0,30,3.0,asian,full_confl,64,0.03,10,53.2,3212,15.44,0.7782,98.99,-98.95,1576,1636,15150,15.25,0.7286,100.0,-100.0,7783,7367,-0.0496,0.7485,100.0,223224,-0.0199,0.0,True
M1,5,0.3,70,3.0,newyork,fft_cycle,64,0.03,10,53.2,2255,14.86,0.7363,98.6,-97.8,1101,1154,11478,14.71,0.7284,100.0,-100.0,5788,5690,-0.0079,0.7504,100.0,128504,-0.022,0.0,True
M1,5,0.3,70,3.0,newyork,fft_cycle,64,0.05,10,50.0,2255,14.86,0.7363,98.6,-97.8,1101,1154,11478,14.71,0.7284,100.0,-100.0,5788,5690,-0.0079,0.7504,100.0,128504,-0.022,0.0,True
M1,5,0.5,30,3.0,all,full_confl,64,0.03,10,53.2,4564,13.61,0.6819,99.99,-99.99,2249,2315,22849,14.56,0.7277,100.0,-100.0,11526,11323,0.0458,0.7336,100.0,342639,-0.0059,0.0,True
M1,5,0.3,30,3.0,all,fft_cycle,64,0.03,5,53.2,9613,13.67,0.6854,100.0,-100.0,4651,4962,47072,14.58,0.7274,100.0,-100.0,23448,23624,0.042,0.7392,100.0,214969,-0.0118,0.0,True
M1,5,0.3,30,3.0,all,fft_cycle,64,0.05,5,50.0,9613,13.67,0.6854,100.0,-100.0,4651,4962,47072,14.58,0.7274,100.0,-100.0,23448,23624,0.042,0.7392,100.0,214969,-0.0118,0.0,True
M1,5,1.0,30,3.0,all,baseline,0,0.0,0,0.0,139616,13.91,0.7047,100.0,-100.0,67912,71704,668607,14.53,0.7273,100.0,-100.0,329404,339203,0.0226,0.7273,100.0,668607,0.0,0.0,True
M1,5,0.3,70,3.0,all,baseline,0,0.0,0,0.0,78959,13.77,0.6892,100.0,-100.0,38372,40587,381042,14.61,0.7268,100.0,-100.0,187868,193174,0.0376,0.7268,100.0,381042,0.0,0.0,True
M1,5,0.5,30,3.0,all,full_confl,64,0.03,5,53.2,10940,13.75,0.69,100.0,-100.0,5313,5627,52373,14.57,0.7267,100.0,-100.0,26107,26266,0.0367,0.7336,100.0,342639,-0.0069,0.0,True
M1,5,0.5,30,3.0,all,fft_cycle,64,0.03,5,53.2,15474,13.94,0.7028,100.0,-100.0,7521,7953,75031,14.52,0.7252,100.0,-100.0,37397,37634,0.0224,0.7336,100.0,342639,-0.0084,0.0,True
M1,5,0.5,30,3.0,all,fft_cycle,64,0.05,5,50.0,15474,13.94,0.7028,100.0,-100.0,7521,7953,75031,14.52,0.7252,100.0,-100.0,37397,37634,0.0224,0.7336,100.0,342639,-0.0084,0.0,True
M1,5,0.5,70,3.0,asian,full_confl,64,0.05,10,50.0,2635,15.94,0.795,98.02,-97.03,1325,1310,12584,15.38,0.7248,100.0,-100.0,6491,6093,-0.0702,0.7537,100.0,195824,-0.0289,0.0,True
M1,5,1.0,30,3.0,all,fft_cycle,64,0.03,5,53.2,30352,14.38,0.7285,100.0,-100.0,14778,15574,147223,14.49,0.7247,100.0,-100.0,73188,74035,-0.0038,0.7273,100.0,668607,-0.0026,0.0,True
M1,5,1.0,30,3.0,all,fft_cycle,64,0.05,5,50.0,30352,14.38,0.7285,100.0,-100.0,14778,15574,147223,14.49,0.7247,100.0,-100.0,73188,74035,-0.0038,0.7273,100.0,668607,-0.0026,0.0,True
M1,5,0.5,70,3.0,all,baseline,0,0.0,0,0.0,121099,13.81,0.6924,100.0,-100.0,59087,62012,582658,14.54,0.7236,100.0,-100.0,287690,294968,0.0312,0.7236,100.0,582658,0.0,0.0,True
M1,5,1.0,70,3.0,asian,full_confl,64,0.03,10,53.2,5026,15.4,0.7686,99.95,-99.94,2529,2497,23908,15.21,0.7235,100.0,-100.0,12325,11583,-0.0451,0.7482,100.0,350401,-0.0247,0.0,True
M1,5,0.3,70,3.0,asian,full_confl,64,0.05,10,50.0,1681,15.82,0.802,91.44,-88.2,824,857,8185,15.39,0.7233,100.0,-100.0,4224,3961,-0.0787,0.7556,100.0,127536,-0.0323,0.0,True
M1,5,0.3,30,3.0,all,fft_cycle,64,0.03,10,53.2,4185,13.12,0.6633,99.99,-99.98,2060,2125,21318,14.53,0.7229,100.0,-100.0,10825,10493,0.0596,0.7392,100.0,214969,-0.0163,0.0,True
M1,5,0.3,30,3.0,all,fft_cycle,64,0.05,10,50.0,4185,13.12,0.6633,99.99,-99.98,2060,2125,21318,14.53,0.7229,100.0,-100.0,10825,10493,0.0596,0.7392,100.0,214969,-0.0163,0.0,True
M1,5,0.3,70,3.0,all,full_confl,64,0.05,5,50.0,11448,13.47,0.6658,100.0,-100.0,5602,5846,55254,14.56,0.7226,100.0,-100.0,27670,27584,0.0568,0.7268,100.0,381042,-0.0042,0.0,True
M1,5,1.0,30,3.0,asian,full_confl,64,0.05,10,50.0,3061,15.42,0.7704,99.04,-98.91,1500,1561,14354,15.15,0.7223,100.0,-100.0,7391,6963,-0.0481,0.7485,100.0,223224,-0.0262,0.0,True
M1,5,1.0,30,3.0,all,full_confl,64,0.03,5,53.2,21384,14.23,0.7184,100.0,-100.0,10417,10967,102462,14.44,0.7211,100.0,-100.0,50890,51572,0.0027,0.7273,100.0,668607,-0.0062,0.0,True
M1,5,0.3,70,3.0,all,full_confl,64,0.03,5,53.2,11987,13.48,0.6663,100.0,-100.0,5889,6098,58147,14.52,0.7205,100.0,-100.0,29089,29058,0.0542,0.7268,100.0,381042,-0.0063,0.0,True
M1,5,1.0,30,3.0,all,full_confl,64,0.05,5,50.0,20304,14.29,0.721,100.0,-100.0,9900,10404,97467,14.44,0.7203,100.0,-100.0,48458,49009,-0.0007,0.7273,100.0,668607,-0.007,0.0,True
M1,5,0.5,30,3.0,all,fft_cycle,64,0.03,10,53.2,6827,13.51,0.6831,100.0,-100.0,3393,3434,34197,14.41,0.7195,100.0,-100.0,17262,16935,0.0364,0.7336,100.0,342639,-0.0141,0.0,True
M1,5,0.5,30,3.0,all,fft_cycle,64,0.05,10,50.0,6827,13.51,0.6831,100.0,-100.0,3393,3434,34197,14.41,0.7195,100.0,-100.0,17262,16935,0.0364,0.7336,100.0,342639,-0.0141,0.0,True
M1,5,0.5,70,3.0,newyork,fft_cycle,64,0.03,10,53.2,3452,14.89,0.7489,99.77,-99.59,1686,1766,17493,14.49,0.7186,100.0,-100.0,8785,8708,-0.0303,0.7488,100.0,193388,-0.0302,0.0,True
M1,5,0.5,70,3.0,newyork,fft_cycle,64,0.05,10,50.0,3452,14.89,0.7489,99.77,-99.59,1686,1766,17493,14.49,0.7186,100.0,-100.0,8785,8708,-0.0303,0.7488,100.0,193388,-0.0302,0.0,True
M1,5,1.0,70,3.0,asian,full_confl,64,0.05,10,50.0,4780,15.44,0.769,99.93,-99.92,2395,2385,22664,15.12,0.7183,100.0,-100.0,11719,10945,-0.0507,0.7482,100.0,350401,-0.0299,0.0,True
M1,5,1.0,70,3.0,all,baseline,0,0.0,0,0.0,218393,13.91,0.6988,100.0,-100.0,106798,111595,1039564,14.43,0.7182,100.0,-100.0,514342,525222,0.0194,0.7182,100.0,1039564,0.0,0.0,True
M1,5,0.5,70,3.0,all,full_confl,64,0.05,5,50.0,17668,13.89,0.6895,100.0,-100.0,8659,9009,84488,14.51,0.7181,100.0,-100.0,42332,42156,0.0286,0.7236,100.0,582658,-0.0055,0.0,True
M1,5,0.3,70,3.0,all,full_confl,64,0.05,10,50.0,4673,14.02,0.7056,99.99,-99.98,2295,2378,23898,14.57,0.7175,100.0,-100.0,12104,11794,0.0119,0.7268,100.0,381042,-0.0093,0.0,True
M1,5,0.5,70,3.0,all,full_confl,64,0.03,5,53.2,18535,13.84,0.6871,100.0,-100.0,9106,9429,88844,14.46,0.7164,100.0,-100.0,44510,44334,0.0293,0.7236,100.0,582658,-0.0072,0.0,True
M1,5,0.3,70,3.0,all,fft_cycle,64,0.03,5,53.2,17000,13.8,0.6872,100.0,-100.0,8315,8685,83062,14.42,0.7159,100.0,-100.0,41496,41566,0.0287,0.7268,100.0,381042,-0.0109,0.0,True
M1,5,0.3,70,3.0,all,fft_cycle,64,0.05,5,50.0,17000,13.8,0.6872,100.0,-100.0,8315,8685,83062,14.42,0.7159,100.0,-100.0,41496,41566,0.0287,0.7268,100.0,381042,-0.0109,0.0,True
M1,5,0.3,70,3.0,all,full_confl,64,0.03,10,53.2,4935,14.16,0.7155,99.99,-99.98,2436,2499,25272,14.55,0.7155,100.0,-100.0,12772,12500,0.0,0.7268,100.0,381042,-0.0113,0.0,True
M1,5,1.0,70,3.0,all,fft_cycle,64,0.03,5,53.2,47047,14.25,0.7149,100.0,-100.0,23158,23889,228210,14.39,0.7155,100.0,-100.0,113814,114396,0.0006,0.7182,100.0,1039564,-0.0027,0.0,True
M1,5,1.0,70,3.0,all,fft_cycle,64,0.05,5,50.0,47047,14.25,0.7149,100.0,-100.0,23158,23889,228210,14.39,0.7155,100.0,-100.0,113814,114396,0.0006,0.7182,100.0,1039564,-0.0027,0.0,True
M1,5,0.5,70,3.0,all,fft_cycle,64,0.03,5,53.2,26231,13.96,0.697,100.0,-100.0,12888,13343,127163,14.42,0.7153,100.0,-100.0,63494,63669,0.0183,0.7236,100.0,582658,-0.0083,0.0,True
M1,5,0.5,70,3.0,all,fft_cycle,64,0.05,5,50.0,26231,13.96,0.697,100.0,-100.0,12888,13343,127163,14.42,0.7153,100.0,-100.0,63494,63669,0.0183,0.7236,100.0,582658,-0.0083,0.0,True
M1,5,1.0,70,3.0,all,full_confl,64,0.03,5,53.2,33213,14.14,0.7078,100.0,-100.0,16355,16858,159127,14.38,0.7145,100.0,-100.0,79545,79582,0.0067,0.7182,100.0,1039564,-0.0037,0.0,True
M1,5,1.0,30,3.0,all,fft_cycle,64,0.03,10,53.2,13518,14.54,0.7408,100.0,-100.0,6692,6826,67389,14.29,0.7143,100.0,-100.0,33910,33479,-0.0265,0.7273,100.0,668607,-0.013,0.0,True
M1,5,1.0,30,3.0,all,fft_cycle,64,0.05,10,50.0,13518,14.54,0.7408,100.0,-100.0,6692,6826,67389,14.29,0.7143,100.0,-100.0,33910,33479,-0.0265,0.7273,100.0,668607,-0.013,0.0,True
M1,5,1.0,70,3.0,all,full_confl,64,0.05,5,50.0,31620,14.15,0.7077,100.0,-100.0,15566,16054,151419,14.39,0.7143,100.0,-100.0,75752,75667,0.0066,0.7182,100.0,1039564,-0.0039,0.0,True
M1,5,1.0,30,3.0,all,full_confl,64,0.03,10,53.2,8975,14.64,0.7445,100.0,-100.0,4410,4565,44739,14.27,0.7124,100.0,-100.0,22435,22304,-0.0321,0.7273,100.0,668607,-0.0149,0.0,True
M1,5,1.0,30,3.0,all,full_confl,64,0.05,10,50.0,8479,14.67,0.7419,100.0,-100.0,4171,4308,42388,14.27,0.712,100.0,-100.0,21265,21123,-0.0299,0.7273,100.0,668607,-0.0153,0.0,True
M1,5,0.5,70,3.0,all,full_confl,64,0.05,10,50.0,7292,14.47,0.7249,100.0,-100.0,3631,3661,36662,14.41,0.7089,100.0,-100.0,18588,18074,-0.016,0.7236,100.0,582658,-0.0147,0.0,True
M1,5,1.0,70,3.0,all,full_confl,64,0.05,10,50.0,13254,14.77,0.7444,100.0,-100.0,6565,6689,66155,14.27,0.7065,100.0,-100.0,33426,32729,-0.0379,0.7182,100.0,1039564,-0.0117,0.0,True
M1,5,1.0,70,3.0,all,full_confl,64,0.03,10,53.2,14012,14.8,0.7491,100.0,-100.0,6954,7058,69798,14.26,0.7063,100.0,-100.0,35224,34574,-0.0428,0.7182,100.0,1039564,-0.0119,0.0,True
M1,5,0.5,70,3.0,all,full_confl,64,0.03,10,53.2,7712,14.52,0.7298,100.0,-100.0,3854,3858,38724,14.35,0.7059,100.0,-100.0,19597,19127,-0.0239,0.7236,100.0,582658,-0.0177,0.0,True
M1,5,1.0,70,3.0,all,fft_cycle,64,0.03,10,53.2,20904,14.74,0.7464,100.0,-100.0,10456,10448,104849,14.23,0.7054,100.0,-100.0,52816,52033,-0.041,0.7182,100.0,1039564,-0.0128,0.0,True
M1,5,1.0,70,3.0,all,fft_cycle,64,0.05,10,50.0,20904,14.74,0.7464,100.0,-100.0,10456,10448,104849,14.23,0.7054,100.0,-100.0,52816,52033,-0.041,0.7182,100.0,1039564,-0.0128,0.0,True
M1,5,0.3,70,3.0,all,fft_cycle,64,0.03,10,53.2,7392,14.22,0.7205,100.0,-100.0,3671,3721,37607,14.25,0.7006,100.0,-100.0,19078,18529,-0.0199,0.7268,100.0,381042,-0.0262,0.0,True
M1,5,0.3,70,3.0,all,fft_cycle,64,0.05,10,50.0,7392,14.22,0.7205,100.0,-100.0,3671,3721,37607,14.25,0.7006,100.0,-100.0,19078,18529,-0.0199,0.7268,100.0,381042,-0.0262,0.0,True
M1,5,0.5,70,3.0,all,fft_cycle,64,0.03,10,53.2,11501,14.38,0.7271,100.0,-100.0,5774,5727,57860,14.18,0.6983,100.0,-100.0,29194,28666,-0.0288,0.7236,100.0,582658,-0.0253,0.0,True
M1,5,0.5,70,3.0,all,fft_cycle,64,0.05,10,50.0,11501,14.38,0.7271,100.0,-100.0,5774,5727,57860,14.18,0.6983,100.0,-100.0,29194,28666,-0.0288,0.7236,100.0,582658,-0.0253,0.0,True
M1,5,0.3,30,3.0,london,full_confl,64,0.05,10,50.0,1087,10.03,0.5133,95.84,-95.84,531,556,5260,13.65,0.6869,100.0,-100.0,2650,2610,0.1736,0.6667,100.0,77116,0.0202,0.0,True
M1,5,0.3,30,3.0,london,full_confl,64,0.05,5,50.0,2519,12.39,0.6363,99.66,-99.62,1195,1324,11859,13.51,0.6819,100.0,-100.0,5888,5971,0.0456,0.6667,100.0,77116,0.0152,0.0,True
M1,5,0.5,30,3.0,london,full_confl,64,0.05,10,50.0,1759,10.01,0.4972,99.58,-99.58,889,870,8554,13.42,0.6736,100.0,-100.0,4312,4242,0.1764,0.665,100.0,125400,0.0086,0.0,True
M1,5,0.3,30,3.0,london,full_confl,64,0.03,10,53.2,1150,10.0,0.5126,96.54,-96.54,566,584,5578,13.46,0.6731,100.0,-100.0,2802,2776,0.1605,0.6667,100.0,77116,0.0064,0.0,True
M1,5,0.3,30,3.0,london,full_confl,64,0.03,5,53.2,2652,12.14,0.622,99.81,-99.77,1271,1381,12516,13.34,0.6715,100.0,-100.0,6199,6317,0.0495,0.6667,100.0,77116,0.0048,0.0,True
M1,5,1.0,30,3.0,london,full_confl,64,0.05,10,50.0,3472,12.07,0.6052,99.98,-99.98,1741,1731,16941,13.34,0.6692,100.0,-100.0,8428,8513,0.064,0.6664,100.0,246968,0.0028,0.0,True
M1,5,0.5,30,3.0,london,full_confl,64,0.05,5,50.0,4147,12.37,0.6264,99.99,-99.99,2000,2147,19116,13.38,0.6688,100.0,-100.0,9532,9584,0.0424,0.665,100.0,125400,0.0038,0.0,True
M1,5,0.3,70,3.0,london,baseline,0,0.0,0,0.0,29897,12.24,0.6134,100.0,-100.0,14678,15219,136064,13.35,0.6681,100.0,-100.0,68116,67948,0.0547,0.6681,100.0,136064,0.0,0.0,True
M1,5,1.0,30,3.0,london,full_confl,64,0.05,5,50.0,8138,12.99,0.6603,100.0,-100.0,3951,4187,37750,13.34,0.6681,100.0,-100.0,18757,18993,0.0078,0.6664,100.0,246968,0.0017,0.0,True
M1,5,0.3,30,3.0,london,baseline,0,0.0,0,0.0,16930,12.95,0.664,100.0,-100.0,8179,8751,77116,13.29,0.6667,100.0,-100.0,38114,39002,0.0027,0.6667,100.0,77116,0.0,0.0,True
M1,5,1.0,30,3.0,london,baseline,0,0.0,0,0.0,54481,12.67,0.6437,100.0,-100.0,26362,28119,246968,13.26,0.6664,100.0,-100.0,122512,124456,0.0227,0.6664,100.0,246968,0.0,0.0,True
M1,5,1.0,30,3.0,london,full_confl,64,0.03,5,53.2,8583,12.97,0.6594,100.0,-100.0,4159,4424,39713,13.3,0.6658,100.0,-100.0,19698,20015,0.0064,0.6664,100.0,246968,-0.0006,0.0,True
M1,5,1.0,30,3.0,london,full_confl,64,0.03,10,53.2,3681,12.14,0.6104,99.99,-99.99,1843,1838,17869,13.29,0.6657,100.0,-100.0,8878,8991,0.0553,0.6664,100.0,246968,-0.0007,0.0,True
M1,5,1.0,70,3.0,london,full_confl,64,0.05,10,50.0,5543,12.21,0.6095,100.0,-100.0,2756,2787,26107,13.34,0.6655,100.0,-100.0,13289,12818,0.056,0.6652,100.0,382736,0.0003,0.0,True
M1,5,1.0,70,3.0,london,baseline,0,0.0,0,0.0,84724,12.51,0.6297,100.0,-100.0,41643,43081,382736,13.28,0.6652,100.0,-100.0,191739,190997,0.0355,0.6652,100.0,382736,0.0,0.0,True
M1,5,0.5,30,3.0,london,baseline,0,0.0,0,0.0,27331,12.77,0.653,100.0,-100.0,13309,14022,125400,13.26,0.665,100.0,-100.0,62111,63289,0.012,0.665,100.0,125400,0.0,0.0,True
M1,5,1.0,70,3.0,london,full_confl,64,0.03,10,53.2,5842,12.31,0.6152,100.0,-100.0,2908,2934,27556,13.31,0.6642,100.0,-100.0,14012,13544,0.049,0.6652,100.0,382736,-0.001,0.0,True
M1,5,0.5,70,3.0,london,baseline,0,0.0,0,0.0,46457,12.3,0.6174,100.0,-100.0,22917,23540,212060,13.26,0.663,100.0,-100.0,106297,105763,0.0456,0.663,100.0,212060,0.0,0.0,True
M1,5,1.0,30,3.0,london,fft_cycle,64,0.03,10,53.2,5362,12.48,0.6343,100.0,-100.0,2688,2674,26665,13.21,0.6619,100.0,-100.0,13308,13357,0.0276,0.6664,100.0,246968,-0.0045,0.0,True
M1,5,1.0,30,3.0,london,fft_cycle,64,0.05,10,50.0,5362,12.48,0.6343,100.0,-100.0,2688,2674,26665,13.21,0.6619,100.0,-100.0,13308,13357,0.0276,0.6664,100.0,246968,-0.0045,0.0,True
M1,5,1.0,30,3.0,london,fft_cycle,64,0.03,5,53.2,11946,13.28,0.6762,100.0,-100.0,5836,6110,56654,13.2,0.6617,100.0,-100.0,28162,28492,-0.0145,0.6664,100.0,246968,-0.0047,0.0,True
M1,5,1.0,30,3.0,london,fft_cycle,64,0.05,5,50.0,11946,13.28,0.6762,100.0,-100.0,5836,6110,56654,13.2,0.6617,100.0,-100.0,28162,28492,-0.0145,0.6664,100.0,246968,-0.0047,0.0,True
M1,5,0.5,30,3.0,london,full_confl,64,0.03,10,53.2,1871,10.05,0.4996,99.69,-99.69,948,923,9045,13.21,0.6614,100.0,-100.0,4553,4492,0.1618,0.665,100.0,125400,-0.0036,0.0,True
M1,5,0.5,30,3.0,london,full_confl,64,0.03,5,53.2,4370,12.27,0.6201,100.0,-100.0,2119,2251,20146,13.22,0.6601,100.0,-100.0,10032,10114,0.04,0.665,100.0,125400,-0.0049,0.0,True
M1,5,0.3,70,3.0,london,full_confl,64,0.05,10,50.0,1896,10.81,0.539,99.57,-99.55,952,944,9237,13.31,0.6593,100.0,-100.0,4725,4512,0.1203,0.6681,100.0,136064,-0.0088,0.0,True
M1,5,0.5,30,3.0,london,fft_cycle,64,0.03,5,53.2,6066,12.76,0.647,100.0,-100.0,3005,3061,28509,13.09,0.6545,100.0,-100.0,14218,14291,0.0075,0.665,100.0,125400,-0.0105,0.0,True
M1,5,0.5,30,3.0,london,fft_cycle,64,0.05,5,50.0,6066,12.76,0.647,100.0,-100.0,3005,3061,28509,13.09,0.6545,100.0,-100.0,14218,14291,0.0075,0.665,100.0,125400,-0.0105,0.0,True
M1,5,0.3,70,3.0,london,full_confl,64,0.05,5,50.0,4475,11.78,0.5845,100.0,-100.0,2195,2280,20949,13.1,0.6544,100.0,-100.0,10548,10401,0.0699,0.6681,100.0,136064,-0.0137,0.0,True
M1,5,1.0,70,3.0,london,full_confl,64,0.05,5,50.0,12714,12.76,0.6428,100.0,-100.0,6233,6481,58511,13.13,0.6544,100.0,-100.0,29494,29017,0.0116,0.6652,100.0,382736,-0.0108,0.0,True
M1,5,1.0,70,3.0,london,full_confl,64,0.03,5,53.2,13348,12.77,0.644,100.0,-100.0,6542,6806,61546,13.11,0.653,100.0,-100.0,31004,30542,0.009,0.6652,100.0,382736,-0.0122,0.0,True
M1,5,0.3,70,3.0,london,full_confl,64,0.03,10,53.2,1997,11.07,0.5548,99.6,-99.58,1007,990,9787,13.22,0.6524,100.0,-100.0,4998,4789,0.0976,0.6681,100.0,136064,-0.0157,0.0,True
M1,5,1.0,70,3.0,london,fft_cycle,64,0.03,10,53.2,8389,12.34,0.6222,100.0,-100.0,4236,4153,40968,13.13,0.6523,100.0,-100.0,20764,20204,0.0301,0.6652,100.0,382736,-0.0129,0.0,True
M1,5,1.0,70,3.0,london,fft_cycle,64,0.05,10,50.0,8389,12.34,0.6222,100.0,-100.0,4236,4153,40968,13.13,0.6523,100.0,-100.0,20764,20204,0.0301,0.6652,100.0,382736,-0.0129,0.0,True
M1,5,1.0,70,3.0,london,fft_cycle,64,0.03,5,53.2,18500,12.89,0.6521,100.0,-100.0,9141,9359,87492,13.06,0.6516,100.0,-100.0,43951,43541,-0.0005,0.6652,100.0,382736,-0.0136,0.0,True
M1,5,1.0,70,3.0,london,fft_cycle,64,0.05,5,50.0,18500,12.89,0.6521,100.0,-100.0,9141,9359,87492,13.06,0.6516,100.0,-100.0,43951,43541,-0.0005,0.6652,100.0,382736,-0.0136,0.0,True
M1,5,0.5,70,3.0,london,full_confl,64,0.05,10,50.0,2971,11.41,0.5634,99.98,-99.97,1501,1470,14330,13.17,0.6514,100.0,-100.0,7344,6986,0.088,0.663,100.0,212060,-0.0116,0.0,True
M1,5,0.5,30,3.0,london,fft_cycle,64,0.03,10,53.2,2696,10.79,0.5487,99.95,-99.94,1382,1314,13339,13.02,0.65,100.0,-100.0,6692,6647,0.1013,0.665,100.0,125400,-0.015,0.0,True
M1,5,0.5,30,3.0,london,fft_cycle,64,0.05,10,50.0,2696,10.79,0.5487,99.95,-99.94,1382,1314,13339,13.02,0.65,100.0,-100.0,6692,6647,0.1013,0.665,100.0,125400,-0.015,0.0,True
M1,5,0.3,30,3.0,london,fft_cycle,64,0.03,5,53.2,3693,12.62,0.6428,99.98,-99.97,1807,1886,17680,12.97,0.6491,100.0,-100.0,8802,8878,0.0063,0.6667,100.0,77116,-0.0176,0.0,True
M1,5,0.3,30,3.0,london,fft_cycle,64,0.05,5,50.0,3693,12.62,0.6428,99.98,-99.97,1807,1886,17680,12.97,0.6491,100.0,-100.0,8802,8878,0.0063,0.6667,100.0,77116,-0.0176,0.0,True
M1,5,0.3,70,3.0,london,full_confl,64,0.03,5,53.2,4682,11.73,0.5826,100.0,-100.0,2309,2373,22098,13.0,0.6477,100.0,-100.0,11122,10976,0.0651,0.6681,100.0,136064,-0.0204,0.0,True
M1,5,0.5,70,3.0,london,full_confl,64,0.05,5,50.0,7023,12.43,0.6178,100.0,-100.0,3432,3591,32424,13.02,0.6466,100.0,-100.0,16393,16031,0.0288,0.663,100.0,212060,-0.0164,0.0,True
M1,5,0.5,70,3.0,london,full_confl,64,0.03,10,53.2,3139,11.56,0.5723,99.98,-99.98,1590,1549,15155,13.06,0.6454,100.0,-100.0,7756,7399,0.0731,0.663,100.0,212060,-0.0176,0.0,True
M1,5,0.3,30,3.0,london,fft_cycle,64,0.03,10,53.2,1663,10.88,0.5627,98.82,-98.71,825,838,8206,12.99,0.6426,100.0,-100.0,4139,4067,0.0799,0.6667,100.0,77116,-0.0241,0.0,True
M1,5,0.3,30,3.0,london,fft_cycle,64,0.05,10,50.0,1663,10.88,0.5627,98.82,-98.71,825,838,8206,12.99,0.6426,100.0,-100.0,4139,4067,0.0799,0.6667,100.0,77116,-0.0241,0.0,True
M1,5,0.5,70,3.0,london,full_confl,64,0.03,5,53.2,7362,12.4,0.6168,100.0,-100.0,3608,3754,34159,12.93,0.6411,100.0,-100.0,17272,16887,0.0243,0.663,100.0,212060,-0.0219,0.0,True
M1,5,0.5,70,3.0,london,fft_cycle,64,0.03,5,53.2,10212,12.53,0.6279,100.0,-100.0,5065,5147,48174,12.84,0.637,100.0,-100.0,24285,23889,0.0091,0.663,100.0,212060,-0.026,0.0,True
M1,5,0.5,70,3.0,london,fft_cycle,64,0.05,5,50.0,10212,12.53,0.6279,100.0,-100.0,5065,5147,48174,12.84,0.637,100.0,-100.0,24285,23889,0.0091,0.663,100.0,212060,-0.026,0.0,True
M1,5,0.3,70,3.0,london,fft_cycle,64,0.03,5,53.2,6507,12.19,0.6103,100.0,-100.0,3226,3281,31060,12.75,0.6333,100.0,-100.0,15638,15422,0.023,0.6681,100.0,136064,-0.0348,0.0,True
M1,5,0.3,70,3.0,london,fft_cycle,64,0.05,5,50.0,6507,12.19,0.6103,100.0,-100.0,3226,3281,31060,12.75,0.6333,100.0,-100.0,15638,15422,0.023,0.6681,100.0,136064,-0.0348,0.0,True
M1,5,0.5,70,3.0,london,fft_cycle,64,0.03,10,53.2,4525,11.65,0.5875,100.0,-100.0,2319,2206,22285,12.74,0.6253,100.0,-100.0,11324,10961,0.0378,0.663,100.0,212060,-0.0377,0.0,True
M1,5,0.5,70,3.0,london,fft_cycle,64,0.05,10,50.0,4525,11.65,0.5875,100.0,-100.0,2319,2206,22285,12.74,0.6253,100.0,-100.0,11324,10961,0.0378,0.663,100.0,212060,-0.0377,0.0,True
M1,5,0.3,70,3.0,london,fft_cycle,64,0.03,10,53.2,2894,11.54,0.5894,99.93,-99.93,1467,1427,14324,12.64,0.6175,100.0,-100.0,7304,7020,0.0281,0.6681,100.0,136064,-0.0506,0.0,True
M1,5,0.3,70,3.0,london,fft_cycle,64,0.05,10,50.0,2894,11.54,0.5894,99.93,-99.93,1467,1427,14324,12.64,0.6175,100.0,-100.0,7304,7020,0.0281,0.6681,100.0,136064,-0.0506,0.0,True
