tf,ema_period,atr_channel_mult,sl_atr_mult,rr,session_label,train_trades,train_win_rate,train_profit_factor,train_max_drawdown_pct,train_pnl_pct,oos_trades,oos_win_rate,oos_profit_factor,oos_max_drawdown_pct,oos_pnl_pct,total_trades,total_longs,total_shorts,avg_bars
M5,100,1.5,1.0,4.0,asian,1616,20.05,1.0031,61.18,-24.23,7889,20.56,1.0353,92.01,87.86,9505,4683,4822,6.865996843766439
M5,100,1.5,1.0,3.0,asian,1616,24.63,0.9803,65.58,-37.93,7889,25.59,1.0319,86.09,98.13,9505,4683,4822,5.217001578116781
M5,100,2.0,1.0,3.0,asian,1515,24.82,0.9903,58.3,-28.34,7219,25.46,1.0247,90.1,28.17,8734,4315,4419,5.182653995878177
M5,100,2.0,1.0,2.0,asian,1515,33.07,0.9882,47.93,-23.66,7219,33.79,1.0205,76.6,29.43,8734,4315,4419,3.382653995878177
M5,100,2.0,1.0,4.0,asian,1515,19.47,0.9672,69.76,-49.91,7219,20.18,1.0115,93.5,-53.49,8734,4315,4419,6.765307991756354
M5,100,1.5,1.0,2.0,asian,1616,33.85,1.0234,43.55,9.22,7889,33.58,1.0111,82.96,-18.67,9505,4683,4822,3.382998421883219
M5,100,1.5,1.5,2.0,asian,1616,31.75,0.9302,74.91,-60.42,7889,33.58,1.0111,87.85,-18.67,9505,4683,4822,7.768006312467122
M5,100,2.0,1.5,2.0,asian,1515,32.34,0.9561,60.2,-45.03,7219,33.55,1.0098,89.05,-22.08,8734,4315,4419,7.8
M5,100,2.0,1.5,4.0,asian,1515,18.35,0.8997,81.97,-78.1,7219,20.13,1.0083,96.18,-61.03,8734,4315,4419,14.625498053583696
M5,50,1.5,1.0,2.0,asian,1963,33.57,1.0107,60.75,-5.42,9641,33.47,1.0062,88.98,-42.87,11604,5752,5852,3.383083419510514
M5,20,3.0,1.0,4.0,london,297,17.85,0.8689,36.16,-31.17,1626,20.05,1.0038,66.73,-23.62,1923,950,973,13.85210608424337
M5,100,2.5,1.0,2.0,asian,1327,32.48,0.9621,57.44,-37.51,6570,33.35,1.0007,91.24,-46.36,7897,3988,3909,3.4
M5,100,3.0,1.0,2.0,asian,1164,32.39,0.9581,44.86,-35.85,5765,33.32,0.9995,85.33,-44.71,6929,3592,3337,3.4496031173329484
M5,100,1.5,1.0,2.0,london,1494,32.8,0.9761,59.49,-32.11,7020,33.29,0.9981,91.04,-54.48,8514,4088,4426,6.782452431289641
M5,100,2.5,1.5,4.0,asian,1327,19.07,0.9458,71.62,-56.44,6570,19.89,0.9949,94.77,-78.84,7897,3988,3909,14.888134734709384
M5,100,1.5,1.5,3.0,asian,1616,23.82,0.9383,79.85,-62.91,7889,24.9,0.9946,96.18,-77.34,9505,4683,4822,11.331993687532878
M5,100,1.5,1.5,4.0,asian,1616,18.75,0.9231,84.28,-73.08,7889,19.9,0.994,98.54,-85.36,9505,4683,4822,14.502009468700685
M5,100,2.0,1.5,3.0,asian,1515,23.63,0.9283,71.67,-64.87,7219,24.85,0.9921,97.02,-77.57,8734,4315,4419,11.465307991756355
M5,50,1.5,1.5,4.0,asian,1963,19.61,0.9772,84.41,-52.26,9641,19.81,0.989,99.18,-93.46,11604,5752,5852,14.436832126852806
M5,50,1.5,1.0,3.0,asian,1963,25.37,1.0198,74.83,-0.35,9641,24.78,0.9883,97.55,-89.66,11604,5752,5852,5.183083419510513
M5,50,1.5,1.0,4.0,asian,1963,20.07,1.0045,76.13,-27.1,9641,19.8,0.9876,97.25,-94.14,11604,5752,5852,6.7
M5,100,2.0,1.0,3.0,london,1370,25.4,1.0215,73.21,1.51,6563,24.74,0.9864,94.25,-80.51,7933,3772,4161,11.279112567754947
M5,100,2.5,1.0,3.0,asian,1327,24.27,0.9612,71.69,-44.16,6570,24.72,0.985,97.37,-81.83,7897,3988,3909,5.2
M5,50,2.0,1.0,4.0,asian,1704,19.37,0.9607,69.75,-57.95,8336,19.73,0.9834,98.16,-93.47,10040,5091,4949,6.56605577689243
M5,100,1.5,1.5,2.0,london,1494,30.92,0.8953,75.78,-70.57,7020,32.95,0.9832,94.07,-77.31,8514,4088,4426,19.224524312896406
M5,50,1.5,1.5,2.0,asian,1963,33.27,0.9969,68.24,-20.93,9641,32.91,0.9811,96.85,-88.6,11604,5752,5852,7.816916580489487
M5,100,1.5,1.0,4.0,london,1494,18.74,0.9226,83.29,-70.46,7020,19.66,0.9794,97.19,-91.95,8514,4088,4426,17.131501057082453
M5,100,2.5,1.0,4.0,asian,1327,19.14,0.9469,76.67,-56.04,6570,19.67,0.9792,96.59,-90.68,7897,3988,3909,6.733607699126251
M5,100,1.5,1.0,3.0,london,1494,23.43,0.9178,82.83,-68.4,7020,24.59,0.9783,94.31,-88.67,8514,4088,4426,11.794714587737843
M5,100,3.0,1.0,2.0,london,1132,32.6,0.9672,60.72,-30.32,5307,32.82,0.9778,92.98,-73.1,6439,3112,3327,7.047258891132163
M5,50,3.0,1.5,4.0,asian,1023,17.4,0.8456,84.62,-77.26,5048,19.59,0.9763,98.58,-85.55,6071,3035,3036,14.768506012189096
M5,100,2.5,1.5,3.0,asian,1327,24.79,0.99,55.78,-25.57,6570,24.55,0.9762,96.23,-88.25,7897,3988,3909,11.452057743446877
M5,100,1.5,1.0,2.0,all,4254,32.13,0.947,91.35,-85.7,20114,32.77,0.9748,99.85,-99.54,24368,12041,12327,5.1
M5,50,1.5,1.5,3.0,asian,1963,24.2,0.9583,77.84,-59.52,9641,24.52,0.9746,98.91,-96.16,11604,5752,5852,11.301499482936919
M5,50,2.0,1.0,2.0,asian,1704,32.92,0.9816,51.61,-31.49,8336,32.75,0.974,94.63,-89.78,10040,5091,4949,3.36605577689243
M5,100,2.5,1.5,2.0,asian,1327,33.08,0.9887,54.84,-20.65,6570,32.74,0.9735,95.82,-83.75,7897,3988,3909,7.9336076991262505
M5,100,2.0,1.5,2.0,london,1370,33.43,1.0044,62.61,-9.18,6563,32.7,0.9724,92.0,-84.52,7933,3772,4161,18.6
M5,50,2.0,1.5,4.0,asian,1704,18.72,0.9226,82.22,-75.05,8336,19.54,0.9721,98.43,-96.91,10040,5091,4949,14.371553784860557
M5,100,1.5,1.0,3.0,all,4254,23.34,0.9135,98.18,-96.74,20114,24.46,0.9712,99.96,-99.93,24368,12041,12327,8.182542678923177
M5,50,2.0,1.0,3.0,asian,1704,24.77,0.9875,60.46,-33.68,8336,24.45,0.9708,98.22,-95.29,10040,5091,4949,5.149083665338646
M5,100,2.5,1.0,2.0,london,1280,32.11,0.9459,69.2,-44.84,5977,32.66,0.9704,89.71,-83.1,7257,3453,3804,6.758894860135042
M5,20,3.0,1.0,3.0,london,297,22.56,0.8739,31.38,-28.19,1626,24.42,0.9699,70.18,-45.5,1923,950,973,8.975663026521062
M5,100,1.5,1.5,3.0,london,1494,23.49,0.9229,75.16,-66.46,7020,24.37,0.9698,97.58,-92.73,8514,4088,4426,30.88583509513742
M5,20,3.0,1.5,4.0,london,297,17.85,0.887,31.44,-27.63,1626,19.25,0.9675,69.57,-51.76,1923,950,973,37.72854914196568
M5,50,2.5,1.5,4.0,asian,1334,17.84,0.8702,87.22,-81.0,6682,19.44,0.9672,98.71,-95.23,8016,3997,4019,14.749625748502995
M5,100,1.5,1.0,4.0,all,4254,19.28,0.9552,96.17,-90.48,20114,19.45,0.966,99.99,-99.99,24368,12041,12327,11.260341431385424
M5,100,1.5,1.5,2.0,all,4254,30.84,0.8919,98.22,-97.23,20114,32.55,0.9655,99.94,-99.87,24368,12041,12327,12.817457321076821
M5,20,3.0,1.0,2.0,london,297,31.31,0.9118,20.81,-18.83,1626,32.53,0.9653,63.45,-41.7,1923,950,973,4.66833073322933
M5,50,2.5,1.0,2.0,london,1304,32.29,0.9536,60.59,-41.58,6185,32.55,0.9652,91.4,-87.22,7489,3626,3863,6.782587795433303
M5,50,1.5,1.5,2.0,london,1969,31.69,0.9286,76.62,-68.36,9117,32.53,0.965,96.7,-95.24,11086,5340,5746,19.011194299116003
M5,100,3.0,1.5,4.0,asian,1164,18.73,0.9267,76.5,-59.64,5765,19.39,0.9638,96.89,-93.83,6929,3592,3337,14.836772983114447
M5,20,1.5,1.0,2.0,asian,2160,32.73,0.9732,55.81,-45.27,10473,32.5,0.9631,97.96,-97.37,12633,6219,6414,3.365803847067205
M5,100,2.0,1.0,4.0,london,1370,20.36,1.0229,72.21,-2.21,6563,19.38,0.9631,98.93,-95.95,7933,3772,4161,16.95460733644271
M5,100,3.0,1.5,2.0,asian,1164,32.82,0.977,57.43,-25.53,5765,32.49,0.9625,92.29,-86.81,6929,3592,3337,7.866402078221966
M5,100,2.5,1.5,2.0,london,1280,32.66,0.971,69.26,-31.33,5977,32.46,0.9625,95.03,-87.7,7257,3453,3804,19.64140829543889
M5,50,2.5,1.0,2.0,asian,1334,31.63,0.9254,64.6,-55.48,6682,32.48,0.9619,93.32,-90.7,8016,3997,4019,3.366716566866267
M5,20,1.5,1.5,4.0,asian,2160,18.47,0.9068,91.21,-86.99,10473,19.36,0.9613,99.85,-99.49,12633,6219,6414,14.188078841130373
M5,100,2.0,1.0,2.0,london,1370,32.92,0.9815,63.33,-26.31,6563,32.45,0.961,96.11,-90.68,7933,3772,4161,6.534539266355729
M5,100,3.0,1.5,2.0,london,1132,32.07,0.9478,69.97,-39.96,5307,32.39,0.9603,94.75,-85.62,6439,3112,3327,20.24291038981208
M5,50,2.0,1.5,3.0,asian,1704,24.0,0.9482,72.51,-59.97,8336,24.24,0.9601,98.46,-97.6,10040,5091,4949,11.267888446215139
M5,20,1.5,1.0,3.0,asian,2160,24.63,0.9803,70.13,-47.09,10473,24.24,0.96,99.56,-99.08,12633,6219,6414,4.965803847067205
M5,20,2.0,1.5,4.0,asian,1415,17.31,0.839,89.11,-88.11,6772,19.33,0.9588,99.35,-97.11,8187,4047,4140,14.0
M5,100,3.0,1.0,3.0,asian,1164,24.74,0.9863,54.08,-25.26,5765,24.22,0.9586,96.99,-92.91,6929,3592,3337,5.199206234665898
M5,50,2.5,1.5,2.0,asian,1334,32.08,0.9448,62.59,-46.75,6682,32.39,0.9579,94.66,-92.23,8016,3997,4019,7.783358283433134
M5,50,2.5,1.5,3.0,asian,1334,23.91,0.9429,73.66,-53.78,6682,24.2,0.9579,97.75,-95.49,8016,3997,4019,11.233283433133732
M5,50,2.0,1.0,2.0,london,1619,31.32,0.9119,74.99,-67.89,7767,32.37,0.9573,97.58,-95.02,9386,4545,4841,6.8310036224163655
M5,50,2.5,1.0,3.0,london,1304,24.23,0.9595,70.66,-44.52,6185,24.16,0.9559,97.62,-94.84,7489,3626,3863,11.434824409133395
M5,100,2.0,1.0,3.0,all,3902,24.65,0.9816,90.51,-67.12,18658,24.16,0.9558,100.0,-99.99,22560,11178,11382,8.065407801418438
M5,50,3.0,1.0,2.0,london,971,33.57,1.0109,42.68,-2.65,4741,32.31,0.9551,88.78,-85.1,5712,2802,2910,6.883000700280113
M5,50,2.0,1.5,2.0,asian,1704,32.75,0.9738,62.47,-37.36,8336,32.31,0.9545,97.65,-96.61,10040,5091,4949,7.8660557768924315
M5,20,2.0,1.5,3.0,asian,1415,22.33,0.8626,83.35,-81.82,6772,24.13,0.9541,98.04,-96.45,8187,4047,4140,10.765433003542201
M5,20,1.5,1.0,4.0,asian,2160,19.07,0.9428,87.08,-75.56,10473,19.26,0.9541,99.87,-99.72,12633,6219,6414,6.465803847067205
M5,100,3.0,1.5,3.0,asian,1164,24.23,0.9603,67.56,-40.47,5765,24.13,0.954,96.67,-94.18,6929,3592,3337,11.334391687112138
M5,100,3.0,1.0,3.0,london,1132,24.12,0.9534,71.09,-43.09,5307,24.1,0.9533,98.09,-92.91,6439,3112,3327,11.959357043019104
M5,50,3.0,1.0,4.0,london,971,19.05,0.9415,79.1,-47.47,4741,19.22,0.9529,95.77,-93.3,5712,2802,2910,16.647006302521007
M5,100,2.5,1.0,2.0,all,3538,32.33,0.9557,88.21,-75.5,16999,32.23,0.9515,99.97,-99.93,20537,10248,10289,5.165545113697229
M5,100,2.0,1.0,2.0,all,3902,32.24,0.9516,90.03,-81.01,18658,32.24,0.9515,99.99,-99.96,22560,11178,11382,5.01729609929078
M5,50,3.0,1.0,2.0,asian,1023,30.99,0.898,68.73,-55.87,5048,32.21,0.9503,94.96,-88.84,6071,3035,3036,3.349448196343271
M5,20,2.0,1.0,2.0,asian,1415,30.67,0.8848,80.59,-71.78,6772,32.21,0.9501,96.0,-94.77,8187,4047,4140,3.2
M5,50,1.5,1.5,3.0,london,1969,22.6,0.8789,93.09,-87.91,9117,23.98,0.9493,99.35,-99.19,11086,5340,5746,30.340149738408805
M5,20,3.0,1.5,2.0,london,297,31.99,0.9406,22.89,-13.84,1626,32.16,0.9492,64.88,-51.26,1923,950,973,16.277223088923556
M5,50,3.0,1.5,3.0,asian,1023,23.46,0.9207,71.93,-53.48,5048,24.03,0.9491,98.12,-93.13,6071,3035,3036,11.2
M5,50,2.5,1.0,4.0,london,1304,18.4,0.9023,87.56,-72.21,6185,19.16,0.9489,98.87,-97.59,7489,3626,3863,16.682587795433303
M5,20,2.0,1.5,2.0,asian,1415,30.74,0.8878,75.26,-70.92,6772,32.16,0.9482,95.91,-95.22,8187,4047,4140,7.465433003542201
M5,100,2.0,1.5,2.0,all,3902,32.29,0.9538,89.13,-79.84,18658,32.14,0.9475,99.99,-99.98,22560,11178,11382,12.73459219858156
M5,100,2.5,1.0,3.0,all,3538,24.65,0.9812,88.14,-63.9,16999,24.0,0.9475,100.0,-99.99,20537,10248,10289,8.162180454788919
M5,50,1.5,1.0,2.0,all,5440,31.86,0.9355,95.24,-94.6,26138,32.14,0.9473,100.0,-100.0,31578,15767,15811,5.1172271834821705
M5,50,1.5,1.5,2.0,all,5440,31.8,0.9334,95.88,-95.01,26138,32.13,0.9468,100.0,-100.0,31578,15767,15811,12.851681550446514
M5,20,3.0,1.5,3.0,asian,426,22.3,0.861,52.5,-40.46,2073,23.97,0.9461,85.23,-68.29,2499,1176,1323,10.282953181272509
M5,100,2.5,1.0,3.0,london,1280,24.06,0.9506,76.15,-48.56,5977,23.96,0.946,97.99,-96.35,7257,3453,3804,11.729599007854485
M5,100,1.5,1.5,4.0,london,1494,19.28,0.96,72.17,-53.46,7020,19.0,0.9458,99.59,-98.75,8514,4088,4426,40.04545454545455
M5,100,3.0,1.0,4.0,asian,1164,19.67,0.9797,64.87,-34.0,5765,19.12,0.9453,98.93,-97.38,6929,3592,3337,6.832804156443931
M5,100,1.5,1.5,3.0,all,4254,23.98,0.9468,93.22,-90.3,20114,23.93,0.9447,100.0,-100.0,24368,12041,12327,19.473054826001313
M5,50,3.0,1.0,4.0,asian,1023,17.4,0.8426,81.96,-77.94,5048,19.1,0.9442,98.87,-96.07,6071,3035,3036,6.498896392686542
M5,20,1.5,1.5,3.0,asian,2160,23.84,0.9392,84.84,-73.02,10473,23.92,0.9431,99.88,-99.76,12633,6219,6414,11.017098076466398
M5,20,1.5,1.5,2.0,asian,2160,33.15,0.9917,62.35,-28.39,10473,32.03,0.9427,99.65,-99.39,12633,6219,6414,7.665803847067205
M5,50,2.5,1.0,3.0,asian,1334,23.76,0.9351,72.75,-57.3,6682,23.89,0.9414,98.67,-98.06,8016,3997,4019,4.983358283433134
M5,50,1.5,1.0,3.0,all,5440,23.84,0.9396,96.99,-96.24,26138,23.87,0.9407,100.0,-100.0,31578,15767,15811,8.082772816517828
M5,50,1.5,1.0,2.0,london,1969,31.54,0.9214,78.84,-71.36,9117,31.98,0.9406,99.19,-98.96,11086,5340,5746,6.7822388598232
M5,100,2.5,1.0,4.0,all,3538,19.47,0.9674,89.04,-80.02,16999,19.0,0.9387,100.0,-100.0,20537,10248,10289,11.296635341091688
M5,20,2.5,1.0,4.0,london,594,19.87,0.9916,39.35,-14.44,3251,18.98,0.9384,94.9,-89.28,3845,1919,1926,15.284551365409625
M5,100,3.0,1.0,2.0,all,3120,32.53,0.9644,79.75,-65.23,15068,31.93,0.9383,99.99,-99.96,18188,9201,8987,5.265691664833956
M5,100,2.5,1.0,4.0,london,1280,18.98,0.9373,81.39,-59.0,5977,18.97,0.9376,99.22,-98.42,7257,3453,3804,17.247237150337607
M5,50,2.5,1.5,2.0,london,1304,32.29,0.9568,69.7,-39.79,6185,31.88,0.937,97.34,-96.13,7489,3626,3863,19.552236613700096
M5,50,1.5,1.0,3.0,london,1969,23.62,0.9275,84.77,-74.61,9117,23.79,0.9368,99.74,-99.66,11086,5340,5746,11.557910878585604
M5,50,2.0,1.0,2.0,all,4595,31.84,0.9345,94.22,-91.76,22272,31.88,0.9363,100.0,-100.0,26867,13564,13303,5.165794469051253
M5,50,3.0,1.0,3.0,london,971,24.92,0.9959,63.2,-15.93,4741,23.77,0.936,96.76,-94.97,5712,2802,2910,11.532002801120449
M5,100,3.0,1.5,2.0,all,3120,32.92,0.9832,82.1,-48.2,15068,31.86,0.9358,99.98,-99.97,18188,9201,8987,13.345612491752805
M5,100,2.5,1.5,2.0,all,3538,33.49,1.0077,71.66,-15.83,16999,31.86,0.9357,99.99,-99.99,20537,10248,10289,13.079407897940301
M5,100,1.5,1.5,4.0,all,4254,19.09,0.9453,95.65,-93.18,20114,18.91,0.9352,100.0,-100.0,24368,12041,12327,24.62542678923178
M5,20,2.0,1.0,4.0,asian,1415,17.24,0.8335,90.3,-88.91,6772,18.95,0.935,99.62,-99.21,8187,4047,4140,6.265433003542201
M5,100,2.5,1.5,3.0,london,1280,22.89,0.8942,85.93,-70.44,5977,23.67,0.9342,98.88,-97.86,7257,3453,3804,32.064723715033765
M5,100,2.0,1.0,4.0,all,3902,19.71,0.9818,87.73,-73.47,18658,18.92,0.9342,100.0,-100.0,22560,11178,11382,11.19622340425532
M5,20,3.0,1.5,4.0,asian,426,17.61,0.8571,58.21,-43.79,2073,18.91,0.9339,91.55,-77.69,2499,1176,1323,13.914765906362545
M5,50,2.0,1.0,3.0,london,1619,23.16,0.9043,84.13,-75.78,7767,23.73,0.9335,99.79,-99.36,9386,4545,4841,11.593010867249095
M5,50,1.5,1.5,4.0,london,1969,17.98,0.8828,94.74,-89.32,9117,18.78,0.933,99.89,-99.87,11086,5340,5746,39.440149738408806
M5,20,2.0,1.0,3.0,asian,1415,22.33,0.8626,86.35,-81.82,6772,23.72,0.9326,99.08,-98.83,8187,4047,4140,4.7827165017711
M5,50,3.0,1.0,3.0,asian,1023,23.36,0.9145,66.31,-55.73,5048,23.71,0.9325,98.44,-96.39,6071,3035,3036,4.998896392686542
M5,50,2.0,1.5,2.0,london,1619,31.25,0.9101,76.83,-68.52,7767,31.76,0.9322,99.39,-98.7,9386,4545,4841,19.34126358406137
M5,50,3.0,1.5,2.0,asian,1023,32.94,0.9825,50.71,-19.83,5048,31.76,0.9306,96.87,-94.39,6071,3035,3036,7.798896392686544
M5,20,3.0,1.5,2.0,asian,426,28.87,0.8119,49.04,-45.64,2073,31.74,0.93,83.18,-69.61,2499,1176,1323,7.017046818727491
M5,20,3.0,1.5,3.0,london,297,23.23,0.92,29.03,-19.89,1626,23.55,0.9289,76.51,-67.09,1923,950,973,27.436661466458656
M5,100,3.0,1.5,3.0,london,1132,22.97,0.9017,74.99,-63.51,5307,23.55,0.9284,98.63,-97.39,6439,3112,3327,32.31323186830254
M5,50,1.5,1.5,3.0,all,5440,23.24,0.9096,99.45,-98.93,26138,23.61,0.9281,100.0,-100.0,31578,15767,15811,19.31722718348217
M5,50,1.5,1.5,4.0,all,5440,18.69,0.9227,99.36,-98.8,26138,18.77,0.9275,100.0,-100.0,31578,15767,15811,24.368908733928684
M5,50,1.5,1.0,4.0,all,5440,18.92,0.9335,98.68,-98.08,26138,18.82,0.9274,100.0,-100.0,31578,15767,15811,11.013864082589144
M5,20,1.5,1.0,2.0,london,1962,31.86,0.9349,73.99,-65.38,9637,31.65,0.9261,99.8,-99.7,11599,5662,5937,6.649254246055694
M5,20,3.0,1.0,2.0,asian,426,26.76,0.7308,60.33,-58.45,2073,31.64,0.9259,78.83,-71.37,2499,1176,1323,2.7
M5,100,2.0,1.5,3.0,london,1370,25.26,1.0137,70.72,-6.22,6563,23.51,0.9258,99.5,-99.04,7933,3772,4161,30.723685869154167
M5,50,2.0,1.0,3.0,all,4595,24.03,0.949,93.91,-91.31,22272,23.57,0.9252,100.0,-100.0,26867,13564,13303,8.214486172628131
M5,100,2.5,1.5,4.0,london,1280,17.58,0.8612,90.74,-81.32,5977,18.65,0.9251,99.54,-99.11,7257,3453,3804,41.352914427449356
M5,20,2.5,1.5,2.0,london,594,33.67,1.0178,30.31,1.08,3251,31.59,0.9244,87.21,-86.39,3845,1919,1926,17.683719115734718
M5,50,2.5,1.0,2.0,all,3639,32.18,0.9489,88.66,-80.12,17775,31.61,0.9243,100.0,-100.0,21414,10790,10624,5.08300644438218
M5,100,3.0,1.0,3.0,all,3120,24.71,0.9851,80.28,-55.44,15068,23.55,0.9242,100.0,-100.0,18188,9201,8987,8.248537497250936
M5,20,2.5,1.0,2.0,asian,831,29.12,0.8217,73.26,-67.61,3908,31.6,0.9241,92.38,-91.0,4739,2320,2419,2.8824646549905037
M5,20,3.0,1.0,4.0,asian,426,14.08,0.6557,73.83,-73.42,2073,18.77,0.924,85.72,-81.14,2499,1176,1323,5.551140456182472
M5,50,2.5,1.0,4.0,asian,1334,19.04,0.9407,76.85,-59.03,6682,18.75,0.9232,99.72,-99.56,8016,3997,4019,6.5833582834331335
M5,50,2.5,1.5,3.0,london,1304,22.85,0.8931,84.31,-71.4,6185,23.44,0.922,99.11,-98.95,7489,3626,3863,30.900000000000002
M5,50,2.0,1.0,4.0,all,4595,19.28,0.9558,95.77,-91.93,22272,18.72,0.9214,100.0,-100.0,26867,13564,13303,10.997383407153755
M5,20,2.0,1.0,2.0,london,1117,33.66,1.0148,40.67,-0.15,5879,31.52,0.9207,99.02,-97.67,6996,3472,3524,6.004202401372213
M5,20,3.0,1.5,4.0,all,982,18.43,0.9107,63.53,-58.98,4954,18.63,0.9207,99.13,-98.34,5936,2909,3027,21.885680592991914
M5,100,3.0,1.0,4.0,london,1132,19.26,0.954,75.26,-47.05,5307,18.69,0.9204,99.67,-98.8,6439,3112,3327,17.44177667339649
M5,50,2.0,1.0,4.0,london,1619,18.65,0.9172,87.11,-75.13,7767,18.68,0.9195,99.97,-99.85,9386,4545,4841,16.489516300873643
M5,50,3.0,1.5,2.0,london,971,32.23,0.9601,58.53,-29.85,4741,31.47,0.9193,96.39,-95.39,5712,2802,2910,19.803991596638657
M5,50,1.5,1.0,4.0,london,1969,18.84,0.9287,87.37,-77.9,9117,18.67,0.9193,99.97,-99.95,11086,5340,5746,16.64477719646401
M5,20,2.5,1.5,3.0,london,594,24.41,0.9732,39.11,-18.66,3251,23.38,0.919,92.93,-91.54,3845,1919,1926,29.130065019505853
M5,20,3.0,1.0,4.0,all,982,17.01,0.8196,82.91,-80.62,4954,18.65,0.9173,99.12,-98.58,5936,2909,3027,8.534568733153638
M5,20,2.0,1.5,3.0,all,3387,24.03,0.9513,88.89,-82.42,17012,23.36,0.9156,100.0,-100.0,20399,10279,10120,18.28377371439776
M5,20,1.5,1.0,2.0,all,5606,31.75,0.9305,97.0,-95.94,27229,31.4,0.9155,100.0,-100.0,32835,16456,16379,4.882926754987056
M5,20,1.5,1.0,4.0,all,5606,19.09,0.9436,98.47,-97.33,27229,18.62,0.9154,100.0,-100.0,32835,16456,16379,10.480487284909396
M5,50,2.0,1.5,2.0,all,4595,32.12,0.9471,91.07,-87.73,22272,31.38,0.9153,100.0,-100.0,26867,13564,13303,13.014486172628132
M5,20,2.5,1.5,4.0,london,594,19.02,0.9516,43.36,-28.96,3251,18.46,0.9146,96.32,-94.16,3845,1919,1926,38.521924577373206
M5,20,1.5,1.0,3.0,london,1962,24.57,0.977,72.99,-46.59,9637,23.36,0.9143,99.97,-99.95,11599,5662,5937,11.147762738167085
M5,100,2.5,1.5,3.0,all,3538,24.73,0.9872,79.45,-57.68,16999,23.33,0.9142,100.0,-100.0,20537,10248,10289,19.903364658908313
M5,20,2.0,1.0,2.0,all,3387,31.62,0.9249,91.65,-87.36,17012,31.37,0.9141,100.0,-100.0,20399,10279,10120,4.450188734741899
M5,20,2.0,1.0,4.0,all,3387,18.93,0.9344,93.94,-91.26,17012,18.6,0.9141,100.0,-100.0,20399,10279,10120,10.1501887347419
M5,100,2.0,1.5,3.0,all,3902,24.63,0.9803,81.28,-68.4,18658,23.32,0.9136,100.0,-100.0,22560,11178,11382,19.53081560283688
M5,20,3.0,1.5,3.0,all,982,23.42,0.9212,55.86,-51.77,4954,23.31,0.9135,99.02,-98.13,5936,2909,3027,16.368396226415094
M5,20,2.0,1.5,4.0,all,3387,19.25,0.9585,90.14,-83.05,17012,18.54,0.9131,100.0,-100.0,20399,10279,10120,23.450566204225698
M5,20,1.5,1.0,3.0,all,5606,24.08,0.9516,96.31,-94.33,27229,23.32,0.9126,100.0,-100.0,32835,16456,16379,7.731707019948225
M5,20,1.5,1.0,4.0,london,1962,19.37,0.9608,82.96,-63.06,9637,18.56,0.9123,99.99,-99.98,11599,5662,5937,15.929355978963704
M5,100,2.0,1.5,4.0,london,1370,20.0,1.0055,72.05,-18.81,6563,18.44,0.9122,99.85,-99.72,7933,3772,4161,40.03453926635573
M5,50,2.5,1.5,2.0,all,3639,32.76,0.9755,82.61,-61.65,17775,31.31,0.9118,100.0,-100.0,21414,10790,10624,13.016993555617821
M5,100,2.5,1.5,4.0,all,3538,19.62,0.9806,77.45,-70.87,16999,18.5,0.9112,100.0,-100.0,20537,10248,10289,25.25841164727078
M5,20,2.5,1.0,3.0,london,594,25.42,1.0226,28.4,1.11,3251,23.29,0.911,94.7,-93.14,3845,1919,1926,9.984551365409622
M5,50,2.5,1.0,3.0,all,3639,24.68,0.9829,87.49,-63.37,17775,23.29,0.9107,100.0,-100.0,21414,10790,10624,8.0
M5,20,2.0,1.0,4.0,london,1117,19.96,1.0,66.86,-19.64,5879,18.51,0.9089,99.81,-99.57,6996,3472,3524,15.884033733562037
M5,20,2.0,1.5,2.0,all,3387,32.15,0.9494,84.13,-77.47,17012,31.22,0.908,100.0,-100.0,20399,10279,10120,12.100377469483798
M5,50,3.0,1.5,4.0,london,971,18.13,0.9003,79.68,-61.58,4741,18.39,0.9079,98.82,-98.79,5712,2802,2910,40.0110119047619
M5,50,2.5,1.5,3.0,all,3639,24.46,0.973,85.95,-71.94,17775,23.2,0.9076,100.0,-100.0,21414,10790,10624,19.41699355561782
M5,100,3.0,1.0,4.0,all,3120,19.65,0.9785,83.0,-68.14,15068,18.49,0.9076,100.0,-100.0,18188,9201,8987,11.348537497250936
M5,50,2.0,1.5,3.0,london,1619,22.61,0.8791,89.32,-82.35,7767,23.14,0.9068,99.91,-99.87,9386,4545,4841,30.537769017685914
M5,20,2.0,1.0,3.0,all,3387,23.5,0.9224,93.94,-91.72,17012,23.2,0.9062,100.0,-100.0,20399,10279,10120,7.416981224569832
M5,50,2.0,1.5,4.0,all,4595,18.74,0.9253,98.68,-97.37,22272,18.42,0.9061,100.0,-100.0,26867,13564,13303,24.5
M5,20,1.5,1.5,2.0,london,1962,32.36,0.9578,69.91,-52.86,9637,31.15,0.9054,99.94,-99.93,11599,5662,5937,18.464677989481853
M5,100,2.0,1.5,4.0,all,3902,19.84,0.992,76.67,-63.59,18658,18.4,0.9051,100.0,-100.0,22560,11178,11382,24.721072695035463
M5,100,3.0,1.5,4.0,london,1132,16.87,0.8224,86.66,-84.21,5307,18.33,0.9045,99.38,-99.38,6439,3112,3327,41.33081223792515
M5,50,2.5,1.5,4.0,all,3639,19.07,0.9471,93.51,-89.34,17775,18.38,0.9039,100.0,-100.0,21414,10790,10624,24.76797422247128
M5,20,2.0,1.0,3.0,london,1117,24.8,0.9916,50.85,-20.89,5879,23.13,0.9033,99.65,-99.45,6996,3472,3524,10.88823613493425
M5,100,3.0,1.5,3.0,all,3120,24.29,0.966,83.66,-71.43,15068,23.11,0.9031,100.0,-100.0,18188,9201,8987,20.062766659335825
M5,50,2.0,1.5,3.0,all,4595,23.9,0.9433,96.44,-92.87,22272,23.1,0.9025,100.0,-100.0,26867,13564,13303,19.380280641679384
M5,20,3.0,1.5,2.0,all,982,30.96,0.8968,58.64,-54.8,4954,31.09,0.9024,98.72,-97.78,5936,2909,3027,10.283456873315364
M5,20,1.5,1.5,4.0,all,5606,19.05,0.9443,99.07,-97.21,27229,18.36,0.9019,100.0,-100.0,32835,16456,16379,23.66585350997411
M5,20,2.0,1.5,2.0,london,1117,33.39,1.0081,48.66,-4.96,5879,31.06,0.9017,99.1,-98.94,6996,3472,3524,18.58823613493425
M5,20,2.5,1.5,3.0,asian,831,22.86,0.8906,59.29,-55.78,3908,23.11,0.9015,98.05,-97.01,4739,2320,2419,10.412323274952522
M5,50,3.0,1.5,3.0,london,971,22.66,0.8883,75.97,-61.88,4741,23.03,0.9012,98.72,-98.58,5712,2802,2910,31.083000700280113
M5,50,3.0,1.5,4.0,all,2768,19.15,0.9541,92.92,-78.67,13550,18.33,0.9007,100.0,-100.0,16318,8265,8053,24.383037136904033
M5,20,2.0,1.5,3.0,london,1117,24.08,0.9584,65.4,-40.01,5879,23.01,0.9002,99.54,-99.51,6996,3472,3524,30.07226986849628
M5,50,2.0,1.5,4.0,london,1619,17.48,0.8537,93.97,-89.22,7767,18.24,0.8994,99.98,-99.96,9386,4545,4841,39.59301086724909
M5,20,3.0,1.0,2.0,all,982,29.74,0.8464,71.87,-68.41,4954,31.01,0.899,98.34,-98.03,5936,2909,3027,3.4338274932614556
M5,50,2.5,1.5,4.0,london,1304,17.41,0.8526,91.13,-83.48,6185,18.24,0.8988,99.82,-99.8,7489,3626,3863,40.19552677259981
M5,50,2.5,1.0,4.0,all,3639,19.98,0.9986,92.04,-52.91,17775,18.33,0.8984,100.0,-100.0,21414,10790,10624,10.98300644438218
M5,20,2.5,1.5,2.0,asian,831,29.84,0.8508,61.54,-61.26,3908,30.99,0.898,96.38,-95.61,4739,2320,2419,7.229858619962016
M5,20,2.5,1.0,2.0,london,594,34.68,1.0619,23.11,19.7,3251,30.98,0.8979,93.25,-92.58,3845,1919,1926,5.407308192457737
M5,20,1.5,1.5,3.0,all,5606,23.65,0.9305,99.15,-97.7,27229,22.99,0.8967,100.0,-100.0,32835,16456,16379,18.631707019948227
M5,100,3.0,1.5,4.0,all,3120,18.94,0.9407,90.15,-87.47,15068,18.26,0.8966,100.0,-100.0,18188,9201,8987,25.182845832416977
M5,20,1.5,1.5,2.0,all,5606,32.25,0.9523,94.03,-90.54,27229,30.94,0.8964,100.0,-100.0,32835,16456,16379,12.44878026496117
M5,100,1.5,1.0,2.0,newyork,1272,28.38,0.7925,89.36,-86.56,5497,30.94,0.8962,99.09,-98.85,6769,3378,3391,6.2060422514403895
M5,20,2.5,1.5,4.0,all,1923,19.6,0.9805,69.21,-48.89,9559,18.24,0.8961,100.0,-99.99,11482,5789,5693,22.732520466817626
M5,20,3.0,1.0,3.0,all,982,21.69,0.8309,79.59,-76.13,4954,22.99,0.8959,99.35,-99.06,5936,2909,3027,5.951111859838274
M5,20,2.5,1.5,4.0,asian,831,17.81,0.8693,69.93,-64.64,3908,18.27,0.895,98.95,-98.29,4739,2320,2419,13.664929309981009
M5,20,2.0,1.0,2.0,newyork,888,31.42,0.9163,57.95,-44.88,4652,30.91,0.8948,98.11,-97.82,5540,2867,2673,5.123682310469314
M5,20,3.0,1.0,3.0,asian,426,19.01,0.7043,67.37,-65.81,2073,22.96,0.8942,89.45,-86.2,2499,1176,1323,4.182953181272509
M5,20,2.5,1.5,3.0,all,1923,24.86,0.9945,64.97,-30.47,9559,22.91,0.8928,99.99,-99.99,11482,5789,5693,17.49902456018115
M5,20,2.5,1.0,3.0,asian,831,21.18,0.8061,75.53,-74.86,3908,22.88,0.8898,98.23,-97.91,4739,2320,2419,4.482464654990505
M5,20,1.5,1.5,3.0,london,1962,22.99,0.8984,88.22,-83.55,9637,22.81,0.8894,99.99,-99.99,11599,5662,5937,29.497016984222775
M5,50,3.0,1.0,4.0,all,2768,19.0,0.9384,92.88,-85.08,13550,18.17,0.8886,100.0,-100.0,16318,8265,8053,10.615185684520162
M5,20,2.5,1.5,2.0,all,1923,32.29,0.9547,59.69,-54.07,9559,30.71,0.8869,99.98,-99.98,11482,5789,5693,11.266016373454104
M5,50,3.0,1.0,2.0,all,2768,31.54,0.9214,87.41,-82.76,13550,30.72,0.8868,100.0,-100.0,16318,8265,8053,4.9830371369040325
M5,20,1.5,1.5,4.0,london,1962,18.04,0.8878,92.97,-88.31,9637,18.03,0.8866,100.0,-100.0,11599,5662,5937,38.39701698422278
M5,50,3.0,1.5,3.0,all,2768,24.13,0.9584,83.56,-71.92,13550,22.75,0.885,100.0,-100.0,16318,8265,8053,19.21696286309597
M5,20,2.5,1.0,2.0,all,1923,31.51,0.9203,74.1,-70.94,9559,30.63,0.8833,99.98,-99.98,11482,5789,5693,4.03300818672705
M5,20,2.5,1.0,4.0,asian,831,16.61,0.7965,80.17,-78.83,3908,18.07,0.8819,99.07,-98.88,4739,2320,2419,5.864929309981009
M5,20,2.0,1.5,4.0,london,1117,18.53,0.922,75.45,-59.61,5879,17.89,0.8789,99.91,-99.9,6996,3472,3524,39.14033733562035
M5,20,2.5,1.0,3.0,all,1923,23.76,0.9352,72.31,-70.64,9559,22.63,0.8775,100.0,-100.0,11482,5789,5693,6.649756140045288
M5,20,2.5,1.0,4.0,all,1923,19.08,0.9434,73.6,-71.19,9559,17.95,0.8756,100.0,-100.0,11482,5789,5693,9.499512280090576
M5,50,3.0,1.5,2.0,all,2768,32.88,0.9827,68.84,-44.72,13550,30.41,0.8741,100.0,-100.0,16318,8265,8053,13.016962863095968
M5,50,3.0,1.0,3.0,all,2768,24.28,0.9618,83.31,-69.94,13550,22.55,0.8738,100.0,-100.0,16318,8265,8053,7.832148547616129
M5,20,2.0,1.0,3.0,newyork,888,23.09,0.9004,64.91,-55.28,4652,22.53,0.8726,99.55,-99.47,5540,2867,2673,8.511480144404333
M5,100,2.0,1.0,3.0,newyork,1148,23.08,0.9003,82.78,-64.7,5172,22.53,0.8722,99.73,-99.71,6320,3165,3155,9.682025316455697
M5,100,2.0,1.0,2.0,newyork,1148,30.14,0.8628,79.21,-70.14,5172,30.36,0.8717,99.5,-99.4,6320,3165,3155,6.327341772151899
M5,20,2.0,1.0,4.0,newyork,888,18.81,0.9265,62.86,-50.16,4652,17.88,0.8714,99.76,-99.68,5540,2867,2673,11.295451263537906
M5,100,2.5,1.0,4.0,newyork,1013,18.85,0.9294,71.93,-53.71,4820,17.86,0.8704,99.82,-99.75,5833,2931,2902,12.787399279958853
M5,100,2.5,1.0,3.0,newyork,1013,24.38,0.9674,68.69,-32.8,4820,22.43,0.8678,99.69,-99.63,5833,2931,2902,9.687399279958855
M5,100,3.0,1.5,2.0,newyork,882,32.77,0.9764,67.58,-20.3,4324,30.23,0.8673,99.01,-98.78,5206,2601,2605,14.895044179792547
M5,50,1.5,1.0,2.0,newyork,1705,28.74,0.8079,92.0,-91.69,7923,30.24,0.867,99.97,-99.97,9628,4883,4745,6.064582467802243
M5,50,2.0,1.0,2.0,newyork,1378,29.39,0.8333,85.02,-82.6,6683,30.23,0.8666,99.91,-99.89,8061,4126,3935,6.263242773849399
M5,100,2.5,1.0,2.0,newyork,1013,31.29,0.9109,71.13,-51.21,4820,30.21,0.8659,99.39,-99.3,5833,2931,2902,6.343699639979428
M5,100,2.0,1.5,2.0,newyork,1148,30.66,0.8844,76.15,-64.28,5172,30.2,0.8654,99.6,-99.53,6320,3165,3155,15.063860759493672
M5,100,2.5,1.5,2.0,newyork,1013,33.17,0.9926,50.18,-13.96,4820,30.17,0.8644,99.39,-99.34,5833,2931,2902,15.400565746614092
M5,20,2.0,1.5,3.0,newyork,888,23.76,0.935,64.84,-43.29,4652,22.33,0.863,99.74,-99.63,5540,2867,2673,19.303104693140796
M5,50,2.5,1.5,4.0,newyork,1053,18.9,0.9321,71.21,-54.07,5233,17.71,0.8627,99.97,-99.89,6286,3258,3028,25.215733375755644
M5,20,2.0,1.5,4.0,newyork,888,19.71,0.9818,59.24,-26.09,4652,17.71,0.8622,99.9,-99.78,5540,2867,2673,23.955018050541515
M5,100,1.5,1.5,2.0,newyork,1272,27.83,0.7712,90.08,-89.1,5497,30.09,0.8608,99.82,-99.72,6769,3378,3391,14.955709853745013
M5,50,1.5,1.5,2.0,newyork,1705,29.56,0.8407,90.44,-87.38,7923,30.06,0.8598,99.98,-99.98,9628,4883,4745,14.405203572912338
M5,100,1.5,1.0,3.0,newyork,1272,20.75,0.7857,91.85,-90.24,5497,22.23,0.8575,99.92,-99.89,6769,3378,3391,9.536918304033094
M5,50,1.5,1.0,3.0,newyork,1705,21.52,0.8241,92.91,-92.42,7923,22.2,0.8561,100.0,-100.0,9628,4883,4745,9.18749480681346
M5,20,2.0,1.5,2.0,newyork,888,30.63,0.8831,66.08,-55.28,4652,29.97,0.856,99.51,-99.41,5540,2867,2673,13.551191335740073
M5,20,1.5,1.0,2.0,newyork,1605,29.35,0.8307,88.2,-87.38,7802,29.89,0.8527,99.99,-99.98,9407,4897,4510,5.663505899861805
M5,50,2.5,1.5,3.0,newyork,1053,23.46,0.9194,69.77,-55.05,5233,22.11,0.8522,99.95,-99.88,6286,3258,3028,20.665478841870822
M5,20,2.5,1.5,4.0,newyork,502,19.72,0.9826,39.62,-15.42,2536,17.55,0.8521,98.23,-97.1,3038,1587,1451,22.086899275839368
M5,50,2.0,1.0,3.0,newyork,1378,22.13,0.8535,85.1,-82.77,6683,22.04,0.8483,99.99,-99.99,8061,4126,3935,9.443580200967622
M5,100,3.0,1.0,3.0,newyork,882,24.38,0.9685,66.62,-28.71,4324,22.02,0.8472,99.78,-99.68,5206,2601,2605,9.381406069919324
M5,20,1.5,1.0,3.0,newyork,1605,21.87,0.8397,91.45,-89.23,7802,21.98,0.8452,100.0,-100.0,9407,4897,4510,8.678197087275434
M5,50,1.5,1.5,4.0,newyork,1705,17.48,0.8484,95.61,-91.22,7923,17.39,0.8429,100.0,-100.0,9628,4883,4745,24.640621105110096
M5,50,1.5,1.5,3.0,newyork,1705,22.35,0.8646,92.59,-86.8,7923,21.91,0.8423,100.0,-100.0,9628,4883,4745,20.352077274615706
M5,100,3.0,1.0,2.0,newyork,882,32.31,0.9548,63.42,-29.97,4324,29.63,0.8419,99.62,-99.46,5206,2601,2605,6.149174029965424
M5,100,2.0,1.0,4.0,newyork,1148,18.47,0.906,78.09,-66.46,5172,17.38,0.8418,99.96,-99.95,6320,3165,3155,12.863860759493672
M5,50,2.5,1.0,2.0,newyork,1053,30.86,0.8929,66.59,-58.55,5233,29.58,0.8402,99.84,-99.83,6286,3258,3028,6.182739420935412
M5,20,1.5,1.0,4.0,newyork,1605,17.38,0.8416,91.97,-90.78,7802,17.35,0.8401,100.0,-100.0,9407,4897,4510,11.375826512171786
M5,50,2.5,1.0,3.0,newyork,1053,22.79,0.8856,77.42,-65.93,5233,21.86,0.8395,99.94,-99.93,6286,3258,3028,9.183248488705058
M5,100,1.5,1.0,4.0,newyork,1272,17.61,0.855,86.51,-82.58,5497,17.32,0.838,99.98,-99.98,6769,3378,3391,12.52416900576156
M5,100,3.0,1.0,4.0,newyork,882,19.27,0.9564,64.49,-38.01,4324,17.3,0.8369,99.92,-99.86,5206,2601,2605,12.3966961198617
M5,50,2.0,1.0,4.0,newyork,1378,18.0,0.8787,84.48,-80.21,6683,17.3,0.8369,100.0,-100.0,8061,4126,3935,12.289728321548195
M5,100,2.0,1.5,3.0,newyork,1148,24.22,0.9586,67.68,-40.93,5172,21.79,0.8363,99.95,-99.93,6320,3165,3155,21.34569620253165
M5,50,2.5,1.5,2.0,newyork,1053,30.01,0.8575,76.57,-68.32,5233,29.47,0.836,99.89,-99.86,6286,3258,3028,14.866496977410115
M5,100,2.5,1.5,3.0,newyork,1013,24.98,0.9987,60.73,-14.78,4820,21.76,0.8352,99.92,-99.9,5833,2931,2902,21.648465626607234
M5,50,2.0,1.5,2.0,newyork,1378,29.54,0.8392,84.11,-81.53,6683,29.45,0.8351,99.98,-99.98,8061,4126,3935,14.84101228135467
M5,100,1.5,1.5,3.0,newyork,1272,22.41,0.8671,80.81,-77.36,5497,21.76,0.835,99.97,-99.96,6769,3378,3391,21.067794356625793
M5,20,2.5,1.5,3.0,newyork,502,24.9,0.9947,35.13,-8.98,2536,21.77,0.8347,98.04,-97.33,3038,1587,1451,17.486899275839367
M5,100,1.5,1.5,4.0,newyork,1272,17.53,0.852,84.51,-83.08,5497,17.25,0.8343,99.99,-99.98,6769,3378,3391,25.44296055547348
M5,50,1.5,1.0,4.0,newyork,1705,17.07,0.8244,94.74,-93.78,7923,17.25,0.8343,100.0,-100.0,9628,4883,4745,12.152077274615705
M5,20,2.5,1.5,2.0,newyork,502,30.88,0.8934,44.12,-34.17,2536,29.38,0.8319,96.87,-96.11,3038,1587,1451,12.11909150757077
M5,50,2.5,1.0,4.0,newyork,1053,19.09,0.9437,71.79,-49.31,5233,17.18,0.8299,99.98,-99.97,6286,3258,3028,12.115733375755648
M5,50,3.0,1.5,4.0,newyork,801,19.73,0.9844,61.36,-22.54,3975,17.11,0.8265,99.88,-99.83,4776,2458,2318,24.949057788944724
M5,50,2.0,1.5,3.0,newyork,1378,23.0,0.8972,82.77,-72.29,6683,21.55,0.8247,100.0,-100.0,8061,4126,3935,20.68459248232229
M5,20,3.0,1.5,4.0,newyork,261,18.77,0.9245,31.26,-18.85,1278,17.06,0.8242,89.8,-87.55,1539,788,751,19.29298245614035
M5,50,2.0,1.5,4.0,newyork,1378,18.0,0.8787,89.02,-80.21,6683,17.03,0.8221,100.0,-100.0,8061,4126,3935,25.27006574866642
M5,20,2.5,1.0,3.0,newyork,502,24.3,0.9632,34.74,-19.18,2536,21.49,0.8212,98.14,-97.98,3038,1587,1451,7.151283739302172
M5,20,2.5,1.0,2.0,newyork,502,32.87,0.9792,24.18,-11.27,2536,29.1,0.8209,96.87,-96.84,3038,1587,1451,4.451283739302172
M5,20,1.5,1.5,4.0,newyork,1605,18.19,0.8896,90.64,-82.51,7802,16.96,0.8174,100.0,-100.0,9407,4897,4510,24.124641224619964
M5,100,2.0,1.5,4.0,newyork,1148,20.03,1.0022,62.95,-18.57,5172,16.94,0.8164,99.99,-99.98,6320,3165,3155,26.045696202531644
M5,20,1.5,1.5,2.0,newyork,1605,29.41,0.8332,88.54,-87.0,7802,28.95,0.8152,100.0,-100.0,9407,4897,4510,13.82701179972361
M5,100,3.0,1.5,3.0,newyork,882,25.28,1.0167,65.78,-2.13,4324,21.35,0.8149,99.94,-99.9,5206,2601,2605,20.959508259700346
M5,100,2.5,1.5,4.0,newyork,1013,20.53,1.0335,60.73,6.97,4820,16.85,0.8122,99.98,-99.98,5833,2931,2902,26.265832333276187
M5,20,3.0,1.0,3.0,newyork,261,23.37,0.915,30.52,-18.7,1278,21.28,0.8111,87.75,-87.39,1539,788,751,5.564327485380117
M5,50,3.0,1.5,3.0,newyork,801,24.34,0.9669,50.55,-27.13,3975,21.13,0.8046,99.9,-99.87,4776,2458,2318,20.815515075376883
M5,20,1.5,1.5,3.0,newyork,1605,22.18,0.8551,90.61,-86.87,7802,21.12,0.8039,100.0,-100.0,9407,4897,4510,19.77345593706814
M5,20,3.0,1.0,4.0,newyork,261,19.92,0.9952,31.26,-5.92,1278,16.67,0.8,90.73,-90.46,1539,788,751,8.27953216374269
M5,20,3.0,1.5,3.0,newyork,261,23.37,0.915,33.22,-18.7,1278,21.05,0.7998,90.43,-88.8,1539,788,751,15.196491228070176
M5,100,3.0,1.5,4.0,newyork,882,20.07,1.0057,70.76,-12.49,4324,16.58,0.7962,99.98,-99.97,5206,2601,2605,25.144218209757973
M5,50,3.0,1.5,2.0,newyork,801,30.96,0.8986,58.64,-47.1,3975,28.4,0.794,99.82,-99.8,4776,2458,2318,15.06645728643216
M5,20,3.0,1.5,2.0,newyork,261,29.12,0.8216,34.48,-29.83,1278,28.4,0.7934,89.45,-86.57,1539,788,751,9.932163742690058
M5,20,2.5,1.0,4.0,newyork,502,20.12,1.0075,30.7,-6.66,2536,16.44,0.7872,99.39,-99.29,3038,1587,1451,9.71909150757077
M5,50,3.0,1.0,2.0,newyork,801,30.84,0.8917,59.05,-49.17,3975,28.15,0.7836,99.87,-99.86,4776,2458,2318,6.049685929648241
M5,20,3.0,1.0,2.0,newyork,261,32.18,0.9492,27.59,-10.91,1278,28.09,0.7813,88.2,-88.08,1539,788,751,3.549122807017544
M5,50,3.0,1.0,4.0,newyork,801,19.73,0.9829,52.23,-23.32,3975,16.13,0.7693,99.98,-99.98,4776,2458,2318,11.632286432160805
M5,50,3.0,1.0,3.0,newyork,801,23.6,0.9265,58.22,-43.12,3975,20.33,0.7656,99.97,-99.96,4776,2458,2318,9.1161432160804
