strategy_family,tf,smooth_period,d1_period,d2_period,d1_threshold,d2_threshold,sl_atr_mult,rr,vol_lookback,vol_threshold,train_gate_coverage_pct,train_base_trades,train_base_win_rate,train_base_profit_factor,train_base_max_drawdown_pct,train_base_pnl_pct,train_gated_trades,train_gated_win_rate,train_gated_profit_factor,train_gated_max_drawdown_pct,train_gated_pnl_pct,train_delta_profit_factor,train_delta_drawdown_pct,train_delta_pnl_pct,train_trade_reduction_pct,oos_gate_coverage_pct,oos_base_trades,oos_base_win_rate,oos_base_profit_factor,oos_base_max_drawdown_pct,oos_base_pnl_pct,oos_gated_trades,oos_gated_win_rate,oos_gated_profit_factor,oos_gated_max_drawdown_pct,oos_gated_pnl_pct,oos_delta_profit_factor,oos_delta_drawdown_pct,oos_delta_pnl_pct,oos_trade_reduction_pct
derivative_high_vol,M15,20,4,2,0.1,0.0,1.0,2.0,200,0.8,19.54,1596,34.77,1.0663,38.07,69.56,279,41.22,1.4024,7.95,87.58,0.3361,-30.12,18.02,82.52,19.39,7805,33.3,0.9987,86.15,-57.04,1419,35.52,1.1028,24.72,121.34,0.1041,-61.43,178.38,81.82
derivative_high_vol,M15,20,8,4,0.05,0.0,1.0,2.0,200,0.8,19.54,1083,33.06,0.9876,59.29,-17.89,200,41.5,1.4188,7.75,59.64,0.4312,-51.54,77.53,81.53,19.39,5262,33.01,0.9858,83.26,-63.95,1007,35.15,1.0859,26.9,57.98,0.1001,-56.36,121.93,80.86
derivative_high_vol,M15,20,8,4,0.05,0.0,1.0,2.0,100,0.8,19.25,1083,33.06,0.9876,59.29,-17.89,192,39.06,1.2821,12.46,36.25,0.2945,-46.83,54.14,82.27,18.66,5262,33.01,0.9858,83.26,-63.95,957,34.9,1.074,22.91,43.73,0.0882,-60.35,107.68,81.81
derivative_high_vol,M15,20,8,4,0.05,0.0,1.0,3.0,100,0.7,29.07,1083,25.85,1.0461,49.4,22.88,292,31.51,1.38,16.1,103.27,0.3339,-33.3,80.39,73.04,28.95,5262,24.71,0.9846,86.76,-74.92,1490,26.31,1.072,37.2,75.39,0.0874,-49.56,150.31,71.68
derivative_high_vol,M15,20,4,4,0.1,0.0,1.0,2.0,200,0.8,19.54,1432,34.71,1.0631,35.9,56.02,254,40.55,1.3642,8.03,68.55,0.3011,-27.87,12.53,82.26,19.39,7065,33.31,0.9989,88.36,-52.84,1295,35.14,1.0846,24.52,78.24,0.0857,-63.84,131.08,81.67
derivative_high_vol,M15,20,8,4,0.05,0.0,1.0,3.0,200,0.8,19.54,1083,25.85,1.0461,49.4,22.88,200,30.5,1.3165,11.41,50.09,0.2704,-37.99,27.21,81.53,19.39,5262,24.71,0.9846,86.76,-74.92,1007,26.22,1.0674,41.09,41.36,0.0828,-45.67,116.28,80.86
derivative_high_vol,M15,20,4,2,0.05,0.0,1.0,2.0,200,0.8,19.54,1590,35.03,1.0784,32.17,91.18,281,37.72,1.2114,13.23,40.53,0.133,-18.94,-50.65,82.33,19.39,7910,33.25,0.9964,89.82,-62.27,1438,34.98,1.0771,47.96,77.48,0.0807,-41.86,139.75,81.82
derivative_high_vol,M15,20,8,4,0.1,0.0,1.0,2.0,200,0.8,19.54,1067,33.65,1.0141,39.9,-0.65,200,41.5,1.4188,8.73,59.64,0.4047,-31.17,60.29,81.26,19.39,5198,33.38,1.0023,76.19,-35.38,992,35.08,1.0824,24.2,53.56,0.0801,-51.99,88.94,80.92
derivative_high_vol,M15,20,4,2,0.1,0.0,1.0,3.0,200,0.8,19.54,1596,25.88,1.0473,55.7,37.47,279,30.82,1.3368,12.25,82.64,0.2895,-43.45,45.17,82.52,19.39,7805,24.5,0.9735,94.74,-93.28,1419,25.86,1.0476,34.09,33.0,0.0741,-60.65,126.28,81.82
derivative_high_vol,M15,20,8,2,0.1,0.0,1.0,2.0,200,0.8,19.54,1117,34.2,1.0395,37.62,19.44,209,41.15,1.3984,9.64,59.49,0.3589,-27.98,40.05,81.29,19.39,5490,33.21,0.9945,83.35,-52.5,1049,34.7,1.0643,27.78,39.62,0.0698,-55.57,92.12,80.89
derivative_high_vol,M15,20,8,2,0.05,0.0,1.0,2.0,200,0.8,19.54,1128,33.42,1.004,58.56,-7.89,207,41.06,1.3934,7.86,57.95,0.3894,-50.7,65.84,81.65,19.39,5581,33.06,0.988,84.48,-63.29,1068,34.55,1.0573,33.28,33.91,0.0693,-51.2,97.2,80.86
derivative_high_vol,M15,20,8,4,0.05,0.0,1.0,4.0,100,0.7,29.07,1083,20.5,1.0314,47.01,5.51,292,23.63,1.2377,17.61,59.2,0.2063,-29.4,53.69,73.04,28.95,5262,19.9,0.9945,92.94,-71.57,1490,20.94,1.063,42.69,54.92,0.0685,-50.25,126.49,71.68
derivative_high_vol,M15,20,4,4,0.05,0.0,1.0,2.0,200,0.8,19.54,1426,35.13,1.0832,34.59,86.74,252,36.9,1.1698,11.44,27.59,0.0866,-23.15,-59.15,82.33,19.39,7132,33.17,0.9931,89.24,-64.54,1298,34.51,1.0554,41.15,40.33,0.0623,-48.09,104.87,81.8
derivative_high_vol,M15,20,8,4,0.05,0.0,1.0,3.0,200,0.7,29.52,1083,25.85,1.0461,49.4,22.88,284,29.23,1.2388,13.99,54.23,0.1927,-35.41,31.35,73.78,29.35,5262,24.71,0.9846,86.76,-74.92,1506,25.83,1.0457,45.16,32.6,0.0611,-41.6,107.52,71.38
derivative_high_vol,M15,20,8,4,0.05,0.0,1.0,3.0,100,0.8,19.25,1083,25.85,1.0461,49.4,22.88,192,30.73,1.3308,11.41,50.27,0.2847,-37.99,27.39,82.27,18.66,5262,24.71,0.9846,86.76,-74.92,957,25.81,1.0451,33.19,19.16,0.0605,-53.57,94.08,81.81
derivative_high_vol,M15,20,8,4,0.1,0.0,1.0,2.0,100,0.8,19.25,1067,33.65,1.0141,39.9,-0.65,195,39.49,1.3051,12.46,40.34,0.291,-27.44,40.99,81.72,18.66,5198,33.38,1.0023,76.19,-35.38,955,34.66,1.0626,30.95,34.09,0.0603,-45.24,69.47,81.63
derivative_high_vol,M15,20,8,2,0.05,0.0,1.0,3.0,100,0.7,29.07,1128,26.15,1.0624,48.55,41.61,302,30.79,1.3349,19.46,91.26,0.2725,-29.09,49.65,73.23,28.95,5581,24.58,0.9781,91.49,-82.4,1584,25.69,1.0383,47.63,23.52,0.0602,-43.86,105.92,71.62
derivative_high_vol,M15,20,8,2,0.05,0.0,1.0,3.0,200,0.8,19.54,1128,26.15,1.0624,48.55,41.61,207,29.95,1.2828,12.3,45.55,0.2204,-36.25,3.94,81.65,19.39,5581,24.58,0.9781,91.49,-82.4,1068,25.66,1.0366,44.9,13.79,0.0585,-46.59,96.19,80.86
derivative_high_vol,M15,20,8,4,0.1,0.0,1.0,3.0,50,0.8,34.16,1067,26.15,1.0622,34.94,38.71,379,28.76,1.2111,17.48,66.25,0.1489,-17.46,27.54,64.48,32.99,5198,24.93,0.9967,84.96,-59.27,1826,26.01,1.0548,43.41,58.79,0.0581,-41.55,118.06,64.87
derivative_high_vol,M15,20,8,2,0.1,0.0,1.0,3.0,200,0.8,19.54,1117,26.59,1.0866,33.82,71.2,209,28.23,1.18,15.21,26.67,0.0934,-18.61,-44.53,81.29,19.39,5490,24.63,0.9804,91.46,-80.11,1049,25.64,1.0359,29.99,12.99,0.0555,-61.47,93.1,80.89
derivative_high_vol,M15,20,8,4,0.1,0.0,1.0,3.0,200,0.8,19.54,1067,26.15,1.0622,34.94,38.71,200,29.0,1.2254,11.36,33.28,0.1632,-23.58,-5.43,81.26,19.39,5198,24.93,0.9967,84.96,-59.27,992,25.91,1.0504,31.99,24.57,0.0537,-52.97,83.84,80.92
derivative_high_vol,M15,20,8,4,0.1,0.0,1.0,3.0,100,0.7,29.07,1067,26.15,1.0622,34.94,38.71,300,29.0,1.2254,21.25,53.86,0.1632,-13.69,15.15,71.88,28.95,5198,24.93,0.9967,84.96,-59.27,1483,25.89,1.0492,36.98,37.07,0.0525,-47.98,96.34,71.47
derivative_high_vol,M15,20,8,2,0.05,0.0,1.0,2.0,100,0.8,19.25,1128,33.42,1.004,58.56,-7.89,197,38.58,1.2562,15.03,33.5,0.2522,-43.53,41.39,82.54,18.66,5581,33.06,0.988,84.48,-63.29,1018,34.18,1.0404,28.8,18.25,0.0524,-55.68,81.54,81.76
derivative_high_vol,M15,20,8,4,0.05,0.0,1.0,3.0,50,0.8,34.16,1083,25.85,1.0461,49.4,22.88,376,29.26,1.2406,19.88,78.26,0.1945,-29.52,55.38,65.28,32.99,5262,24.71,0.9846,86.76,-74.92,1853,25.69,1.037,45.81,25.95,0.0524,-40.95,100.87,64.79
derivative_high_vol,M15,20,8,4,0.05,0.0,1.0,3.0,50,0.7,40.26,1083,25.85,1.0461,49.4,22.88,446,29.15,1.2342,21.48,94.79,0.1881,-27.92,71.91,58.82,40.18,5262,24.71,0.9846,86.76,-74.92,2251,25.68,1.0365,43.91,31.1,0.0519,-42.85,106.02,57.22
derivative_high_vol,M15,20,4,2,0.05,0.0,1.0,2.0,100,0.8,19.25,1590,35.03,1.0784,32.17,91.18,293,34.81,1.0681,16.06,10.55,-0.0103,-16.11,-80.63,81.57,18.66,7910,33.25,0.9964,89.82,-62.27,1406,34.35,1.0477,45.15,34.75,0.0513,-44.67,97.02,82.23
derivative_high_vol,M15,20,8,2,0.1,0.0,1.0,3.0,100,0.7,29.07,1117,26.59,1.0866,33.82,71.2,311,28.3,1.1839,24.4,43.33,0.0973,-9.42,-27.87,72.16,28.95,5490,24.63,0.9804,91.46,-80.11,1572,25.57,1.0317,41.1,14.32,0.0513,-50.36,94.43,71.37
derivative_high_vol,M15,20,8,4,0.05,0.0,1.0,4.0,50,0.7,40.26,1083,20.5,1.0314,47.01,5.51,446,23.32,1.2164,22.83,89.98,0.185,-24.18,84.47,58.82,40.18,5262,19.9,0.9945,92.94,-71.57,2251,20.7,1.0454,47.95,42.92,0.0509,-44.99,114.49,57.22
derivative_high_vol,M15,20,4,4,0.1,0.0,1.0,3.0,200,0.8,19.54,1432,26.12,1.0605,47.78,52.46,254,31.1,1.3543,12.61,77.95,0.2938,-35.17,25.49,82.26,19.39,7065,24.64,0.9812,91.15,-86.95,1295,25.56,1.0312,36.38,11.13,0.05,-54.77,98.08,81.67
derivative_high_vol,M15,20,8,4,0.05,0.0,1.0,2.0,100,0.7,29.07,1083,33.06,0.9876,59.29,-17.89,292,41.1,1.3953,14.28,91.11,0.4077,-45.01,109.0,73.04,28.95,5262,33.01,0.9858,83.26,-63.95,1490,34.09,1.0357,43.76,22.18,0.0499,-39.5,86.13,71.68
derivative_high_vol,M15,20,4,2,0.05,0.0,1.0,2.0,100,0.7,29.07,1590,35.03,1.0784,32.17,91.18,430,36.28,1.1387,14.56,39.85,0.0603,-17.61,-51.33,72.96,28.95,7910,33.25,0.9964,89.82,-62.27,2182,34.33,1.0461,52.47,55.28,0.0497,-37.35,117.55,72.41
derivative_high_vol,M15,20,8,2,0.1,0.0,1.0,2.0,100,0.8,19.25,1117,34.2,1.0395,37.62,19.44,203,38.92,1.2742,15.88,37.46,0.2347,-21.74,18.02,81.83,18.66,5490,33.21,0.9945,83.35,-52.5,1007,34.26,1.0439,33.08,20.76,0.0494,-50.27,73.26,81.66
derivative_high_vol,M15,20,8,2,0.1,0.0,1.0,3.0,50,0.8,34.16,1117,26.59,1.0866,33.82,71.2,394,27.92,1.162,20.87,48.76,0.0754,-12.95,-22.44,64.73,32.99,5490,24.63,0.9804,91.46,-80.11,1926,25.55,1.0293,55.09,13.97,0.0489,-36.37,94.08,64.92
derivative_high_vol,M15,20,4,4,0.05,0.0,1.0,2.0,100,0.7,29.07,1426,35.13,1.0832,34.59,86.74,382,36.65,1.157,15.39,40.52,0.0738,-19.2,-46.22,73.21,28.95,7132,33.17,0.9931,89.24,-64.54,1963,34.18,1.0395,46.98,36.69,0.0464,-42.26,101.23,72.48
derivative_high_vol,M15,20,8,4,0.1,0.0,1.0,2.0,50,0.8,34.16,1067,33.65,1.0141,39.9,-0.65,379,37.2,1.1849,21.9,49.21,0.1708,-18.0,49.86,64.48,32.99,5198,33.38,1.0023,76.19,-35.38,1826,34.39,1.0484,33.88,48.55,0.0461,-42.31,83.93,64.87
derivative_high_vol,M15,20,8,4,0.1,0.0,1.0,3.0,100,0.8,19.25,1067,26.15,1.0622,34.94,38.71,195,28.72,1.2086,12.66,29.47,0.1464,-22.28,-9.24,81.72,18.66,5198,24.93,0.9967,84.96,-59.27,955,25.76,1.0424,35.78,16.86,0.0457,-49.18,76.13,81.63
derivative_high_vol,M15,20,4,2,0.05,0.0,1.0,2.0,200,0.7,29.52,1590,35.03,1.0784,32.17,91.18,418,36.84,1.1667,19.7,48.63,0.0883,-12.47,-42.55,73.71,29.35,7910,33.25,0.9964,89.82,-62.27,2186,34.22,1.0411,58.62,44.78,0.0447,-31.2,107.05,72.36
derivative_high_vol,M15,20,8,2,0.05,0.0,1.0,3.0,200,0.7,29.52,1128,26.15,1.0624,48.55,41.61,294,28.91,1.2201,14.85,50.98,0.1577,-33.7,9.37,73.94,29.35,5581,24.58,0.9781,91.49,-82.4,1595,25.39,1.0219,50.26,2.17,0.0438,-41.23,84.57,71.42
derivative_high_vol,M15,20,8,2,0.05,0.0,1.0,3.0,50,0.8,34.16,1128,26.15,1.0624,48.55,41.61,388,28.87,1.2174,20.69,71.03,0.155,-27.86,29.42,65.6,32.99,5581,24.58,0.9781,91.49,-82.4,1962,25.38,1.0205,52.64,0.66,0.0424,-38.85,83.06,64.85
derivative_high_vol,M15,20,8,2,0.05,0.0,1.0,4.0,100,0.7,29.07,1128,20.66,1.0413,45.55,15.42,302,22.85,1.1845,23.13,43.98,0.1432,-22.42,28.56,73.23,28.95,5581,19.82,0.9895,94.82,-78.92,1584,20.45,1.0318,50.6,8.79,0.0423,-44.22,87.71,71.62
derivative_high_vol,M15,20,8,2,0.05,0.0,1.0,4.0,50,0.7,40.26,1128,20.66,1.0413,45.55,15.42,463,22.68,1.1732,25.12,68.23,0.1319,-20.43,52.81,58.95,40.18,5581,19.82,0.9895,94.82,-78.92,2386,20.45,1.0295,55.61,8.79,0.04,-39.21,87.71,57.25
derivative_high_vol,M15,20,8,4,0.1,0.0,1.0,3.0,50,0.7,40.26,1067,26.15,1.0622,34.94,38.71,451,28.38,1.1889,19.93,71.13,0.1267,-15.01,32.42,57.73,40.18,5198,24.93,0.9967,84.96,-59.27,2216,25.68,1.0364,47.07,30.48,0.0397,-37.89,89.75,57.37
derivative_high_vol,M15,20,4,4,0.05,0.0,1.0,2.0,50,0.8,34.16,1426,35.13,1.0832,34.59,86.74,494,39.07,1.2824,15.03,121.83,0.1992,-19.56,35.09,65.36,32.99,7132,33.17,0.9931,89.24,-64.54,2467,34.05,1.0326,58.08,32.62,0.0395,-31.16,97.16,65.41
derivative_high_vol,M15,20,8,4,0.1,0.0,1.0,4.0,50,0.7,40.26,1067,21.09,1.0689,40.96,43.66,451,23.06,1.1988,20.83,80.67,0.1299,-20.13,37.01,57.73,40.18,5198,19.82,0.9892,93.31,-76.83,2216,20.44,1.0284,55.08,6.0,0.0392,-38.23,82.83,57.37
derivative_high_vol,M15,20,8,2,0.1,0.0,1.0,3.0,200,0.7,29.52,1117,26.59,1.0866,33.82,71.2,300,27.33,1.1284,20.74,26.22,0.0418,-13.08,-44.98,73.14,29.35,5490,24.63,0.9804,91.46,-80.11,1574,25.35,1.0196,47.04,-0.51,0.0392,-44.42,79.6,71.33
derivative_high_vol,M15,20,8,4,0.05,0.0,1.5,3.0,100,0.8,19.25,1083,26.59,1.0882,29.45,70.4,192,25.52,1.0352,16.15,2.15,-0.053,-13.3,-68.25,82.27,18.66,5262,24.84,0.9937,85.12,-64.13,957,25.39,1.0326,35.25,9.12,0.0389,-49.87,73.25,81.81
derivative_high_vol,M15,20,8,2,0.05,0.0,1.0,3.0,50,0.7,40.26,1128,26.15,1.0624,48.55,41.61,463,28.73,1.2091,23.04,84.91,0.1467,-25.51,43.3,58.95,40.18,5581,24.58,0.9781,91.49,-82.4,2386,25.31,1.0168,49.55,-5.46,0.0387,-41.94,76.94,57.25
derivative_high_vol,M15,20,8,2,0.1,0.0,1.0,2.0,100,0.7,29.07,1117,34.2,1.0395,37.62,19.44,311,39.55,1.3085,17.7,72.68,0.269,-19.92,53.24,72.16,28.95,5490,33.21,0.9945,83.35,-52.5,1572,34.03,1.0328,35.46,19.99,0.0383,-47.89,72.49,71.37
derivative_high_vol,M15,20,8,2,0.1,0.0,1.0,3.0,100,0.8,19.25,1117,26.59,1.0866,33.82,71.2,203,28.08,1.1712,16.89,24.3,0.0846,-16.93,-46.9,81.83,18.66,5490,24.63,0.9804,91.46,-80.11,1007,25.32,1.0186,40.21,-1.03,0.0382,-51.25,79.08,81.66
derivative_high_vol,M15,20,4,2,0.05,0.0,1.0,4.0,100,0.7,29.07,1590,21.76,1.1125,46.84,190.88,430,22.79,1.1807,24.66,66.02,0.0682,-22.18,-124.86,72.96,28.95,7910,19.63,0.978,98.2,-94.66,2182,20.21,1.0161,62.58,-14.02,0.0381,-35.62,80.64,72.41
derivative_high_vol,M15,20,8,4,0.1,0.0,1.0,2.0,100,0.7,29.07,1067,33.65,1.0141,39.9,-0.65,300,40.0,1.3333,15.13,76.34,0.3192,-24.77,76.99,71.88,28.95,5198,33.38,1.0023,76.19,-35.38,1483,34.19,1.04,36.5,27.23,0.0377,-39.69,62.61,71.47
derivative_high_vol,M15,20,4,4,0.05,0.0,1.0,2.0,100,0.8,19.25,1426,35.13,1.0832,34.59,86.74,266,35.34,1.093,15.18,14.2,0.0098,-19.41,-72.54,81.35,18.66,7132,33.17,0.9931,89.24,-64.54,1260,33.97,1.0301,39.81,13.17,0.037,-49.43,77.71,82.33
derivative_high_vol,M15,20,4,2,0.1,0.0,1.0,4.0,200,0.8,19.54,1596,20.49,1.0307,54.67,7.39,279,22.58,1.1667,25.87,34.99,0.136,-28.8,27.6,82.52,19.39,7805,19.76,0.9855,97.34,-91.17,1419,20.3,1.0222,40.21,-3.07,0.0367,-57.13,88.1,81.82
derivative_high_vol,M15,20,8,4,0.1,0.0,1.0,4.0,100,0.7,29.07,1067,21.09,1.0689,40.96,43.66,300,22.33,1.1502,28.56,33.12,0.0813,-12.4,-10.54,71.88,28.95,5198,19.82,0.9892,93.31,-76.83,1483,20.36,1.0255,45.78,0.54,0.0363,-47.53,77.37,71.47
derivative_high_vol,M15,20,8,4,0.05,0.0,1.0,2.0,200,0.7,29.52,1083,33.06,0.9876,59.29,-17.89,284,38.38,1.2457,8.78,49.13,0.2581,-50.51,67.02,73.78,29.35,5262,33.01,0.9858,83.26,-63.95,1506,33.8,1.0221,49.71,7.19,0.0363,-33.55,71.14,71.38
derivative_high_vol,M15,20,8,2,0.1,0.0,1.0,2.0,50,0.8,34.16,1117,34.2,1.0395,37.62,19.44,394,36.55,1.152,24.2,40.35,0.1125,-13.42,20.91,64.73,32.99,5490,33.21,0.9945,83.35,-52.5,1926,34.01,1.0307,41.24,21.74,0.0362,-42.11,74.24,64.92
derivative_high_vol,M15,20,8,4,0.1,0.0,1.0,2.0,50,0.7,40.26,1067,33.65,1.0141,39.9,-0.65,451,37.03,1.1761,24.22,57.26,0.162,-15.68,57.91,57.73,40.18,5198,33.38,1.0023,76.19,-35.38,2216,34.16,1.0377,33.77,38.7,0.0354,-42.42,74.08,57.37
derivative_high_vol,M15,20,8,4,0.05,0.0,1.0,4.0,50,0.8,34.16,1083,20.5,1.0314,47.01,5.51,376,23.4,1.2222,20.72,74.53,0.1908,-26.29,69.02,65.28,32.99,5262,19.9,0.9945,92.94,-71.57,1853,20.45,1.0292,54.37,6.24,0.0347,-38.57,77.81,64.79
derivative_high_vol,M15,20,4,4,0.05,0.0,1.0,2.0,200,0.7,29.52,1426,35.13,1.0832,34.59,86.74,371,36.66,1.1574,17.17,39.28,0.0742,-17.42,-47.46,73.98,29.35,7132,33.17,0.9931,89.24,-64.54,1969,33.93,1.0277,54.98,17.67,0.0346,-34.26,82.21,72.39
derivative_high_vol,M15,20,8,4,0.05,0.0,1.0,4.0,100,0.8,19.25,1083,20.5,1.0314,47.01,5.51,192,22.92,1.1892,13.13,26.9,0.1578,-33.88,21.39,82.27,18.66,5262,19.9,0.9945,92.94,-71.57,957,20.38,1.029,37.16,3.03,0.0345,-55.78,74.6,81.81
derivative_high_vol,M15,20,8,4,0.1,0.0,1.0,4.0,100,0.8,19.25,1067,21.09,1.0689,40.96,43.66,195,21.54,1.098,20.52,11.58,0.0291,-20.44,-32.08,81.72,18.66,5198,19.82,0.9892,93.31,-76.83,955,20.31,1.0237,35.9,-0.93,0.0345,-57.41,75.9,81.63
derivative_high_vol,M15,20,8,2,0.1,0.0,1.0,4.0,100,0.7,29.07,1117,21.13,1.0715,43.29,49.44,311,21.86,1.1193,32.68,25.2,0.0478,-10.61,-24.24,72.16,28.95,5490,19.58,0.9746,96.41,-88.69,1572,20.1,1.0088,54.74,-18.07,0.0342,-41.67,70.62,71.37
derivative_high_vol,M15,20,8,4,0.05,0.0,1.0,4.0,200,0.8,19.54,1083,20.5,1.0314,47.01,5.51,200,22.5,1.1613,13.21,23.01,0.1299,-33.8,17.5,81.53,19.39,5262,19.9,0.9945,92.94,-71.57,1007,20.36,1.0276,48.76,2.03,0.0331,-44.18,73.6,80.86
derivative_high_vol,M15,20,8,2,0.05,0.0,1.0,2.0,100,0.7,29.07,1128,33.42,1.004,58.56,-7.89,302,40.4,1.3556,16.87,83.47,0.3516,-41.69,91.36,73.23,28.95,5581,33.06,0.988,84.48,-63.29,1584,33.78,1.021,48.89,6.36,0.033,-35.59,69.65,71.62
derivative_high_vol,M15,20,4,2,0.05,0.0,1.0,2.0,50,0.8,34.16,1590,35.03,1.0784,32.17,91.18,558,38.17,1.2348,15.08,111.83,0.1564,-17.09,20.65,64.91,32.99,7910,33.25,0.9964,89.82,-62.27,2752,33.98,1.0292,64.79,28.92,0.0328,-25.03,91.19,65.21
derivative_high_vol,M15,20,8,4,0.1,0.0,1.0,3.0,200,0.7,29.52,1067,26.15,1.0622,34.94,38.71,291,27.84,1.1571,19.13,32.8,0.0949,-15.81,-5.91,72.73,29.35,5198,24.93,0.9967,84.96,-59.27,1490,25.5,1.028,45.13,9.04,0.0313,-39.83,68.31,71.34
derivative_high_vol,M15,20,8,4,0.05,0.0,1.5,3.0,100,0.7,29.07,1083,26.59,1.0882,29.45,70.4,292,27.4,1.1374,15.71,27.65,0.0492,-13.74,-42.75,73.04,28.95,5262,24.84,0.9937,85.12,-64.13,1490,25.3,1.0245,39.58,4.93,0.0308,-45.54,69.06,71.68
derivative_high_vol,M15,20,8,2,0.1,0.0,1.0,2.0,200,0.7,29.52,1117,34.2,1.0395,37.62,19.44,300,38.67,1.2609,11.52,56.49,0.2214,-26.1,37.05,73.14,29.35,5490,33.21,0.9945,83.35,-52.5,1574,33.86,1.025,46.21,10.79,0.0305,-37.14,63.29,71.33
derivative_high_vol,M15,20,4,4,0.1,0.0,1.0,2.0,200,0.7,29.52,1432,34.71,1.0631,35.9,56.02,371,38.01,1.2261,12.33,61.7,0.163,-23.57,5.68,74.09,29.35,7065,33.31,0.9989,88.36,-52.84,1965,33.94,1.0285,44.48,18.89,0.0296,-43.88,71.73,72.19
derivative_high_vol,M15,20,8,4,0.05,0.0,1.0,2.0,50,0.7,40.26,1083,33.06,0.9876,59.29,-17.89,446,37.22,1.1857,24.93,60.5,0.1981,-34.36,78.39,58.82,40.18,5262,33.01,0.9858,83.26,-63.95,2251,33.67,1.0154,39.03,0.53,0.0296,-44.23,64.48,57.22
derivative_high_vol,M15,20,4,2,0.1,0.0,1.0,2.0,100,0.8,19.25,1596,34.77,1.0663,38.07,69.56,285,40.35,1.3529,10.81,76.6,0.2866,-27.26,7.04,82.14,18.66,7805,33.3,0.9987,86.15,-57.04,1359,33.92,1.0279,32.3,12.06,0.0292,-53.85,69.1,82.59
derivative_high_vol,M15,20,8,2,0.1,0.0,1.0,4.0,50,0.7,40.26,1117,21.13,1.0715,43.29,49.44,466,22.32,1.1492,28.26,55.38,0.0777,-15.03,5.94,58.28,40.18,5490,19.58,0.9746,96.41,-88.69,2345,20.04,1.0032,69.62,-33.01,0.0286,-26.79,55.68,57.29
derivative_high_vol,M15,20,8,2,0.1,0.0,1.0,3.0,50,0.7,40.26,1117,26.59,1.0866,33.82,71.2,466,27.68,1.1484,23.45,53.13,0.0618,-10.37,-18.07,58.28,40.18,5490,24.63,0.9804,91.46,-80.11,2345,25.16,1.0085,58.27,-18.02,0.0281,-33.19,62.09,57.29
derivative_high_vol,M15,20,4,2,0.05,0.0,1.0,4.0,200,0.8,19.54,1590,21.76,1.1125,46.84,190.88,281,23.49,1.2279,15.35,53.38,0.1154,-31.49,-137.5,82.33,19.39,7910,19.63,0.978,98.2,-94.66,1438,20.03,1.0061,56.87,-19.11,0.0281,-41.33,75.55,81.82
derivative_high_vol,M15,20,8,4,0.05,0.0,1.5,3.0,50,0.7,40.26,1083,26.59,1.0882,29.45,70.4,446,27.8,1.1589,18.16,55.14,0.0707,-11.29,-15.26,58.82,40.18,5262,24.84,0.9937,85.12,-64.13,2251,25.32,1.0215,57.37,2.46,0.0278,-27.75,66.59,57.22
derivative_high_vol,M15,20,4,2,0.05,0.0,1.0,3.0,50,0.8,34.16,1590,26.16,1.063,43.88,64.44,558,29.21,1.238,17.14,133.54,0.175,-26.74,69.1,64.91,32.99,7910,24.34,0.9651,97.8,-96.09,2752,24.85,0.9923,69.17,-43.21,0.0272,-28.63,52.88,65.21
derivative_high_vol,M15,20,8,2,0.1,0.0,1.0,4.0,100,0.8,19.25,1117,21.13,1.0715,43.29,49.44,203,21.18,1.075,26.59,8.16,0.0035,-16.7,-41.28,81.83,18.66,5490,19.58,0.9746,96.41,-88.69,1007,19.96,1.0012,41.97,-17.06,0.0266,-54.44,71.63,81.66
derivative_high_vol,M15,20,8,2,0.05,0.0,1.0,2.0,50,0.7,40.26,1128,33.42,1.004,58.56,-7.89,463,37.15,1.1821,27.87,61.83,0.1781,-30.69,69.72,58.95,40.18,5581,33.06,0.988,84.48,-63.29,2386,33.65,1.0145,45.51,-0.81,0.0265,-38.97,62.48,57.25
derivative_high_vol,M15,20,4,2,0.05,0.0,1.0,4.0,50,0.8,34.16,1590,21.76,1.1125,46.84,190.88,558,24.55,1.3017,17.77,213.32,0.1892,-29.07,22.44,64.91,32.99,7910,19.63,0.978,98.2,-94.66,2752,20.06,1.0045,74.09,-35.65,0.0265,-24.11,59.01,65.21
derivative_high_vol,M15,20,8,4,0.05,0.0,1.5,4.0,50,0.7,40.26,1083,21.7,1.1151,30.39,110.53,446,21.08,1.0836,33.02,22.05,-0.0315,2.63,-88.48,58.82,40.18,5262,19.31,0.9637,97.08,-92.07,2251,19.64,0.9899,67.35,-45.9,0.0262,-29.73,46.17,57.22
derivative_high_vol,M15,20,8,2,0.05,0.0,1.0,4.0,50,0.8,34.16,1128,20.66,1.0413,45.55,15.42,388,22.94,1.1906,21.57,62.51,0.1493,-23.98,47.09,65.6,32.99,5581,19.82,0.9895,94.82,-78.92,1962,20.23,1.0153,61.02,-13.77,0.0258,-33.8,65.15,64.85
derivative_high_vol,M15,20,8,2,0.05,0.0,1.0,3.0,100,0.8,19.25,1128,26.15,1.0624,48.55,41.61,197,30.46,1.3139,12.56,48.68,0.2515,-35.99,7.07,82.54,18.66,5581,24.58,0.9781,91.49,-82.4,1018,25.05,1.0039,43.78,-11.38,0.0258,-47.71,71.02,81.76
derivative_high_vol,M15,20,8,4,0.1,0.0,1.0,4.0,50,0.8,34.16,1067,21.09,1.0689,40.96,43.66,379,23.48,1.2276,25.03,77.9,0.1587,-15.93,34.24,64.48,32.99,5198,19.82,0.9892,93.31,-76.83,1826,20.21,1.0137,62.36,-14.86,0.0245,-30.95,61.97,64.87
derivative_high_vol,M15,20,8,4,0.1,0.0,1.0,2.0,200,0.7,29.52,1067,33.65,1.0141,39.9,-0.65,291,38.83,1.2697,11.47,56.63,0.2556,-28.43,57.28,72.73,29.35,5198,33.38,1.0023,76.19,-35.38,1490,33.89,1.0264,44.16,11.72,0.0241,-32.03,47.1,71.34
derivative_high_vol,M15,20,8,4,0.05,0.0,1.5,2.0,100,0.7,29.07,1083,34.9,1.0723,32.66,49.17,292,40.07,1.3371,8.76,74.73,0.2648,-23.9,25.56,73.04,28.95,5262,33.35,1.0014,69.86,-37.68,1490,33.83,1.0244,32.33,9.53,0.023,-37.53,47.21,71.68
derivative_high_vol,M15,20,4,2,0.05,0.0,1.0,3.0,200,0.8,19.54,1590,26.16,1.063,43.88,64.44,281,29.18,1.2362,14.1,52.78,0.1732,-29.78,-11.66,82.33,19.39,7910,24.34,0.9651,97.8,-96.09,1438,24.76,0.988,55.62,-28.93,0.0229,-42.18,67.16,81.82
derivative_high_vol,M15,20,8,4,0.05,0.0,1.0,2.0,50,0.8,34.16,1083,33.06,0.9876,59.29,-17.89,376,36.97,1.173,22.66,44.87,0.1854,-36.63,62.76,65.28,32.99,5262,33.01,0.9858,83.26,-63.95,1853,33.51,1.0081,45.09,-8.11,0.0223,-38.17,55.84,64.79
derivative_high_vol,M15,20,4,2,0.05,0.0,1.0,3.0,100,0.7,29.07,1590,26.16,1.063,43.88,64.44,430,28.37,1.1883,17.34,66.64,0.1253,-26.54,2.2,72.96,28.95,7910,24.34,0.9651,97.8,-96.09,2182,24.75,0.9872,68.02,-41.19,0.0221,-29.78,54.9,72.41
derivative_high_vol,M15,20,8,2,0.1,0.0,1.0,2.0,50,0.7,40.26,1117,34.2,1.0395,37.62,19.44,466,36.48,1.1486,26.43,47.93,0.1091,-11.19,28.49,58.28,40.18,5490,33.21,0.9945,83.35,-52.5,2345,33.69,1.0161,46.96,1.59,0.0216,-36.39,54.09,57.29
derivative_high_vol,M15,20,4,2,0.1,0.0,1.0,2.0,100,0.7,29.07,1596,34.77,1.0663,38.07,69.56,422,37.44,1.197,17.02,60.89,0.1307,-21.05,-8.67,73.56,28.95,7805,33.3,0.9987,86.15,-57.04,2174,33.76,1.0202,43.15,7.54,0.0215,-43.0,64.58,72.15
derivative_high_vol,M15,20,4,4,0.1,0.0,1.0,2.0,100,0.7,29.07,1432,34.71,1.0631,35.9,56.02,375,37.87,1.2189,17.8,60.04,0.1558,-18.1,4.02,73.81,28.95,7065,33.31,0.9989,88.36,-52.84,1970,33.76,1.0199,39.84,6.51,0.021,-48.52,59.35,72.12
derivative_high_vol,M15,20,4,2,0.1,0.0,1.0,2.0,200,0.7,29.52,1596,34.77,1.0663,38.07,69.56,418,37.56,1.2031,14.1,62.56,0.1368,-23.97,-7.0,73.81,29.35,7805,33.3,0.9987,86.15,-57.04,2164,33.73,1.0188,45.75,5.53,0.0201,-40.4,62.57,72.27
derivative_high_vol,M15,20,8,2,0.05,0.0,1.0,2.0,200,0.7,29.52,1128,33.42,1.004,58.56,-7.89,294,38.1,1.2308,9.97,47.51,0.2268,-48.59,55.4,73.94,29.35,5581,33.06,0.988,84.48,-63.29,1595,33.48,1.0075,56.51,-7.57,0.0195,-27.97,55.72,71.42
derivative_high_vol,M15,20,4,4,0.05,0.0,1.0,4.0,100,0.7,29.07,1426,21.67,1.1065,46.53,144.24,382,23.3,1.215,24.51,72.62,0.1085,-22.02,-71.62,73.21,28.95,7132,19.64,0.9787,97.52,-92.57,1963,19.92,0.9981,62.33,-33.87,0.0194,-35.19,58.7,72.48
derivative_high_vol,M15,20,8,2,0.05,0.0,1.0,2.0,50,0.8,34.16,1128,33.42,1.004,58.56,-7.89,388,37.11,1.1803,25.68,49.08,0.1763,-32.88,56.97,65.6,32.99,5581,33.06,0.988,84.48,-63.29,1962,33.49,1.0069,44.44,-10.0,0.0189,-40.04,53.29,64.85
derivative_high_vol,M15,20,8,4,0.05,0.0,1.5,3.0,50,0.8,34.16,1083,26.59,1.0882,29.45,70.4,376,28.99,1.2293,14.25,73.07,0.1411,-15.2,2.67,65.28,32.99,5262,24.84,0.9937,85.12,-64.13,1853,25.15,1.0123,51.45,-9.98,0.0186,-33.67,54.15,64.79
derivative_high_vol,M15,20,4,4,0.1,0.0,1.0,2.0,100,0.8,19.25,1432,34.71,1.0631,35.9,56.02,262,39.69,1.3165,11.68,60.24,0.2534,-24.22,4.22,81.7,18.66,7065,33.31,0.9989,88.36,-52.84,1238,33.68,1.0171,32.71,1.66,0.0182,-55.65,54.5,82.48
derivative_high_vol,M15,20,4,4,0.05,0.0,1.0,3.0,50,0.8,34.16,1426,26.23,1.0665,42.03,61.94,494,30.16,1.2957,16.15,155.2,0.2292,-25.88,93.26,65.36,32.99,7132,24.31,0.9639,96.84,-94.95,2467,24.65,0.9812,71.13,-50.93,0.0173,-25.71,44.02,65.41
derivative_high_vol,M15,20,4,2,0.05,0.0,1.0,4.0,100,0.8,19.25,1590,21.76,1.1125,46.84,190.88,293,22.18,1.1404,19.46,29.42,0.0279,-27.38,-161.46,81.57,18.66,7910,19.63,0.978,98.2,-94.66,1406,19.84,0.9947,52.84,-28.39,0.0167,-45.36,66.27,82.23
derivative_high_vol,M15,20,8,2,0.05,0.0,1.5,3.0,50,0.7,40.26,1128,26.68,1.0932,25.5,81.42,463,27.86,1.1622,19.79,59.41,0.069,-5.71,-22.01,58.95,40.18,5581,24.74,0.9885,87.47,-72.75,2386,25.02,1.0051,65.19,-23.13,0.0166,-22.28,49.62,57.25
derivative_high_vol,M15,20,4,2,0.05,0.0,1.5,3.0,50,0.8,34.16,1590,26.86,1.1024,31.71,156.8,558,29.39,1.2487,16.65,142.98,0.1463,-15.06,-13.82,64.91,32.99,7910,24.74,0.9884,96.63,-84.31,2752,25.04,1.0049,79.48,-26.47,0.0165,-17.15,57.84,65.21
derivative_high_vol,M15,20,4,4,0.1,0.0,1.0,4.0,200,0.8,19.54,1432,20.6,1.0378,47.23,15.36,254,22.83,1.1837,22.98,35.65,0.1459,-24.25,20.29,82.26,19.39,7065,19.94,0.9972,95.55,-78.62,1295,20.15,1.0136,39.93,-10.88,0.0164,-55.62,67.74,81.67
derivative_high_vol,M15,20,8,4,0.05,0.0,1.0,4.0,200,0.7,29.52,1083,20.5,1.0314,47.01,5.51,284,22.18,1.1403,16.55,28.37,0.1089,-30.46,22.86,73.78,29.35,5262,19.9,0.9945,92.94,-71.57,1506,20.12,1.0108,50.46,-15.34,0.0163,-42.48,56.23,71.38
derivative_high_vol,M15,20,4,2,0.05,0.0,1.5,3.0,100,0.7,29.07,1590,26.86,1.1024,31.71,156.8,430,29.07,1.2336,22.4,89.56,0.1312,-9.31,-67.24,72.96,28.95,7910,24.74,0.9884,96.63,-84.31,2182,24.93,1.0043,70.33,-22.26,0.0159,-26.3,62.05,72.41
derivative_high_vol,M15,20,8,4,0.05,0.0,1.5,4.0,100,0.7,29.07,1083,21.7,1.1151,30.39,110.53,292,19.86,1.0131,32.46,-2.64,-0.102,2.07,-113.17,73.04,28.95,5262,19.31,0.9637,97.08,-92.07,1490,19.33,0.9796,66.24,-40.76,0.0159,-30.84,51.31,71.68
derivative_high_vol,M15,20,8,2,0.1,0.0,1.0,4.0,50,0.8,34.16,1117,21.13,1.0715,43.29,49.44,394,22.84,1.1842,29.34,60.73,0.1127,-13.95,11.29,64.73,32.99,5490,19.58,0.9746,96.41,-88.69,1926,19.83,0.9903,75.78,-40.87,0.0157,-20.63,47.82,64.92
derivative_high_vol,M15,20,4,2,0.1,0.0,1.5,3.0,50,0.8,34.16,1596,26.75,1.0958,35.67,139.35,553,28.39,1.1894,27.93,93.63,0.0936,-7.74,-45.72,65.35,32.99,7805,24.88,0.9964,94.66,-74.36,2733,25.14,1.0118,61.24,-15.26,0.0154,-33.42,59.1,64.98
derivative_high_vol,M15,20,8,4,0.1,0.0,1.5,3.0,100,0.8,19.25,1067,26.24,1.0687,36.84,45.78,195,24.62,0.9863,25.5,-4.74,-0.0824,-11.34,-50.52,81.72,18.66,5198,24.49,0.9755,89.39,-82.07,955,24.61,0.9902,39.0,-18.9,0.0147,-50.39,63.17,81.63
derivative_high_vol,M15,20,8,2,0.05,0.0,1.5,4.0,50,0.7,40.26,1128,21.99,1.1337,29.55,154.13,463,21.6,1.1173,34.35,38.27,-0.0164,4.8,-115.86,58.95,40.18,5581,19.19,0.9563,97.91,-95.12,2386,19.32,0.9695,75.68,-64.48,0.0132,-22.23,30.64,57.25
derivative_high_vol,M15,20,4,2,0.1,0.0,1.0,3.0,100,0.8,19.25,1596,25.88,1.0473,55.7,37.47,285,31.58,1.3846,14.4,101.47,0.3373,-41.3,64.0,82.14,18.66,7805,24.5,0.9735,94.74,-93.28,1359,24.72,0.9863,52.22,-28.8,0.0128,-42.52,64.48,82.59
derivative_high_vol,M15,20,8,2,0.1,0.0,1.0,4.0,200,0.7,29.52,1117,21.13,1.0715,43.29,49.44,300,21.33,1.0847,30.89,14.83,0.0132,-12.4,-34.61,73.14,29.35,5490,19.58,0.9746,96.41,-88.69,1574,19.76,0.9873,56.01,-37.24,0.0127,-40.4,51.45,71.33
derivative_high_vol,M15,20,4,2,0.05,0.0,1.5,3.0,100,0.8,19.25,1590,26.86,1.1024,31.71,156.8,293,26.96,1.1127,21.85,21.46,0.0103,-9.86,-135.34,81.57,18.66,7910,24.74,0.9884,96.63,-84.31,1406,24.82,1.0,59.27,-18.67,0.0116,-37.36,65.64,82.23
derivative_high_vol,M15,20,8,2,0.05,0.0,1.5,3.0,50,0.8,34.16,1128,26.68,1.0932,25.5,81.42,388,29.12,1.2372,14.2,79.74,0.144,-11.3,-1.68,65.6,32.99,5581,24.74,0.9885,87.47,-72.75,1962,24.92,1.0,58.73,-25.14,0.0115,-28.74,47.61,64.85
derivative_high_vol,M15,20,8,2,0.1,0.0,1.5,3.0,100,0.8,19.25,1117,26.32,1.073,30.53,53.56,203,25.12,1.0132,27.72,-1.01,-0.0598,-2.81,-54.57,81.83,18.66,5490,24.26,0.9634,94.0,-90.14,1007,24.33,0.9748,46.04,-28.54,0.0114,-47.96,61.6,81.66
derivative_high_vol,M15,20,4,2,0.05,0.0,1.0,3.0,100,0.8,19.25,1590,26.16,1.063,43.88,64.44,293,27.99,1.1659,15.36,35.42,0.1029,-28.52,-29.02,81.57,18.66,7910,24.34,0.9651,97.8,-96.09,1406,24.54,0.9764,50.72,-36.59,0.0113,-47.08,59.5,82.23
derivative_high_vol,M15,20,4,4,0.05,0.0,1.0,4.0,50,0.8,34.16,1426,21.67,1.1065,46.53,144.24,494,25.3,1.355,17.12,230.03,0.2485,-29.41,85.79,65.36,32.99,7132,19.64,0.9787,97.52,-92.57,2467,19.82,0.9899,78.14,-49.37,0.0112,-19.38,43.2,65.41
derivative_high_vol,M15,20,4,2,0.1,0.0,1.0,3.0,100,0.7,29.07,1596,25.88,1.0473,55.7,37.47,422,29.62,1.2626,20.36,103.38,0.2153,-35.34,65.91,73.56,28.95,7805,24.5,0.9735,94.74,-93.28,2174,24.7,0.9847,56.01,-43.41,0.0112,-38.73,49.87,72.15
derivative_high_vol,M15,20,4,4,0.1,0.0,1.5,3.0,50,0.8,34.16,1432,26.68,1.0914,28.95,109.3,493,29.41,1.25,22.27,120.01,0.1586,-6.68,10.71,65.57,32.99,7065,25.05,1.0053,90.84,-53.55,2476,25.24,1.0163,61.01,-6.63,0.011,-29.83,46.92,64.95
derivative_high_vol,M15,20,4,2,0.1,0.0,1.0,3.0,50,0.8,34.16,1596,25.88,1.0473,55.7,37.47,553,28.39,1.1894,22.4,93.63,0.1421,-33.3,56.16,65.35,32.99,7805,24.5,0.9735,94.74,-93.28,2733,24.7,0.984,66.09,-51.88,0.0105,-28.65,41.4,64.98
derivative_high_vol,M15,20,4,4,0.05,0.0,1.0,3.0,100,0.7,29.07,1426,26.23,1.0665,42.03,61.94,382,29.06,1.2288,15.56,74.61,0.1623,-26.47,12.67,73.21,28.95,7132,24.31,0.9639,96.84,-94.95,1963,24.5,0.9743,63.6,-48.66,0.0104,-33.24,46.29,72.48
derivative_high_vol,M15,20,4,4,0.05,0.0,1.5,3.0,50,0.8,34.16,1426,26.93,1.1056,30.65,140.64,494,30.36,1.3081,14.91,165.52,0.2025,-15.74,24.88,65.36,32.99,7132,24.79,0.9907,94.15,-78.77,2467,24.97,1.0005,79.29,-29.86,0.0098,-14.86,48.91,65.41
derivative_high_vol,M15,20,8,4,0.1,0.0,1.5,2.0,100,0.7,29.07,1067,34.77,1.0661,23.84,42.15,300,37.33,1.1915,15.96,38.88,0.1254,-7.88,-3.27,71.88,28.95,5198,33.26,0.9974,73.33,-45.43,1483,33.45,1.0071,49.66,-7.46,0.0097,-23.67,37.97,71.47
derivative_high_vol,M15,20,4,2,0.1,0.0,1.5,2.0,200,0.8,19.54,1596,34.84,1.0692,36.42,74.7,279,39.07,1.2824,11.63,56.82,0.2132,-24.79,-17.88,82.52,19.39,7805,33.02,0.9862,87.81,-77.5,1419,33.19,0.9958,40.95,-16.52,0.0096,-46.86,60.98,81.82
derivative_high_vol,M15,20,4,2,0.1,0.0,1.5,2.0,50,0.8,34.16,1596,34.84,1.0692,36.42,74.7,553,37.25,1.1873,18.02,80.74,0.1181,-18.4,6.04,65.35,32.99,7805,33.02,0.9862,87.81,-77.5,2733,33.22,0.9956,58.28,-29.6,0.0094,-29.53,47.9,64.98
derivative_high_vol,M15,20,8,4,0.05,0.0,1.5,4.0,50,0.8,34.16,1083,21.7,1.1151,30.39,110.53,376,21.54,1.1172,26.98,29.99,0.0021,-3.41,-80.54,65.28,32.99,5262,19.31,0.9637,97.08,-92.07,1853,19.37,0.9729,68.26,-52.95,0.0092,-28.82,39.12,64.79
derivative_high_vol,M15,20,4,2,0.1,0.0,1.5,4.0,50,0.7,40.26,1596,22.18,1.1475,38.96,340.18,645,22.02,1.1475,35.45,81.2,0.0,-3.51,-258.98,59.59,40.18,7805,19.33,0.9656,99.48,-97.38,3298,19.38,0.9741,87.49,-73.02,0.0085,-11.99,24.36,57.75
derivative_high_vol,M15,20,4,4,0.05,0.0,1.0,2.0,50,0.7,40.26,1426,35.13,1.0832,34.59,86.74,582,37.46,1.1978,16.75,93.22,0.1146,-17.84,6.48,59.19,40.18,7132,33.17,0.9931,89.24,-64.54,2982,33.33,1.0,62.42,-25.64,0.0069,-26.82,38.9,58.19
derivative_high_vol,M15,20,8,4,0.1,0.0,1.5,2.0,50,0.8,34.16,1067,34.77,1.0661,23.84,42.15,379,37.99,1.2255,16.75,63.19,0.1594,-7.09,21.04,64.48,32.99,5198,33.26,0.9974,73.33,-45.43,1826,33.41,1.0041,51.07,-12.33,0.0067,-22.26,33.1,64.87
derivative_high_vol,M15,20,8,2,0.1,0.0,1.0,4.0,200,0.8,19.54,1117,21.13,1.0715,43.29,49.44,209,21.53,1.0976,21.03,12.38,0.0261,-22.26,-37.06,81.29,19.39,5490,19.58,0.9746,96.41,-88.69,1049,19.64,0.981,49.72,-30.43,0.0064,-46.69,58.26,80.89
derivative_high_vol,M15,20,8,2,0.05,0.0,1.0,4.0,200,0.8,19.54,1128,20.66,1.0413,45.55,15.42,207,21.74,1.1111,16.02,14.66,0.0698,-29.53,-0.76,81.65,19.39,5581,19.82,0.9895,94.82,-78.92,1068,19.85,0.9953,54.31,-21.97,0.0058,-40.51,56.95,80.86
derivative_high_vol,M15,20,8,4,0.1,0.0,1.0,4.0,200,0.8,19.54,1067,21.09,1.0689,40.96,43.66,200,22.0,1.1282,16.2,17.1,0.0593,-24.76,-26.56,81.26,19.39,5198,19.82,0.9892,93.31,-76.83,992,19.86,0.9949,49.43,-20.82,0.0057,-43.88,56.01,80.92
derivative_high_vol,M15,20,8,2,0.05,0.0,1.0,4.0,100,0.8,19.25,1128,20.66,1.0413,45.55,15.42,197,22.34,1.1503,14.41,20.68,0.109,-31.14,5.26,82.54,18.66,5581,19.82,0.9895,94.82,-78.92,1018,19.84,0.9951,43.97,-21.2,0.0056,-50.85,57.72,81.76
derivative_high_vol,M15,20,8,4,0.1,0.0,1.5,4.0,50,0.7,40.26,1067,21.18,1.0839,44.08,61.91,451,20.84,1.0712,31.91,17.24,-0.0127,-12.17,-44.67,57.73,40.18,5198,19.24,0.9588,97.95,-93.34,2216,19.27,0.9644,79.21,-65.07,0.0056,-18.74,28.27,57.37
derivative_high_vol,M15,20,8,2,0.1,0.0,1.5,2.0,50,0.8,34.16,1117,35.27,1.0899,20.79,70.89,394,37.82,1.2163,17.58,62.95,0.1264,-3.21,-7.94,64.73,32.99,5490,32.86,0.9794,84.14,-72.79,1926,32.97,0.9845,52.59,-32.31,0.0051,-31.55,40.48,64.92
derivative_high_vol,M15,20,8,4,0.05,0.0,1.5,2.0,50,0.7,40.26,1083,34.9,1.0723,32.66,49.17,446,37.22,1.1857,14.28,60.5,0.1134,-18.38,11.33,58.82,40.18,5262,33.35,1.0014,69.86,-37.68,2251,33.45,1.006,41.08,-12.54,0.0046,-28.78,25.14,57.22
derivative_high_vol,M15,20,4,2,0.05,0.0,1.5,3.0,50,0.7,40.26,1590,26.86,1.1024,31.71,156.8,652,28.83,1.2181,26.42,146.88,0.1157,-5.29,-9.92,58.99,40.18,7910,24.74,0.9884,96.63,-84.31,3319,24.8,0.9928,83.57,-48.74,0.0044,-13.06,35.57,58.04
derivative_high_vol,M15,20,8,4,0.1,0.0,1.5,3.0,50,0.7,40.26,1067,26.24,1.0687,36.84,45.78,451,27.27,1.1284,22.31,41.8,0.0597,-14.53,-3.98,57.73,40.18,5198,24.49,0.9755,89.39,-82.07,2216,24.55,0.9796,65.01,-48.51,0.0041,-24.38,33.56,57.37
derivative_high_vol,M15,20,8,2,0.05,0.0,1.5,3.0,100,0.8,19.25,1128,26.68,1.0932,25.5,81.42,197,25.38,1.0274,16.15,1.06,-0.0658,-9.35,-80.36,82.54,18.66,5581,24.74,0.9885,87.47,-72.75,1018,24.66,0.9921,43.01,-18.86,0.0036,-44.46,53.89,81.76
derivative_high_vol,M15,20,8,2,0.1,0.0,1.5,2.0,200,0.7,29.52,1117,35.27,1.0899,20.79,70.89,300,36.67,1.1579,21.74,30.83,0.068,0.95,-40.06,73.14,29.35,5490,32.86,0.9794,84.14,-72.79,1574,32.91,0.9829,43.82,-28.49,0.0035,-40.32,44.3,71.33
derivative_high_vol,M15,20,8,2,0.1,0.0,1.5,3.0,50,0.7,40.26,1117,26.32,1.073,30.53,53.56,466,27.25,1.1272,25.33,42.9,0.0542,-5.2,-10.66,58.28,40.18,5490,24.26,0.9634,94.0,-90.14,2345,24.31,0.9666,72.61,-60.57,0.0032,-21.39,29.57,57.29
derivative_high_vol,M15,20,4,2,0.05,0.0,1.0,2.0,50,0.7,40.26,1590,35.03,1.0784,32.17,91.18,652,37.12,1.1805,15.34,95.74,0.1021,-16.83,4.56,58.99,40.18,7910,33.25,0.9964,89.82,-62.27,3319,33.32,0.9995,68.23,-28.8,0.0031,-21.59,33.47,58.04
derivative_high_vol,M15,20,4,2,0.1,0.0,1.0,2.0,50,0.8,34.16,1596,34.77,1.0663,38.07,69.56,553,38.52,1.2529,14.3,122.74,0.1866,-23.77,53.18,65.35,32.99,7805,33.3,0.9987,86.15,-57.04,2733,33.37,1.0016,60.91,-21.47,0.0029,-25.24,35.57,64.98
derivative_high_vol,M15,20,8,2,0.05,0.0,1.5,4.0,50,0.8,34.16,1128,21.99,1.1337,29.55,154.13,388,22.16,1.1582,26.61,47.41,0.0245,-2.94,-106.72,65.6,32.99,5581,19.19,0.9563,97.91,-95.12,1962,19.16,0.9592,74.68,-63.65,0.0029,-23.23,31.47,64.85
derivative_high_vol,M15,20,4,2,0.1,0.0,1.5,2.0,100,0.8,19.25,1596,34.84,1.0692,36.42,74.7,285,39.65,1.314,14.25,66.37,0.2448,-22.17,-8.33,82.14,18.66,7805,33.02,0.9862,87.81,-77.5,1359,33.04,0.989,53.41,-20.89,0.0028,-34.4,56.61,82.59
derivative_high_vol,M15,20,8,4,0.05,0.0,1.5,2.0,50,0.8,34.16,1083,34.9,1.0723,32.66,49.17,376,38.3,1.2414,12.33,68.19,0.1691,-20.33,19.02,65.28,32.99,5262,33.35,1.0014,69.86,-37.68,1853,33.41,1.0041,36.33,-12.56,0.0027,-33.53,25.12,64.79
derivative_high_vol,M15,20,4,4,0.1,0.0,1.5,2.0,50,0.8,34.16,1432,34.71,1.0631,35.78,56.02,493,37.73,1.2117,16.31,81.82,0.1486,-19.47,25.8,65.57,32.99,7065,33.18,0.9932,78.59,-63.95,2476,33.24,0.9958,53.95,-27.07,0.0026,-24.64,36.88,64.95
derivative_high_vol,M15,20,8,2,0.1,0.0,1.5,2.0,100,0.7,29.07,1117,35.27,1.0899,20.79,70.89,311,36.98,1.1735,17.0,35.99,0.0836,-3.79,-34.9,72.16,28.95,5490,32.86,0.9794,84.14,-72.79,1572,32.89,0.982,48.47,-29.18,0.0026,-35.67,43.61,71.37
derivative_high_vol,M15,20,8,2,0.05,0.0,1.5,3.0,100,0.7,29.07,1128,26.68,1.0932,25.5,81.42,302,27.15,1.1233,15.61,24.96,0.0301,-9.89,-56.46,73.23,28.95,5581,24.74,0.9885,87.47,-72.75,1584,24.68,0.9907,52.14,-28.97,0.0022,-35.33,43.78,71.62
derivative_high_vol,M15,20,8,4,0.1,0.0,1.5,2.0,50,0.7,40.26,1067,34.77,1.0661,23.84,42.15,451,37.03,1.1761,19.36,57.26,0.11,-4.48,15.11,57.73,40.18,5198,33.26,0.9974,73.33,-45.43,2216,33.3,0.9993,55.67,-20.55,0.0019,-17.66,24.88,57.37
derivative_high_vol,M15,20,8,2,0.05,0.0,1.0,4.0,200,0.7,29.52,1128,20.66,1.0413,45.55,15.42,294,21.77,1.113,20.27,21.96,0.0717,-25.28,6.54,73.94,29.35,5581,19.82,0.9895,94.82,-78.92,1595,19.81,0.9914,57.17,-34.32,0.0019,-37.65,44.6,71.42
derivative_high_vol,M15,20,4,4,0.1,0.0,1.0,3.0,100,0.7,29.07,1432,26.12,1.0605,47.78,52.46,375,30.4,1.3103,17.43,110.97,0.2498,-30.35,58.51,73.81,28.95,7065,24.64,0.9812,91.15,-86.95,1970,24.67,0.9831,55.94,-41.67,0.0019,-35.21,45.28,72.12
derivative_high_vol,M15,20,8,4,0.05,0.0,1.5,2.0,100,0.8,19.25,1083,34.9,1.0723,32.66,49.17,192,39.06,1.2821,8.7,36.25,0.2098,-23.96,-12.92,82.27,18.66,5262,33.35,1.0014,69.86,-37.68,957,33.33,1.0031,31.89,-7.22,0.0017,-37.97,30.46,81.81
derivative_high_vol,M15,20,4,2,0.1,0.0,1.5,2.0,100,0.7,29.07,1596,34.84,1.0692,36.42,74.7,422,38.63,1.2587,19.56,86.79,0.1895,-16.86,12.09,73.56,28.95,7805,33.02,0.9862,87.81,-77.5,2174,33.03,0.9876,52.96,-32.63,0.0014,-34.85,44.87,72.15
derivative_high_vol,M15,20,8,2,0.1,0.0,1.5,3.0,100,0.7,29.07,1117,26.32,1.073,30.53,53.56,311,26.37,1.0789,30.48,14.15,0.0059,-0.05,-39.41,72.16,28.95,5490,24.26,0.9634,94.0,-90.14,1572,24.17,0.9645,60.39,-47.65,0.0011,-33.61,42.49,71.37
derivative_high_vol,M15,20,4,2,0.05,0.0,1.0,4.0,50,0.7,40.26,1590,21.76,1.1125,46.84,190.88,652,23.62,1.2369,28.56,181.49,0.1244,-18.28,-9.39,58.99,40.18,7910,19.63,0.978,98.2,-94.66,3319,19.64,0.979,81.18,-69.95,0.001,-17.02,24.71,58.04
derivative_high_vol,M15,20,4,2,0.1,0.0,1.5,4.0,50,0.8,34.16,1596,22.18,1.1475,38.96,340.18,553,21.88,1.1362,33.22,59.08,-0.0113,-5.74,-281.1,65.35,32.99,7805,19.33,0.9656,99.48,-97.38,2733,19.25,0.9665,82.02,-71.33,0.0009,-17.46,26.05,64.98
derivative_high_vol,M15,20,8,4,0.1,0.0,1.0,4.0,200,0.7,29.52,1067,21.09,1.0689,40.96,43.66,291,21.65,1.1053,27.16,19.65,0.0364,-13.8,-24.01,72.73,29.35,5198,19.82,0.9892,93.31,-76.83,1490,19.8,0.9899,54.77,-33.63,0.0007,-38.54,43.2,71.34
derivative_high_vol,M15,20,4,2,0.1,0.0,1.5,3.0,100,0.7,29.07,1596,26.75,1.0958,35.67,139.35,422,28.91,1.22,30.97,80.59,0.1242,-4.7,-58.76,73.56,28.95,7805,24.88,0.9964,94.66,-74.36,2174,24.75,0.9963,51.93,-31.54,-0.0001,-42.73,42.82,72.15
derivative_high_vol,M15,20,8,4,0.1,0.0,1.5,2.0,200,0.7,29.52,1067,34.77,1.0661,23.84,42.15,291,36.43,1.1459,20.15,27.1,0.0798,-3.69,-15.05,72.73,29.35,5198,33.26,0.9974,73.33,-45.43,1490,33.22,0.997,39.46,-16.28,-0.0004,-33.87,29.15,71.34
derivative_high_vol,M15,20,8,4,0.1,0.0,1.5,2.0,100,0.8,19.25,1067,34.77,1.0661,23.84,42.15,195,36.92,1.1707,11.65,20.88,0.1046,-12.19,-21.27,81.72,18.66,5198,33.26,0.9974,73.33,-45.43,955,33.19,0.9969,39.74,-10.83,-0.0005,-33.59,34.6,81.63
derivative_high_vol,M15,20,4,2,0.1,0.0,1.5,3.0,50,0.7,40.26,1596,26.75,1.0958,35.67,139.35,645,28.84,1.2157,32.35,142.26,0.1199,-3.32,2.91,59.59,40.18,7805,24.88,0.9964,94.66,-74.36,3298,24.83,0.9959,73.14,-44.32,-0.0005,-21.52,30.04,57.75
derivative_high_vol,M15,20,4,4,0.1,0.0,1.5,2.0,100,0.7,29.07,1432,34.71,1.0631,35.78,56.02,375,39.73,1.3186,14.35,97.23,0.2555,-21.43,41.21,73.81,28.95,7065,33.18,0.9932,78.59,-63.95,1970,33.15,0.9924,54.61,-25.56,-0.0008,-23.98,38.39,72.12
derivative_high_vol,M15,20,8,2,0.1,0.0,1.5,2.0,50,0.7,40.26,1117,35.27,1.0899,20.79,70.89,466,36.91,1.1701,20.17,57.03,0.0802,-0.62,-13.86,58.28,40.18,5490,32.86,0.9794,84.14,-72.79,2345,32.84,0.9784,55.23,-43.52,-0.001,-28.91,29.27,57.29
derivative_high_vol,M15,20,4,4,0.1,0.0,1.0,2.0,50,0.8,34.16,1432,34.71,1.0631,35.9,56.02,493,38.74,1.2649,13.31,111.09,0.2018,-22.59,55.07,65.57,32.99,7065,33.31,0.9989,88.36,-52.84,2476,33.28,0.9976,61.36,-24.86,-0.0013,-27.0,27.98,64.95
derivative_high_vol,M15,20,4,4,0.1,0.0,1.5,2.0,200,0.8,19.54,1432,34.71,1.0631,35.78,56.02,254,39.76,1.3203,11.6,58.78,0.2572,-24.18,2.76,82.26,19.39,7065,33.18,0.9932,78.59,-63.95,1295,33.13,0.9919,40.74,-17.98,-0.0013,-37.85,45.97,81.67
derivative_high_vol,M15,20,8,4,0.1,0.0,1.5,3.0,100,0.7,29.07,1067,26.24,1.0687,36.84,45.78,300,26.33,1.0773,29.07,13.21,0.0086,-7.77,-32.57,71.88,28.95,5198,24.49,0.9755,89.39,-82.07,1483,24.34,0.9739,53.92,-39.66,-0.0016,-35.47,42.41,71.47
derivative_high_vol,M15,20,8,2,0.1,0.0,1.5,3.0,50,0.8,34.16,1117,26.32,1.073,30.53,53.56,394,28.68,1.2107,23.22,69.22,0.1377,-7.31,15.66,64.73,32.99,5490,24.26,0.9634,94.0,-90.14,1926,24.2,0.9615,70.46,-56.78,-0.0019,-23.54,33.36,64.92
derivative_high_vol,M15,20,4,2,0.1,0.0,1.5,3.0,100,0.8,19.25,1596,26.75,1.0958,35.67,139.35,285,29.47,1.2537,22.77,58.86,0.1579,-12.9,-80.49,82.14,18.66,7805,24.88,0.9964,94.66,-74.36,1359,24.65,0.9941,51.7,-22.79,-0.0023,-42.96,51.57,82.59
derivative_high_vol,M15,20,8,2,0.05,0.0,1.5,2.0,50,0.8,34.16,1128,35.2,1.0862,27.31,67.34,388,38.4,1.2469,12.54,73.08,0.1607,-14.77,5.74,65.6,32.99,5581,33.15,0.9922,78.82,-56.95,1962,33.08,0.9893,42.47,-28.4,-0.0029,-36.35,28.55,64.85
derivative_high_vol,M15,20,8,2,0.1,0.0,1.5,4.0,50,0.7,40.26,1117,21.31,1.0917,36.54,76.94,466,21.03,1.0829,34.0,22.8,-0.0088,-2.54,-54.14,58.28,40.18,5490,19.03,0.9461,98.85,-96.72,2345,18.93,0.9432,84.68,-77.93,-0.0029,-14.17,18.79,57.29
derivative_high_vol,M15,20,4,4,0.1,0.0,1.5,3.0,100,0.7,29.07,1432,26.68,1.0914,28.95,109.3,375,29.87,1.2776,26.03,94.91,0.1862,-2.92,-14.39,73.81,28.95,7065,25.05,1.0053,90.84,-53.55,1970,24.87,1.002,48.79,-22.9,-0.0033,-42.05,30.65,72.12
derivative_high_vol,M15,20,8,2,0.05,0.0,1.5,2.0,50,0.7,40.26,1128,35.2,1.0862,27.31,67.34,463,37.58,1.2042,14.3,71.79,0.118,-13.01,4.45,58.95,40.18,5581,33.15,0.9922,78.82,-56.95,2386,33.07,0.9887,50.67,-34.04,-0.0035,-28.15,22.91,57.25
derivative_high_vol,M15,20,4,4,0.1,0.0,1.0,3.0,100,0.8,19.25,1432,26.12,1.0605,47.78,52.46,262,31.68,1.3911,13.13,92.39,0.3306,-34.65,39.93,81.7,18.66,7065,24.64,0.9812,91.15,-86.95,1238,24.56,0.9775,56.53,-32.37,-0.0037,-34.62,54.58,82.48
derivative_high_vol,M15,20,4,2,0.1,0.0,1.5,2.0,50,0.7,40.26,1596,34.84,1.0692,36.42,74.7,645,37.83,1.217,22.82,122.92,0.1478,-13.6,48.22,59.59,40.18,7805,33.02,0.9862,87.81,-77.5,3298,32.93,0.9824,68.48,-51.11,-0.0038,-19.33,26.39,57.75
derivative_high_vol,M15,20,4,2,0.05,0.0,1.0,3.0,200,0.7,29.52,1590,26.16,1.063,43.88,64.44,418,28.71,1.2081,20.78,73.68,0.1451,-23.1,9.24,73.71,29.35,7910,24.34,0.9651,97.8,-96.09,2186,24.25,0.9607,72.3,-61.98,-0.0044,-25.5,34.11,72.36
derivative_high_vol,M15,20,8,4,0.1,0.0,1.5,3.0,50,0.8,34.16,1067,26.24,1.0687,36.84,45.78,379,28.5,1.2,22.45,61.41,0.1313,-14.39,15.63,64.48,32.99,5198,24.49,0.9755,89.39,-82.07,1826,24.37,0.9709,61.82,-48.6,-0.0046,-27.57,33.47,64.87
derivative_high_vol,M15,20,4,2,0.05,0.0,1.5,4.0,50,0.8,34.16,1590,22.33,1.1573,34.55,391.16,558,22.94,1.2075,27.2,113.59,0.0502,-7.35,-277.57,64.91,32.99,7910,19.23,0.9587,99.45,-98.38,2752,19.08,0.9541,88.8,-78.34,-0.0046,-10.65,20.04,65.21
derivative_high_vol,M15,20,4,4,0.1,0.0,1.0,3.0,50,0.8,34.16,1432,26.12,1.0605,47.78,52.46,493,28.8,1.2137,23.18,95.36,0.1532,-24.6,42.9,65.57,32.99,7065,24.64,0.9812,91.15,-86.95,2476,24.56,0.9764,64.18,-55.17,-0.0048,-26.97,31.78,64.95
derivative_high_vol,M15,20,4,4,0.1,0.0,1.5,3.0,50,0.7,40.26,1432,26.68,1.0914,28.95,109.3,579,29.88,1.2783,24.66,181.01,0.1869,-4.29,71.71,59.57,40.18,7065,25.05,1.0053,90.84,-53.55,2997,24.92,1.0,71.5,-35.75,-0.0053,-19.34,17.8,57.58
derivative_high_vol,M15,20,4,2,0.1,0.0,1.0,4.0,100,0.7,29.07,1596,20.49,1.0307,54.67,7.39,422,22.27,1.1463,30.68,47.73,0.1156,-23.99,40.34,73.56,28.95,7805,19.76,0.9855,97.34,-91.17,2174,19.64,0.9799,63.73,-53.72,-0.0056,-33.61,37.45,72.15
derivative_high_vol,M15,20,4,2,0.05,0.0,1.5,2.0,50,0.8,34.16,1590,34.65,1.0606,34.62,59.83,558,37.28,1.1886,14.96,82.45,0.128,-19.66,22.62,64.91,32.99,7910,32.83,0.9778,95.15,-85.91,2752,32.7,0.9719,71.7,-54.65,-0.0059,-23.45,31.26,65.21
derivative_high_vol,M15,20,4,4,0.1,0.0,1.5,3.0,200,0.7,29.52,1432,26.68,1.0914,28.95,109.3,371,29.65,1.2644,27.03,87.45,0.173,-1.92,-21.85,74.09,29.35,7065,25.05,1.0053,90.84,-53.55,1965,24.83,0.9993,59.82,-25.85,-0.006,-31.02,27.7,72.19
derivative_high_vol,M15,20,4,2,0.05,0.0,1.0,3.0,50,0.7,40.26,1590,26.16,1.063,43.88,64.44,652,28.68,1.2065,18.31,134.92,0.1435,-25.57,70.48,58.99,40.18,7910,24.34,0.9651,97.8,-96.09,3319,24.22,0.959,83.05,-77.94,-0.0061,-14.75,18.15,58.04
derivative_high_vol,M15,20,4,4,0.05,0.0,1.5,2.0,50,0.8,34.16,1426,34.78,1.0667,33.56,60.85,494,38.26,1.2393,13.33,96.86,0.1726,-20.23,36.01,65.36,32.99,7132,32.81,0.9768,92.5,-83.68,2467,32.67,0.9705,67.08,-51.94,-0.0063,-25.42,31.74,65.41
derivative_high_vol,M15,20,4,4,0.1,0.0,1.5,4.0,50,0.7,40.26,1432,21.93,1.1315,31.39,218.81,579,22.97,1.2146,29.98,125.76,0.0831,-1.41,-93.05,59.57,40.18,7065,19.45,0.9724,98.78,-94.58,2997,19.25,0.9657,88.38,-75.09,-0.0067,-10.4,19.49,57.58
derivative_high_vol,M15,20,4,2,0.05,0.0,1.0,4.0,200,0.7,29.52,1590,21.76,1.1125,46.84,190.88,418,23.21,1.2087,22.05,78.29,0.0962,-24.79,-112.59,73.71,29.35,7910,19.63,0.978,98.2,-94.66,2186,19.49,0.9709,70.48,-60.56,-0.0071,-27.72,34.1,72.36
derivative_high_vol,M15,20,8,2,0.1,0.0,1.5,3.0,200,0.7,29.52,1117,26.32,1.073,30.53,53.56,300,27.0,1.1147,27.12,22.54,0.0417,-3.41,-31.02,73.14,29.35,5490,24.26,0.9634,94.0,-90.14,1574,24.02,0.9562,63.78,-52.6,-0.0072,-30.22,37.54,71.33
derivative_high_vol,M15,20,4,4,0.05,0.0,1.5,3.0,100,0.7,29.07,1426,26.93,1.1056,30.65,140.64,382,30.1,1.2921,17.09,104.59,0.1865,-13.56,-36.05,73.21,28.95,7132,24.79,0.9907,94.15,-78.77,1963,24.55,0.983,68.52,-41.53,-0.0077,-25.63,37.24,72.48
derivative_high_vol,M15,20,4,4,0.05,0.0,1.5,3.0,50,0.7,40.26,1426,26.93,1.1056,30.65,140.64,582,29.55,1.2585,23.09,162.08,0.1529,-7.56,21.44,59.19,40.18,7132,24.79,0.9907,94.15,-78.77,2982,24.61,0.9826,83.06,-56.25,-0.0081,-11.09,22.52,58.19
derivative_high_vol,M15,20,8,4,0.05,0.0,1.5,2.0,200,0.7,29.52,1083,34.9,1.0723,32.66,49.17,284,37.68,1.209,12.43,40.49,0.1367,-20.23,-8.68,73.78,29.35,5262,33.35,1.0014,69.86,-37.68,1506,33.13,0.993,39.67,-19.67,-0.0084,-30.19,18.01,71.38
derivative_high_vol,M15,20,4,4,0.1,0.0,1.5,2.0,200,0.7,29.52,1432,34.71,1.0631,35.78,56.02,371,39.35,1.2978,17.6,87.73,0.2347,-18.18,31.71,74.09,29.35,7065,33.18,0.9932,78.59,-63.95,1965,32.98,0.9848,56.3,-32.57,-0.0084,-22.29,31.38,72.19
derivative_high_vol,M15,20,8,2,0.05,0.0,1.5,4.0,100,0.7,29.07,1128,21.99,1.1337,29.55,154.13,302,20.2,1.0339,28.1,2.08,-0.0998,-1.45,-152.05,73.23,28.95,5581,19.19,0.9563,97.91,-95.12,1584,18.81,0.9468,73.7,-61.92,-0.0095,-24.21,33.2,71.62
derivative_high_vol,M15,20,4,4,0.05,0.0,1.0,3.0,200,0.8,19.54,1426,26.23,1.0665,42.03,61.94,252,28.97,1.2235,12.35,43.16,0.157,-29.68,-18.78,82.33,19.39,7132,24.31,0.9639,96.84,-94.95,1298,24.11,0.9543,55.79,-47.15,-0.0096,-41.05,47.8,81.8
derivative_high_vol,M15,20,8,2,0.05,0.0,1.5,2.0,100,0.7,29.07,1128,35.2,1.0862,27.31,67.34,302,39.74,1.3187,7.84,72.83,0.2325,-19.47,5.49,73.23,28.95,5581,33.15,0.9922,78.82,-56.95,1584,32.89,0.9821,46.07,-29.27,-0.0101,-32.75,27.68,71.62
derivative_high_vol,M15,20,8,2,0.1,0.0,1.5,2.0,100,0.8,19.25,1117,35.27,1.0899,20.79,70.89,203,36.95,1.1719,13.38,21.99,0.082,-7.41,-48.9,81.83,18.66,5490,32.86,0.9794,84.14,-72.79,1007,32.57,0.969,41.0,-26.57,-0.0104,-43.14,46.22,81.66
derivative_high_vol,M15,20,4,4,0.1,0.0,1.0,4.0,100,0.7,29.07,1432,20.6,1.0378,47.23,15.36,375,22.67,1.1724,24.81,52.07,0.1346,-22.42,36.71,73.81,28.95,7065,19.94,0.9972,95.55,-78.62,1970,19.75,0.9867,59.14,-44.71,-0.0105,-36.41,33.91,72.12
derivative_high_vol,M15,20,4,2,0.05,0.0,1.5,2.0,100,0.8,19.25,1590,34.65,1.0606,34.62,59.83,293,36.86,1.1676,12.61,32.23,0.107,-22.01,-27.6,81.57,18.66,7910,32.83,0.9778,95.15,-85.91,1406,32.57,0.9673,51.38,-36.11,-0.0105,-43.77,49.8,82.23
derivative_high_vol,M15,20,4,2,0.05,0.0,1.5,2.0,100,0.7,29.07,1590,34.65,1.0606,34.62,59.83,430,37.91,1.221,17.51,72.36,0.1604,-17.11,12.53,72.96,28.95,7910,32.83,0.9778,95.15,-85.91,2182,32.58,0.9673,69.1,-50.06,-0.0105,-26.05,35.85,72.41
derivative_high_vol,M15,20,4,2,0.1,0.0,1.0,4.0,50,0.8,34.16,1596,20.49,1.0307,54.67,7.39,553,22.42,1.1562,24.34,73.63,0.1255,-30.33,66.24,65.35,32.99,7805,19.76,0.9855,97.34,-91.17,2733,19.58,0.9745,74.67,-66.29,-0.011,-22.67,24.88,64.98
derivative_high_vol,M15,20,4,4,0.1,0.0,1.5,2.0,50,0.7,40.26,1432,34.71,1.0631,35.78,56.02,579,38.51,1.2528,19.6,131.19,0.1897,-16.18,75.17,59.57,40.18,7065,33.18,0.9932,78.59,-63.95,2997,32.93,0.9821,63.06,-48.11,-0.0111,-15.53,15.84,57.58
derivative_high_vol,M15,20,8,4,0.05,0.0,1.5,3.0,200,0.7,29.52,1083,26.59,1.0882,29.45,70.4,284,26.76,1.1014,15.36,18.06,0.0132,-14.09,-52.34,73.78,29.35,5262,24.84,0.9937,85.12,-64.13,1506,24.5,0.9814,52.98,-34.92,-0.0123,-32.14,29.21,71.38
derivative_high_vol,M15,20,4,2,0.1,0.0,1.0,4.0,100,0.8,19.25,1596,20.49,1.0307,54.67,7.39,285,23.86,1.2535,20.85,62.59,0.2228,-33.82,55.2,82.14,18.66,7805,19.76,0.9855,97.34,-91.17,1359,19.5,0.9725,63.31,-42.96,-0.013,-34.03,48.21,82.59
derivative_high_vol,M15,20,4,4,0.1,0.0,1.0,3.0,200,0.7,29.52,1432,26.12,1.0605,47.78,52.46,371,29.65,1.2644,21.39,87.45,0.2039,-26.39,34.99,74.09,29.35,7065,24.64,0.9812,91.15,-86.95,1965,24.38,0.9677,58.19,-53.52,-0.0135,-32.96,33.43,72.19
derivative_high_vol,M15,20,4,2,0.05,0.0,1.5,3.0,200,0.7,29.52,1590,26.86,1.1024,31.71,156.8,418,29.43,1.2551,24.93,97.57,0.1527,-6.78,-59.23,73.71,29.35,7910,24.74,0.9884,96.63,-84.31,2186,24.38,0.9744,73.26,-52.18,-0.014,-23.37,32.13,72.36
derivative_high_vol,M15,20,4,2,0.1,0.0,1.5,4.0,100,0.7,29.07,1596,22.18,1.1475,38.96,340.18,422,22.04,1.1589,36.37,52.4,0.0114,-2.59,-287.78,73.56,28.95,7805,19.33,0.9656,99.48,-97.38,2174,18.86,0.9513,79.31,-71.24,-0.0143,-20.17,26.14,72.15
derivative_high_vol,M15,20,4,2,0.05,0.0,1.5,4.0,100,0.7,29.07,1590,22.33,1.1573,34.55,391.16,430,22.33,1.1779,37.13,63.03,0.0206,2.58,-328.13,72.96,28.95,7910,19.23,0.9587,99.45,-98.38,2182,18.74,0.9429,82.94,-75.24,-0.0158,-16.51,23.14,72.41
derivative_high_vol,M15,20,4,2,0.05,0.0,1.5,4.0,50,0.7,40.26,1590,22.33,1.1573,34.55,391.16,652,22.39,1.1727,35.33,105.68,0.0154,0.78,-285.48,58.99,40.18,7910,19.23,0.9587,99.45,-98.38,3319,18.89,0.9429,93.9,-88.26,-0.0158,-5.55,10.12,58.04
derivative_high_vol,M15,20,4,2,0.1,0.0,1.5,3.0,200,0.8,19.54,1596,26.75,1.0958,35.67,139.35,279,27.96,1.1642,28.65,33.04,0.0684,-7.02,-106.31,82.52,19.39,7805,24.88,0.9964,94.66,-74.36,1419,24.38,0.9802,52.33,-34.03,-0.0162,-42.33,40.33,81.82
derivative_high_vol,M15,20,4,2,0.1,0.0,1.0,3.0,200,0.7,29.52,1596,25.88,1.0473,55.7,37.47,418,28.71,1.2081,19.98,73.68,0.1608,-35.72,36.21,73.81,29.35,7805,24.5,0.9735,94.74,-93.28,2164,24.17,0.9567,65.37,-64.06,-0.0168,-29.37,29.22,72.27
derivative_high_vol,M15,20,4,4,0.05,0.0,1.0,3.0,100,0.8,19.25,1426,26.23,1.0665,42.03,61.94,266,28.57,1.2,11.88,40.06,0.1335,-30.15,-21.88,81.35,18.66,7132,24.31,0.9639,96.84,-94.95,1260,23.97,0.9467,58.72,-49.91,-0.0172,-38.12,45.04,82.33
derivative_high_vol,M15,20,4,4,0.05,0.0,1.0,3.0,200,0.7,29.52,1426,26.23,1.0665,42.03,61.94,371,28.57,1.2,20.59,59.98,0.1335,-21.44,-1.96,73.98,29.35,7132,24.31,0.9639,96.84,-94.95,1969,23.97,0.9465,69.58,-66.16,-0.0174,-27.26,28.79,72.39
derivative_high_vol,M15,20,4,4,0.05,0.0,1.0,4.0,50,0.7,40.26,1426,21.67,1.1065,46.53,144.24,582,23.88,1.2551,27.77,171.66,0.1486,-18.76,27.42,59.19,40.18,7132,19.64,0.9787,97.52,-92.57,2982,19.35,0.9609,85.55,-77.92,-0.0178,-11.97,14.65,58.19
derivative_high_vol,M15,20,4,4,0.1,0.0,1.5,4.0,50,0.8,34.16,1432,21.93,1.1315,31.39,218.81,493,22.72,1.1947,27.06,86.61,0.0632,-4.33,-132.2,65.57,32.99,7065,19.45,0.9724,98.78,-94.58,2476,19.06,0.9545,85.24,-74.52,-0.0179,-13.54,20.06,64.95
derivative_high_vol,M15,20,4,2,0.05,0.0,1.5,2.0,50,0.7,40.26,1590,34.65,1.0606,34.62,59.83,652,37.42,1.1961,20.72,107.78,0.1355,-13.9,47.95,58.99,40.18,7910,32.83,0.9778,95.15,-85.91,3319,32.42,0.9594,78.44,-70.92,-0.0184,-16.71,14.99,58.04
derivative_high_vol,M15,20,4,2,0.1,0.0,1.5,2.0,200,0.7,29.52,1596,34.84,1.0692,36.42,74.7,418,39.0,1.2784,17.68,94.45,0.2092,-18.74,19.75,73.81,29.35,7805,33.02,0.9862,87.81,-77.5,2164,32.58,0.9677,59.5,-49.46,-0.0185,-28.31,28.04,72.27
derivative_high_vol,M15,20,4,2,0.1,0.0,1.5,3.0,200,0.7,29.52,1596,26.75,1.0958,35.67,139.35,418,28.71,1.2081,33.34,73.68,0.1123,-2.33,-65.67,73.81,29.35,7805,24.88,0.9964,94.66,-74.36,2164,24.4,0.9772,67.02,-49.57,-0.0192,-27.64,24.79,72.27
derivative_high_vol,M15,20,4,4,0.05,0.0,1.0,3.0,50,0.7,40.26,1426,26.23,1.0665,42.03,61.94,582,29.04,1.2276,18.02,132.72,0.1611,-24.01,70.78,59.19,40.18,7132,24.31,0.9639,96.84,-94.95,2982,23.94,0.9444,84.94,-81.53,-0.0195,-11.9,13.42,58.19
derivative_high_vol,M15,20,4,4,0.05,0.0,1.0,4.0,200,0.8,19.54,1426,21.67,1.1065,46.53,144.24,252,23.41,1.2228,18.61,45.4,0.1163,-27.92,-98.84,82.33,19.39,7132,19.64,0.9787,97.52,-92.57,1298,19.26,0.9588,61.77,-49.2,-0.0199,-35.75,43.37,81.8
derivative_high_vol,M15,20,4,4,0.1,0.0,1.0,4.0,200,0.7,29.52,1432,20.6,1.0378,47.23,15.36,371,22.37,1.1528,24.05,43.45,0.115,-23.18,28.09,74.09,29.35,7065,19.94,0.9972,95.55,-78.62,1965,19.59,0.9772,61.62,-52.26,-0.02,-33.93,26.36,72.19
derivative_high_vol,M15,20,8,4,0.1,0.0,1.5,4.0,50,0.8,34.16,1067,21.18,1.0839,44.08,61.91,379,21.11,1.0922,29.15,21.28,0.0083,-14.93,-40.63,64.48,32.99,5198,19.24,0.9588,97.95,-93.34,1826,18.84,0.9386,80.22,-71.12,-0.0202,-17.73,22.22,64.87
derivative_high_vol,M15,20,4,4,0.1,0.0,1.5,4.0,100,0.7,29.07,1432,21.93,1.1315,31.39,218.81,375,22.4,1.1873,31.66,56.88,0.0558,0.27,-161.93,73.81,28.95,7065,19.45,0.9724,98.78,-94.58,1970,18.88,0.952,78.07,-67.33,-0.0204,-20.71,27.25,72.12
derivative_high_vol,M15,20,8,4,0.1,0.0,1.5,3.0,200,0.7,29.52,1067,26.24,1.0687,36.84,45.78,291,26.46,1.0845,25.64,14.49,0.0158,-11.2,-31.29,72.73,29.35,5198,24.49,0.9755,89.39,-82.07,1490,23.96,0.9537,62.6,-52.0,-0.0218,-26.79,30.07,71.34
derivative_high_vol,M15,20,4,2,0.1,0.0,1.0,2.0,50,0.7,40.26,1596,34.77,1.0663,38.07,69.56,645,37.67,1.209,17.19,116.37,0.1427,-20.88,46.81,59.59,40.18,7805,33.3,0.9987,86.15,-57.04,3298,32.81,0.9765,67.36,-57.05,-0.0222,-18.79,-0.01,57.75
derivative_high_vol,M15,20,4,4,0.1,0.0,1.5,3.0,100,0.8,19.25,1432,26.68,1.0914,28.95,109.3,262,30.15,1.2951,20.17,64.2,0.2037,-8.78,-45.1,81.7,18.66,7065,25.05,1.0053,90.84,-53.55,1238,24.47,0.9827,49.93,-28.84,-0.0226,-40.91,24.71,82.48
derivative_high_vol,M15,20,4,4,0.05,0.0,1.5,2.0,50,0.7,40.26,1426,34.78,1.0667,33.56,60.85,582,37.97,1.2244,18.62,111.32,0.1577,-14.94,50.47,59.19,40.18,7132,32.81,0.9768,92.5,-83.68,2982,32.29,0.9539,75.25,-70.53,-0.0229,-17.25,13.15,58.19
derivative_high_vol,M15,20,8,4,0.05,0.0,1.5,4.0,100,0.8,19.25,1083,21.7,1.1151,30.39,110.53,192,18.23,0.9091,31.98,-16.06,-0.206,1.59,-126.59,82.27,18.66,5262,19.31,0.9637,97.08,-92.07,957,18.6,0.9406,61.47,-46.57,-0.0231,-35.61,45.5,81.81
derivative_high_vol,M15,20,4,4,0.1,0.0,1.5,2.0,100,0.8,19.25,1432,34.71,1.0631,35.78,56.02,262,40.08,1.3376,13.33,65.1,0.2745,-22.45,9.08,81.7,18.66,7065,33.18,0.9932,78.59,-63.95,1238,32.63,0.97,54.64,-31.04,-0.0232,-23.95,32.91,82.48
derivative_high_vol,M15,20,8,2,0.1,0.0,1.5,4.0,50,0.8,34.16,1117,21.31,1.0917,36.54,76.94,394,21.57,1.1221,29.86,33.44,0.0304,-6.68,-43.5,64.73,32.99,5490,19.03,0.9461,98.85,-96.72,1926,18.59,0.9227,85.21,-78.93,-0.0234,-13.64,17.79,64.92
derivative_high_vol,M15,20,8,2,0.1,0.0,1.5,4.0,100,0.7,29.07,1117,21.31,1.0917,36.54,76.94,311,19.94,1.0248,37.68,-0.05,-0.0669,1.14,-76.99,72.16,28.95,5490,19.03,0.9461,98.85,-96.72,1572,18.45,0.9221,80.97,-71.9,-0.024,-17.88,24.82,71.37
derivative_high_vol,M15,20,4,4,0.1,0.0,1.0,4.0,50,0.8,34.16,1432,20.6,1.0378,47.23,15.36,493,23.12,1.2032,23.43,93.88,0.1654,-23.8,78.52,65.57,32.99,7065,19.94,0.9972,95.55,-78.62,2476,19.55,0.9729,76.87,-63.84,-0.0243,-18.68,14.78,64.95
derivative_high_vol,M15,20,4,4,0.05,0.0,1.0,4.0,200,0.7,29.52,1426,21.67,1.1065,46.53,144.24,371,22.91,1.1888,20.05,58.31,0.0823,-26.48,-85.93,73.98,29.35,7132,19.64,0.9787,97.52,-92.57,1969,19.2,0.9533,74.04,-67.19,-0.0254,-23.48,25.38,72.39
derivative_high_vol,M15,20,4,4,0.05,0.0,1.5,4.0,50,0.8,34.16,1426,22.09,1.1403,28.63,248.65,494,23.48,1.244,22.45,122.74,0.1037,-6.18,-125.91,65.36,32.99,7132,19.22,0.9577,99.0,-97.71,2467,18.73,0.9319,89.2,-83.63,-0.0258,-9.8,14.08,65.41
derivative_high_vol,M15,20,4,4,0.1,0.0,1.0,4.0,100,0.8,19.25,1432,20.6,1.0378,47.23,15.36,262,24.05,1.2663,16.28,60.14,0.2285,-30.95,44.78,81.7,18.66,7065,19.94,0.9972,95.55,-78.62,1238,19.47,0.9708,60.91,-41.01,-0.0264,-34.64,37.61,82.48
derivative_high_vol,M15,20,4,4,0.05,0.0,1.5,2.0,100,0.7,29.07,1426,34.78,1.0667,33.56,60.85,382,39.01,1.279,14.12,83.83,0.2123,-19.44,22.98,73.21,28.95,7132,32.81,0.9768,92.5,-83.68,1963,32.2,0.9504,64.78,-57.33,-0.0264,-27.72,26.35,72.48
derivative_high_vol,M15,20,8,4,0.1,0.0,1.5,4.0,100,0.7,29.07,1067,21.18,1.0839,44.08,61.91,300,19.33,0.9872,39.47,-8.33,-0.0967,-4.61,-70.24,71.88,28.95,5198,19.24,0.9588,97.95,-93.34,1483,18.61,0.9324,78.06,-65.86,-0.0264,-19.89,27.48,71.47
derivative_high_vol,M15,20,8,2,0.05,0.0,1.5,3.0,200,0.7,29.52,1128,26.68,1.0932,25.5,81.42,294,26.53,1.0884,17.09,15.58,-0.0048,-8.41,-65.84,73.94,29.35,5581,24.74,0.9885,87.47,-72.75,1595,24.14,0.9617,62.07,-49.86,-0.0268,-25.4,22.89,71.42
derivative_high_vol,M15,20,4,2,0.1,0.0,1.0,3.0,50,0.7,40.26,1596,25.88,1.0473,55.7,37.47,645,28.37,1.1883,25.33,115.12,0.141,-30.37,77.65,59.59,40.18,7805,24.5,0.9735,94.74,-93.28,3298,23.98,0.9465,84.18,-83.72,-0.027,-10.56,9.56,57.75
derivative_high_vol,M15,20,4,2,0.1,0.0,1.5,4.0,200,0.8,19.54,1596,22.18,1.1475,38.96,340.18,279,20.43,1.0605,34.75,7.76,-0.087,-4.21,-332.42,82.52,19.39,7805,19.33,0.9656,99.48,-97.38,1419,18.53,0.9384,72.9,-61.38,-0.0272,-26.58,36.0,81.82
derivative_high_vol,M15,20,8,4,0.1,0.0,1.5,2.0,200,0.8,19.54,1067,34.77,1.0661,23.84,42.15,200,36.5,1.1496,8.65,18.44,0.0835,-15.19,-23.71,81.26,19.39,5198,33.26,0.9974,73.33,-45.43,992,32.56,0.9685,43.75,-26.46,-0.0289,-29.58,18.97,80.92
derivative_high_vol,M15,20,4,2,0.05,0.0,1.5,2.0,200,0.7,29.52,1590,34.65,1.0606,34.62,59.83,418,37.56,1.2031,18.5,62.56,0.1425,-16.12,2.73,73.71,29.35,7910,32.83,0.9778,95.15,-85.91,2186,32.16,0.9487,71.92,-62.22,-0.0291,-23.23,23.69,72.36
derivative_high_vol,M15,20,4,4,0.1,0.0,1.5,3.0,200,0.8,19.54,1432,26.68,1.0914,28.95,109.3,254,28.74,1.2099,24.35,40.31,0.1185,-4.6,-68.99,82.26,19.39,7065,25.05,1.0053,90.84,-53.55,1295,24.32,0.9752,48.64,-34.8,-0.0301,-42.2,18.75,81.67
derivative_high_vol,M15,20,4,4,0.1,0.0,1.0,2.0,50,0.7,40.26,1432,34.71,1.0631,35.9,56.02,579,37.82,1.2167,15.44,105.17,0.1536,-20.46,49.15,59.57,40.18,7065,33.31,0.9989,88.36,-52.84,2997,32.63,0.9688,67.75,-60.33,-0.0301,-20.61,-7.49,57.58
derivative_high_vol,M15,20,8,2,0.1,0.0,1.5,2.0,200,0.8,19.54,1117,35.27,1.0899,20.79,70.89,209,36.36,1.1429,9.86,18.33,0.053,-10.93,-52.56,81.29,19.39,5490,32.86,0.9794,84.14,-72.79,1049,32.13,0.9493,45.63,-37.01,-0.0301,-38.51,35.78,80.89
derivative_high_vol,M15,20,4,4,0.1,0.0,1.5,4.0,200,0.7,29.52,1432,21.93,1.1315,31.39,218.81,371,22.91,1.223,31.53,71.56,0.0915,0.14,-147.25,74.09,29.35,7065,19.45,0.9724,98.78,-94.58,1965,18.73,0.9418,81.49,-72.07,-0.0306,-17.29,22.51,72.19
derivative_high_vol,M15,20,8,2,0.05,0.0,1.5,2.0,200,0.7,29.52,1128,35.2,1.0862,27.31,67.34,294,37.41,1.1957,11.57,38.96,0.1095,-15.74,-28.38,73.94,29.35,5581,33.15,0.9922,78.82,-56.95,1595,32.41,0.961,54.99,-43.8,-0.0312,-23.83,13.15,71.42
derivative_high_vol,M15,20,4,2,0.1,0.0,1.0,4.0,200,0.7,29.52,1596,20.49,1.0307,54.67,7.39,418,21.29,1.0821,30.68,20.21,0.0514,-23.99,12.82,73.81,29.35,7805,19.76,0.9855,97.34,-91.17,2164,19.22,0.9541,72.85,-70.24,-0.0314,-24.49,20.93,72.27
derivative_high_vol,M15,20,4,2,0.05,0.0,1.5,3.0,200,0.8,19.54,1590,26.86,1.1024,31.71,156.8,281,28.11,1.1791,16.45,37.03,0.0767,-15.26,-119.77,82.33,19.39,7910,24.74,0.9884,96.63,-84.31,1438,23.99,0.9548,65.36,-50.18,-0.0336,-31.27,34.13,81.82
derivative_high_vol,M15,20,8,4,0.05,0.0,1.5,3.0,200,0.8,19.54,1083,26.59,1.0882,29.45,70.4,200,27.0,1.1172,10.52,14.9,0.029,-18.93,-55.5,81.53,19.39,5262,24.84,0.9937,85.12,-64.13,1007,24.03,0.959,47.76,-36.55,-0.0347,-37.36,27.58,80.86
derivative_high_vol,M15,20,4,4,0.05,0.0,1.5,4.0,50,0.7,40.26,1426,22.09,1.1403,28.63,248.65,582,22.85,1.2009,31.24,114.7,0.0606,2.61,-133.95,59.19,40.18,7132,19.22,0.9577,99.0,-97.71,2982,18.58,0.9229,92.87,-90.95,-0.0348,-6.13,6.76,58.19
derivative_high_vol,M15,20,8,4,0.05,0.0,1.5,2.0,200,0.8,19.54,1083,34.9,1.0723,32.66,49.17,200,39.0,1.2787,8.65,37.5,0.2064,-24.01,-11.67,81.53,19.39,5262,33.35,1.0014,69.86,-37.68,1007,32.47,0.9646,45.12,-28.73,-0.0368,-24.74,8.95,80.86
derivative_high_vol,M15,20,4,4,0.05,0.0,1.0,4.0,100,0.8,19.25,1426,21.67,1.1065,46.53,144.24,266,22.93,1.1902,19.42,39.4,0.0837,-27.11,-104.84,81.35,18.66,7132,19.64,0.9787,97.52,-92.57,1260,18.97,0.9409,67.71,-56.72,-0.0378,-29.81,35.85,82.33
derivative_high_vol,M15,20,8,2,0.05,0.0,1.5,2.0,100,0.8,19.25,1128,35.2,1.0862,27.31,67.34,197,39.09,1.2833,8.7,37.54,0.1971,-18.61,-29.8,82.54,18.66,5581,33.15,0.9922,78.82,-56.95,1018,32.22,0.9535,45.98,-34.25,-0.0387,-32.84,22.7,81.76
derivative_high_vol,M15,20,4,4,0.05,0.0,1.5,3.0,200,0.7,29.52,1426,26.93,1.1056,30.65,140.64,371,29.65,1.2644,21.06,87.45,0.1588,-9.59,-53.19,73.98,29.35,7132,24.79,0.9907,94.15,-78.77,1969,23.97,0.9516,72.25,-63.33,-0.0391,-21.9,15.44,72.39
derivative_high_vol,M15,20,8,4,0.1,0.0,1.5,4.0,100,0.8,19.25,1067,21.18,1.0839,44.08,61.91,195,17.44,0.8718,35.9,-20.89,-0.2121,-8.18,-82.8,81.72,18.66,5198,19.24,0.9588,97.95,-93.34,955,18.32,0.9186,68.99,-54.83,-0.0402,-28.96,38.51,81.63
derivative_high_vol,M15,20,4,2,0.1,0.0,1.5,4.0,200,0.7,29.52,1596,22.18,1.1475,38.96,340.18,418,22.49,1.1899,37.45,66.67,0.0424,-1.51,-273.51,73.81,29.35,7805,19.33,0.9656,99.48,-97.38,2164,18.44,0.9252,86.38,-81.51,-0.0404,-13.1,15.87,72.27
derivative_high_vol,M15,20,4,2,0.1,0.0,1.5,4.0,100,0.8,19.25,1596,22.18,1.1475,38.96,340.18,285,21.05,1.1009,32.72,17.62,-0.0466,-6.24,-322.56,82.14,18.66,7805,19.33,0.9656,99.48,-97.38,1359,18.32,0.9248,71.14,-65.29,-0.0408,-28.34,32.09,82.59
derivative_high_vol,M15,20,4,4,0.05,0.0,1.5,4.0,100,0.7,29.07,1426,22.09,1.1403,28.63,248.65,382,23.04,1.2222,29.78,74.53,0.0819,1.15,-174.12,73.21,28.95,7132,19.22,0.9577,99.0,-97.71,1963,18.34,0.916,84.44,-81.36,-0.0417,-14.56,16.35,72.48
derivative_high_vol,M15,20,4,2,0.1,0.0,1.0,4.0,50,0.7,40.26,1596,20.49,1.0307,54.67,7.39,645,22.17,1.1394,32.87,75.64,0.1087,-21.8,68.25,59.59,40.18,7805,19.76,0.9855,97.34,-91.17,3298,19.07,0.9437,89.78,-88.05,-0.0418,-7.56,3.12,57.75
derivative_high_vol,M15,20,8,2,0.1,0.0,1.5,4.0,100,0.8,19.25,1117,21.31,1.0917,36.54,76.94,203,18.72,0.95,33.56,-11.1,-0.1417,-2.98,-88.04,81.83,18.66,5490,19.03,0.9461,98.85,-96.72,1007,18.07,0.9032,73.25,-61.8,-0.0429,-25.6,34.92,81.66
derivative_high_vol,M15,20,4,4,0.1,0.0,1.0,3.0,50,0.7,40.26,1432,26.12,1.0605,47.78,52.46,579,28.84,1.216,23.72,121.57,0.1555,-24.06,69.11,59.57,40.18,7065,24.64,0.9812,91.15,-86.95,2997,23.82,0.9382,84.57,-84.12,-0.043,-6.58,2.83,57.58
derivative_high_vol,M15,20,8,2,0.1,0.0,1.5,3.0,200,0.8,19.54,1117,26.32,1.073,30.53,53.56,209,25.84,1.0519,22.27,4.96,-0.0211,-8.26,-48.6,81.29,19.39,5490,24.26,0.9634,94.0,-90.14,1049,23.26,0.9196,60.18,-54.51,-0.0438,-33.82,35.63,80.89
derivative_high_vol,M15,20,4,2,0.05,0.0,1.5,2.0,200,0.8,19.54,1590,34.65,1.0606,34.62,59.83,281,37.37,1.1932,14.22,36.4,0.1326,-20.4,-23.43,82.33,19.39,7910,32.83,0.9778,95.15,-85.91,1438,31.78,0.9327,61.79,-55.05,-0.0451,-33.36,30.86,81.82
derivative_high_vol,M15,20,4,4,0.1,0.0,1.5,4.0,200,0.8,19.54,1432,21.93,1.1315,31.39,218.81,254,20.87,1.0928,30.7,13.76,-0.0387,-0.69,-205.05,82.26,19.39,7065,19.45,0.9724,98.78,-94.58,1295,18.38,0.927,74.72,-62.74,-0.0454,-24.06,31.84,81.67
derivative_high_vol,M15,20,8,2,0.1,0.0,1.5,4.0,200,0.7,29.52,1117,21.31,1.0917,36.54,76.94,300,21.0,1.0957,31.32,17.27,0.004,-5.22,-59.67,73.14,29.35,5490,19.03,0.9461,98.85,-96.72,1574,18.11,0.9005,85.33,-78.69,-0.0456,-13.52,18.03,71.33
derivative_high_vol,M15,20,8,4,0.05,0.0,1.5,4.0,200,0.7,29.52,1083,21.7,1.1151,30.39,110.53,284,19.72,1.0045,26.39,-4.39,-0.1106,-4.0,-114.92,73.78,29.35,5262,19.31,0.9637,97.08,-92.07,1506,18.33,0.9162,80.03,-72.36,-0.0475,-17.05,19.71,71.38
derivative_high_vol,M15,20,4,2,0.05,0.0,1.5,4.0,100,0.8,19.25,1590,22.33,1.1573,34.55,391.16,293,19.45,1.0,34.96,-5.44,-0.1573,0.41,-396.6,81.57,18.66,7910,19.23,0.9587,99.45,-98.38,1406,18.14,0.9107,78.65,-71.5,-0.048,-20.8,26.88,82.23
derivative_high_vol,M15,20,4,4,0.05,0.0,1.5,2.0,200,0.7,29.52,1426,34.78,1.0667,33.56,60.85,371,37.74,1.2121,17.65,56.95,0.1454,-15.91,-3.9,73.98,29.35,7132,32.81,0.9768,92.5,-83.68,1969,31.69,0.9286,71.08,-68.36,-0.0482,-21.42,15.32,72.39
derivative_high_vol,M15,20,4,4,0.05,0.0,1.5,3.0,100,0.8,19.25,1426,26.93,1.1056,30.65,140.64,266,28.2,1.178,20.12,34.62,0.0724,-10.53,-106.02,81.35,18.66,7132,24.79,0.9907,94.15,-78.77,1260,23.73,0.9422,63.15,-51.8,-0.0485,-31.0,26.97,82.33
derivative_high_vol,M15,20,8,4,0.1,0.0,1.5,3.0,200,0.8,19.54,1067,26.24,1.0687,36.84,45.78,200,25.5,1.0338,20.69,2.03,-0.0349,-16.15,-43.75,81.26,19.39,5198,24.49,0.9755,89.39,-82.07,992,23.39,0.9268,57.37,-49.85,-0.0487,-32.02,32.22,80.92
derivative_high_vol,M15,20,4,4,0.05,0.0,1.5,2.0,100,0.8,19.25,1426,34.78,1.0667,33.56,60.85,266,37.59,1.2048,13.28,36.6,0.1381,-20.28,-24.25,81.35,18.66,7132,32.81,0.9768,92.5,-83.68,1260,31.67,0.9279,56.22,-52.39,-0.0489,-36.28,31.29,82.33
derivative_high_vol,M15,20,4,2,0.05,0.0,1.5,4.0,200,0.7,29.52,1590,22.33,1.1573,34.55,391.16,418,22.97,1.2229,36.37,83.93,0.0656,1.82,-307.23,73.71,29.35,7910,19.23,0.9587,99.45,-98.38,2186,18.21,0.9092,89.54,-86.31,-0.0495,-9.91,12.07,72.36
derivative_high_vol,M15,20,8,2,0.05,0.0,1.5,4.0,100,0.8,19.25,1128,21.99,1.1337,29.55,154.13,197,18.78,0.9427,28.07,-11.9,-0.191,-1.48,-166.03,82.54,18.66,5581,19.19,0.9563,97.91,-95.12,1018,17.98,0.9015,71.92,-62.6,-0.0548,-25.99,32.52,81.76
derivative_high_vol,M15,20,4,4,0.1,0.0,1.0,4.0,50,0.7,40.26,1432,20.6,1.0378,47.23,15.36,579,22.8,1.1812,30.68,98.3,0.1434,-16.55,82.94,59.57,40.18,7065,19.94,0.9972,95.55,-78.62,2997,19.02,0.9406,88.62,-86.55,-0.0566,-6.93,-7.93,57.58
derivative_high_vol,M15,20,8,4,0.1,0.0,1.5,4.0,200,0.7,29.52,1067,21.18,1.0839,44.08,61.91,291,19.93,1.0265,31.16,0.34,-0.0574,-12.92,-61.57,72.73,29.35,5198,19.24,0.9588,97.95,-93.34,1490,18.12,0.9015,84.18,-76.56,-0.0573,-13.77,16.78,71.34
derivative_high_vol,M15,20,8,2,0.05,0.0,1.5,3.0,200,0.8,19.54,1128,26.68,1.0932,25.5,81.42,207,26.57,1.0927,13.64,11.42,-0.0005,-11.86,-70.0,81.65,19.39,5581,24.74,0.9885,87.47,-72.75,1068,23.5,0.9308,57.43,-50.91,-0.0577,-30.04,21.84,80.86
derivative_high_vol,M15,20,8,2,0.05,0.0,1.5,4.0,200,0.7,29.52,1128,21.99,1.1337,29.55,154.13,294,20.07,1.0261,27.79,0.24,-0.1076,-1.76,-153.89,73.94,29.35,5581,19.19,0.9563,97.91,-95.12,1595,17.99,0.8955,85.38,-80.37,-0.0608,-12.53,14.75,71.42
derivative_high_vol,M15,20,8,2,0.05,0.0,1.5,2.0,200,0.8,19.54,1128,35.2,1.0862,27.31,67.34,207,38.65,1.2598,8.65,36.05,0.1736,-18.66,-31.29,81.65,19.39,5581,33.15,0.9922,78.82,-56.95,1068,31.65,0.9286,53.5,-46.39,-0.0636,-25.32,10.56,80.86
derivative_high_vol,M15,20,4,4,0.1,0.0,1.5,4.0,100,0.8,19.25,1432,21.93,1.1315,31.39,218.81,262,21.37,1.1256,27.75,21.69,-0.0059,-3.64,-197.12,81.7,18.66,7065,19.45,0.9724,98.78,-94.58,1238,18.09,0.9087,73.08,-67.51,-0.0637,-25.7,27.07,82.48
derivative_high_vol,M15,20,4,4,0.05,0.0,1.5,4.0,200,0.7,29.52,1426,22.09,1.1403,28.63,248.65,371,22.91,1.2143,32.96,68.15,0.074,4.33,-180.5,73.98,29.35,7132,19.22,0.9577,99.0,-97.71,1969,17.83,0.8836,90.42,-88.96,-0.0741,-8.58,8.75,72.39
derivative_high_vol,M15,20,8,2,0.1,0.0,1.5,4.0,200,0.8,19.54,1117,21.31,1.0917,36.54,76.94,209,19.62,1.0123,27.41,-1.99,-0.0794,-9.13,-78.93,81.29,19.39,5490,19.03,0.9461,98.85,-96.72,1049,17.54,0.871,78.97,-72.08,-0.0751,-19.88,24.64,80.89
derivative_high_vol,M15,20,4,4,0.05,0.0,1.5,2.0,200,0.8,19.54,1426,34.78,1.0667,33.56,60.85,252,37.3,1.1899,12.46,31.45,0.1232,-21.1,-29.4,82.33,19.39,7132,32.81,0.9768,92.5,-83.68,1298,31.05,0.9016,66.84,-63.38,-0.0752,-25.66,20.3,81.8
derivative_high_vol,M15,20,8,4,0.05,0.0,1.5,4.0,200,0.8,19.54,1083,21.7,1.1151,30.39,110.53,200,19.5,0.9873,25.94,-5.67,-0.1278,-4.45,-116.2,81.53,19.39,5262,19.31,0.9637,97.08,-92.07,1007,17.78,0.8883,74.24,-66.04,-0.0754,-22.84,26.03,80.86
derivative_high_vol,M15,20,4,2,0.05,0.0,1.5,4.0,200,0.8,19.54,1590,22.33,1.1573,34.55,391.16,281,20.28,1.0556,30.87,6.68,-0.1017,-3.68,-384.48,82.33,19.39,7910,19.23,0.9587,99.45,-98.38,1438,17.66,0.8804,86.16,-80.52,-0.0783,-13.29,17.86,81.82
derivative_high_vol,M15,20,4,4,0.05,0.0,1.5,3.0,200,0.8,19.54,1426,26.93,1.1056,30.65,140.64,252,28.57,1.2,16.05,37.6,0.0944,-14.6,-103.04,82.33,19.39,7132,24.79,0.9907,94.15,-78.77,1298,23.04,0.9051,73.64,-67.43,-0.0856,-20.51,11.34,81.8
derivative_high_vol,M15,20,8,4,0.1,0.0,1.5,4.0,200,0.8,19.54,1067,21.18,1.0839,44.08,61.91,200,18.5,0.9427,31.29,-11.9,-0.1412,-12.79,-73.81,81.26,19.39,5198,19.24,0.9588,97.95,-93.34,992,17.54,0.8711,78.13,-70.06,-0.0877,-19.82,23.28,80.92
derivative_high_vol,M15,20,8,2,0.05,0.0,1.5,4.0,200,0.8,19.54,1128,21.99,1.1337,29.55,154.13,207,19.81,1.0061,23.75,-2.97,-0.1276,-5.8,-157.1,81.65,19.39,5581,19.19,0.9563,97.91,-95.12,1068,17.42,0.8661,78.29,-73.77,-0.0902,-19.62,21.35,80.86
derivative_high_vol,M15,20,4,4,0.05,0.0,1.5,4.0,100,0.8,19.25,1426,22.09,1.1403,28.63,248.65,266,20.68,1.0732,29.9,10.17,-0.0671,1.27,-238.48,81.35,18.66,7132,19.22,0.9577,99.0,-97.71,1260,17.06,0.8448,86.51,-83.45,-0.1129,-12.49,14.26,82.33
derivative_high_vol,M15,20,4,4,0.05,0.0,1.5,4.0,200,0.8,19.54,1426,22.09,1.1403,28.63,248.65,252,20.63,1.0722,28.4,9.39,-0.0681,-0.23,-239.26,82.33,19.39,7132,19.22,0.9577,99.0,-97.71,1298,16.64,0.8182,90.72,-88.25,-0.1395,-8.28,9.46,81.8
