strategy_family,tf,rsi_period,ob_level,os_level,entry_mode,sl_atr_mult,rr,vol_lookback,vol_threshold,train_gate_coverage_pct,train_base_trades,train_base_win_rate,train_base_profit_factor,train_base_max_drawdown_pct,train_base_pnl_pct,train_gated_trades,train_gated_win_rate,train_gated_profit_factor,train_gated_max_drawdown_pct,train_gated_pnl_pct,train_delta_profit_factor,train_delta_drawdown_pct,train_delta_pnl_pct,train_trade_reduction_pct,oos_gate_coverage_pct,oos_base_trades,oos_base_win_rate,oos_base_profit_factor,oos_base_max_drawdown_pct,oos_base_pnl_pct,oos_gated_trades,oos_gated_win_rate,oos_gated_profit_factor,oos_gated_max_drawdown_pct,oos_gated_pnl_pct,oos_delta_profit_factor,oos_delta_drawdown_pct,oos_delta_pnl_pct,oos_trade_reduction_pct
rsi_low_vol,M5,21,80,20,touch,1.5,2.0,50,0.2,36.77,31,54.84,2.1663,5.27,18.7,0,0.0,0.0,0.0,0.0,-2.1663,-5.27,-18.7,100.0,36.46,293,28.33,0.716,54.7,-48.45,1,100.0,inf,0.0,1.93,inf,-54.7,50.38,99.66
rsi_low_vol,M5,21,80,20,touch,1.5,2.0,100,0.2,33.09,31,54.84,2.1663,5.27,18.7,0,0.0,0.0,0.0,0.0,-2.1663,-5.27,-18.7,100.0,29.38,293,28.33,0.716,54.7,-48.45,2,100.0,inf,0.0,3.64,inf,-54.7,52.09,99.32
rsi_low_vol,M5,21,80,20,touch,1.5,3.0,50,0.2,36.77,31,38.71,1.7157,5.27,14.94,0,0.0,0.0,0.0,0.0,-1.7157,-5.27,-14.94,100.0,36.46,293,23.89,0.8632,45.71,-30.76,1,100.0,inf,0.0,2.93,inf,-45.71,33.69,99.66
rsi_low_vol,M5,21,80,20,touch,1.5,4.0,50,0.2,36.77,31,22.58,1.0596,9.26,0.88,0,0.0,0.0,0.0,0.0,-1.0596,-9.26,-0.88,100.0,36.46,293,20.48,0.9933,35.89,-7.31,1,100.0,inf,0.0,3.93,inf,-35.89,11.24,99.66
rsi_low_vol,M5,21,80,20,cross,1.5,4.0,200,0.2,29.49,31,19.35,0.8731,9.01,-3.91,1,0.0,0.0,1.08,-1.08,-0.8731,-7.93,2.83,96.77,27.25,293,20.48,1.0296,44.3,1.2,5,60.0,4.9023,1.22,9.33,3.8727,-43.08,8.13,98.29
rsi_low_vol,M5,21,80,20,touch,1.5,2.0,50,0.3,42.97,31,54.84,2.1663,5.27,18.7,0,0.0,0.0,0.0,0.0,-2.1663,-5.27,-18.7,100.0,42.75,293,28.33,0.716,54.7,-48.45,3,66.67,3.4724,1.06,2.62,2.7564,-53.64,51.07,98.98
rsi_low_vol,M5,21,80,20,cross,1.5,3.0,200,0.2,29.49,31,22.58,0.7896,11.2,-5.66,1,0.0,0.0,1.08,-1.08,-0.7896,-10.12,4.58,96.77,27.25,293,26.28,0.9978,43.87,-4.84,5,60.0,3.6228,1.22,6.2,2.625,-42.65,11.04,98.29
rsi_low_vol,M5,21,80,20,cross,1.5,4.0,50,0.2,36.77,31,19.35,0.8731,9.01,-3.91,0,0.0,0.0,0.0,0.0,-0.8731,-9.01,3.91,100.0,36.46,293,20.48,1.0296,44.3,1.2,4,50.0,3.6143,2.15,5.64,2.5847,-42.15,4.44,98.63
rsi_low_vol,M5,21,80,20,touch,1.5,4.0,100,0.2,33.09,31,22.58,1.0596,9.26,0.88,0,0.0,0.0,0.0,0.0,-1.0596,-9.26,-0.88,100.0,29.38,293,20.48,0.9933,35.89,-7.31,2,50.0,3.0929,1.25,2.56,2.0996,-34.64,9.87,99.32
rsi_low_vol,M5,21,80,20,cross,1.5,3.0,50,0.2,36.77,31,22.58,0.7896,11.2,-5.66,0,0.0,0.0,0.0,0.0,-0.7896,-11.2,5.66,100.0,36.46,293,26.28,0.9978,43.87,-4.84,4,50.0,2.6889,2.15,3.62,1.6911,-41.72,8.46,98.63
rsi_low_vol,M5,21,80,20,cross,1.5,2.0,200,0.2,29.49,31,38.71,1.1279,7.53,2.3,1,0.0,0.0,1.08,-1.08,-1.1279,-6.45,-3.38,96.77,27.25,293,32.42,0.8738,45.5,-25.45,5,60.0,2.3434,1.22,3.13,1.4696,-44.28,28.58,98.29
rsi_low_vol,M5,21,80,20,touch,1.5,3.0,100,0.2,33.09,31,38.71,1.7157,5.27,14.94,0,0.0,0.0,0.0,0.0,-1.7157,-5.27,-14.94,100.0,29.38,293,23.89,0.8632,45.71,-30.76,2,50.0,2.2904,1.25,1.57,1.4272,-44.46,32.33,99.32
rsi_low_vol,M5,21,80,20,cross,1.5,4.0,50,0.3,42.97,31,19.35,0.8731,9.01,-3.91,0,0.0,0.0,0.0,0.0,-0.8731,-9.01,3.91,100.0,42.75,293,20.48,1.0296,44.3,1.2,5,40.0,2.4118,2.15,4.51,1.3822,-42.15,3.31,98.29
rsi_low_vol,M5,21,80,20,touch,1.5,4.0,200,0.3,40.13,31,22.58,1.0596,9.26,0.88,5,60.0,5.3636,2.15,9.65,4.304,-7.11,8.77,83.87,38.31,293,20.48,0.9933,35.89,-7.31,20,40.0,2.2268,5.63,17.72,1.2335,-30.26,25.03,93.17
rsi_low_vol,M5,21,80,20,cross,1.5,3.0,200,0.3,40.13,31,22.58,0.7896,11.2,-5.66,3,66.67,5.2996,1.08,4.68,4.51,-10.12,10.34,90.32,38.31,293,26.28,0.9978,43.87,-4.84,18,44.44,1.9912,6.64,11.59,0.9934,-37.23,16.43,93.86
rsi_low_vol,M5,21,80,20,touch,1.5,4.0,200,0.2,29.49,31,22.58,1.0596,9.26,0.88,2,50.0,3.556,1.09,2.73,2.4964,-8.17,1.85,93.55,27.25,293,20.48,0.9933,35.89,-7.31,8,37.5,1.935,3.63,5.45,0.9417,-32.26,12.76,97.27
rsi_low_vol,M5,21,80,20,cross,1.5,2.0,50,0.2,36.77,31,38.71,1.1279,7.53,2.3,0,0.0,0.0,0.0,0.0,-1.1279,-7.53,-2.3,100.0,36.46,293,32.42,0.8738,45.5,-25.45,4,50.0,1.7636,2.15,1.62,0.8898,-43.35,27.07,98.63
rsi_low_vol,M5,21,80,20,touch,1.5,2.0,200,0.2,29.49,31,54.84,2.1663,5.27,18.7,2,50.0,1.7141,1.09,0.76,-0.4522,-4.18,-17.94,93.55,27.25,293,28.33,0.716,54.7,-48.45,8,50.0,1.544,2.25,2.49,0.828,-52.45,50.94,97.27
rsi_low_vol,M5,21,80,20,cross,1.5,3.0,50,0.3,42.97,31,22.58,0.7896,11.2,-5.66,0,0.0,0.0,0.0,0.0,-0.7896,-11.2,5.66,100.0,42.75,293,26.28,0.9978,43.87,-4.84,5,40.0,1.7943,2.15,2.5,0.7965,-41.72,7.34,98.29
rsi_low_vol,M5,21,80,20,touch,1.5,3.0,200,0.3,40.13,31,38.71,1.7157,5.27,14.94,5,80.0,10.6161,1.09,10.82,8.9004,-4.18,-4.12,83.87,38.31,293,23.89,0.8632,45.71,-30.76,20,40.0,1.6487,5.63,8.96,0.7855,-40.08,39.72,93.17
rsi_low_vol,M5,21,80,20,touch,1.5,4.0,50,0.3,42.97,31,22.58,1.0596,9.26,0.88,0,0.0,0.0,0.0,0.0,-1.0596,-9.26,-0.88,100.0,42.75,293,20.48,0.9933,35.89,-7.31,3,33.33,1.7028,2.29,1.54,0.7095,-33.6,8.85,98.98
rsi_low_vol,M5,21,80,20,cross,1.5,4.0,200,0.3,40.13,31,19.35,0.8731,9.01,-3.91,3,66.67,7.1444,1.08,6.73,6.2713,-7.93,10.64,90.32,38.31,293,20.48,1.0296,44.3,1.2,18,33.33,1.6811,6.64,9.25,0.6515,-37.66,8.05,93.86
rsi_low_vol,M5,21,80,20,touch,1.5,2.0,200,0.3,40.13,31,54.84,2.1663,5.27,18.7,5,80.0,6.9324,1.09,6.57,4.7661,-4.18,-12.13,83.87,38.31,293,28.33,0.716,54.7,-48.45,20,45.0,1.3158,5.63,3.83,0.5998,-49.07,52.28,93.17
rsi_low_vol,M5,21,80,20,touch,1.5,3.0,200,0.2,29.49,31,38.71,1.7157,5.27,14.94,2,50.0,2.635,1.09,1.74,0.9193,-4.18,-13.2,93.55,27.25,293,23.89,0.8632,45.71,-30.76,8,37.5,1.4299,3.63,2.43,0.5667,-42.08,33.19,97.27
rsi_low_vol,M5,14,80,20,cross,1.5,2.0,50,0.2,36.77,221,30.77,0.7819,43.55,-31.82,4,25.0,0.5472,3.3,-1.53,-0.2347,-40.25,30.29,98.19,36.46,1230,33.5,0.8822,71.76,-69.03,50,46.0,1.3606,5.4,11.19,0.4784,-66.36,80.22,95.93
rsi_low_vol,M5,21,80,20,cross,1.5,2.0,200,0.3,40.13,31,38.71,1.1279,7.53,2.3,3,66.67,3.4548,1.08,2.66,2.3269,-6.45,0.36,90.32,38.31,293,32.42,0.8738,45.5,-25.45,18,44.44,1.2929,7.24,3.2,0.4191,-38.26,28.65,93.86
rsi_low_vol,M5,21,80,20,touch,1.5,3.0,50,0.3,42.97,31,38.71,1.7157,5.27,14.94,0,0.0,0.0,0.0,0.0,-1.7157,-5.27,-14.94,100.0,42.75,293,23.89,0.8632,45.71,-30.76,3,33.33,1.2692,2.29,0.57,0.406,-43.42,31.33,98.98
rsi_low_vol,M5,14,80,20,cross,1.5,2.0,50,0.3,42.97,221,30.77,0.7819,43.55,-31.82,9,11.11,0.2039,8.61,-6.94,-0.578,-34.94,24.88,95.93,42.75,1230,33.5,0.8822,71.76,-69.03,77,44.16,1.2788,8.38,13.7,0.3966,-63.38,82.73,93.74
rsi_low_vol,M5,14,80,20,cross,1.5,3.0,50,0.2,36.77,221,19.91,0.6655,57.83,-48.85,4,25.0,0.847,3.3,-0.57,0.1815,-54.53,48.28,98.19,36.46,1230,24.72,0.889,74.4,-72.65,50,34.0,1.267,9.26,9.71,0.378,-65.14,82.36,95.93
rsi_low_vol,M5,14,80,20,cross,1.5,2.0,100,0.2,33.09,221,30.77,0.7819,43.55,-31.82,10,20.0,0.4003,8.67,-5.34,-0.3816,-34.88,26.48,95.48,29.38,1230,33.5,0.8822,71.76,-69.03,61,44.26,1.2249,12.09,8.72,0.3427,-59.67,77.75,95.04
rsi_low_vol,M5,14,80,20,cross,1.5,3.0,50,0.3,42.97,221,19.91,0.6655,57.83,-48.85,9,11.11,0.3155,8.61,-6.03,-0.35,-49.22,42.82,95.93,42.75,1230,24.72,0.889,74.4,-72.65,77,32.47,1.1963,11.74,10.91,0.3073,-62.66,83.56,93.74
rsi_low_vol,M5,21,80,20,cross,1.5,2.0,50,0.3,42.97,31,38.71,1.1279,7.53,2.3,0,0.0,0.0,0.0,0.0,-1.1279,-7.53,-2.3,100.0,42.75,293,32.42,0.8738,45.5,-25.45,5,40.0,1.1769,2.15,0.52,0.3031,-43.35,25.97,98.29
rsi_low_vol,M5,14,80,20,cross,1.5,3.0,100,0.2,33.09,221,19.91,0.6655,57.83,-48.85,10,20.0,0.6222,8.67,-3.47,-0.0433,-49.16,45.38,95.48,29.38,1230,24.72,0.889,74.4,-72.65,61,32.79,1.166,14.0,7.22,0.277,-60.4,79.87,95.04
rsi_low_vol,M5,14,80,20,touch,1.5,2.0,50,0.2,36.77,220,34.09,0.9035,30.83,-16.09,7,28.57,0.6749,5.39,-1.84,-0.2286,-25.44,14.25,96.82,36.46,1230,34.55,0.9182,66.85,-57.06,63,42.86,1.19,7.87,7.46,0.2718,-58.98,64.52,94.88
rsi_low_vol,M5,14,80,20,touch,1.5,2.0,50,0.3,42.97,220,34.09,0.9035,30.83,-16.09,11,18.18,0.3641,8.56,-6.38,-0.5394,-22.27,9.71,95.0,42.75,1230,34.55,0.9182,66.85,-57.06,92,42.39,1.1728,10.88,10.04,0.2546,-55.97,67.1,92.52
rsi_low_vol,M5,14,80,20,touch,1.5,2.0,200,0.3,40.13,220,34.09,0.9035,30.83,-16.09,50,30.0,0.7032,17.14,-11.58,-0.2003,-13.69,4.51,77.27,38.31,1230,34.55,0.9182,66.85,-57.06,248,41.13,1.0993,20.98,15.3,0.1811,-45.87,72.36,79.84
rsi_low_vol,M5,14,80,20,touch,1.5,2.0,100,0.2,33.09,220,34.09,0.9035,30.83,-16.09,13,23.08,0.4706,7.67,-6.11,-0.4329,-23.16,9.98,94.09,29.38,1230,34.55,0.9182,66.85,-57.06,85,41.18,1.088,8.32,4.32,0.1698,-58.53,61.38,93.09
rsi_low_vol,M5,14,80,20,cross,1.5,2.0,200,0.3,40.13,221,30.77,0.7819,43.55,-31.82,38,28.95,0.6706,14.3,-9.9,-0.1113,-29.25,21.92,82.81,38.31,1230,33.5,0.8822,71.76,-69.03,211,39.34,1.0267,26.51,1.72,0.1445,-45.25,70.75,82.85
rsi_low_vol,M5,21,70,20,cross,1.5,3.0,200,0.2,29.49,475,24.63,0.8771,57.76,-42.18,50,20.0,0.6131,23.46,-16.89,-0.264,-34.3,25.29,89.47,27.25,2161,24.99,0.8941,90.78,-88.79,170,30.0,1.0371,21.41,2.36,0.143,-69.37,91.15,92.13
rsi_low_vol,M5,14,80,20,touch,1.5,3.0,50,0.3,42.97,220,22.27,0.7629,46.73,-37.74,11,9.09,0.2534,8.56,-8.25,-0.5095,-38.17,29.49,95.0,42.75,1230,25.2,0.8937,77.45,-71.48,92,29.35,1.021,20.85,0.06,0.1273,-56.6,71.54,92.52
rsi_low_vol,M5,14,80,20,touch,1.5,4.0,100,0.2,33.09,220,15.45,0.6538,62.51,-52.27,13,15.38,0.5964,7.67,-5.26,-0.0574,-54.84,47.01,94.09,29.38,1230,19.43,0.8795,82.14,-78.52,85,23.53,1.002,15.87,-1.72,0.1225,-66.27,76.8,93.09
rsi_low_vol,M5,14,80,20,cross,1.5,3.0,100,0.3,38.66,221,19.91,0.6655,57.83,-48.85,16,18.75,0.5739,10.79,-6.3,-0.0916,-47.04,42.55,92.76,35.03,1230,24.72,0.889,74.4,-72.65,117,29.06,0.9993,19.16,-1.97,0.1103,-55.24,70.68,90.49
rsi_low_vol,M5,14,80,20,touch,1.5,3.0,100,0.2,33.09,220,22.27,0.7629,46.73,-37.74,13,15.38,0.4407,8.47,-7.08,-0.3222,-38.26,30.66,94.09,29.38,1230,25.2,0.8937,77.45,-71.48,85,29.41,1.0021,15.17,-1.24,0.1084,-62.28,70.24,93.09
rsi_low_vol,M5,14,80,20,cross,1.5,2.0,100,0.3,38.66,221,30.77,0.7819,43.55,-31.82,16,18.75,0.3712,11.16,-9.01,-0.4107,-32.39,22.81,92.76,35.03,1230,33.5,0.8822,71.76,-69.03,117,38.46,0.9873,18.57,-2.3,0.1051,-53.19,66.73,90.49
rsi_low_vol,M5,14,80,20,touch,1.5,4.0,50,0.3,42.97,220,15.45,0.6538,62.51,-52.27,11,9.09,0.3412,8.56,-7.36,-0.3126,-53.95,44.91,95.0,42.75,1230,19.43,0.8795,82.14,-78.52,92,22.83,0.9829,22.16,-3.38,0.1034,-59.98,75.14,92.52
rsi_low_vol,M5,14,70,20,cross,1.5,4.0,50,0.3,42.97,1114,18.76,0.8307,89.89,-84.8,209,17.22,0.7185,51.58,-44.13,-0.1122,-38.31,40.67,81.24,42.75,5564,19.61,0.8773,99.92,-99.92,1158,22.11,0.9625,66.4,-46.8,0.0852,-33.52,53.12,79.19
rsi_low_vol,M5,21,80,30,touch,1.5,2.0,50,0.2,36.77,391,35.55,0.9783,43.36,-9.47,19,52.63,1.857,2.46,8.9,0.8787,-40.9,18.37,95.14,36.46,2117,34.96,0.9378,82.09,-68.43,166,37.95,1.0206,16.57,0.64,0.0828,-65.52,69.07,92.16
rsi_low_vol,M5,21,80,30,cross,1.5,2.0,200,0.3,40.13,391,31.2,0.8036,53.76,-45.58,44,29.55,0.6914,17.39,-10.62,-0.1122,-36.37,34.96,88.75,38.31,2117,32.69,0.8527,92.28,-91.72,317,36.91,0.935,25.26,-16.69,0.0823,-67.02,75.03,85.03
rsi_low_vol,M5,14,80,20,touch,1.5,4.0,200,0.3,40.13,220,15.45,0.6538,62.51,-52.27,50,16.0,0.647,22.24,-16.19,-0.0068,-40.27,36.08,77.27,38.31,1230,19.43,0.8795,82.14,-78.52,248,22.58,0.9596,40.97,-13.4,0.0801,-41.17,65.12,79.84
rsi_low_vol,M5,14,70,20,cross,1.5,3.0,50,0.3,42.97,1114,24.33,0.8564,86.25,-77.37,209,23.44,0.7849,41.76,-33.96,-0.0715,-44.49,43.41,81.24,42.75,5564,25.04,0.8804,99.82,-99.82,1158,27.46,0.951,60.24,-47.92,0.0706,-39.58,51.9,79.19
rsi_low_vol,M5,14,80,30,cross,1.5,3.0,100,0.3,38.66,1022,23.48,0.8198,87.51,-81.38,155,27.1,0.9286,23.0,-11.0,0.1088,-64.51,70.38,84.83,35.03,5326,24.63,0.8614,99.92,-99.9,960,27.29,0.9308,68.1,-50.62,0.0694,-31.82,49.28,81.98
rsi_low_vol,M5,14,80,30,touch,1.5,4.0,50,0.2,36.77,1021,21.16,0.9682,68.54,-38.66,132,28.03,1.3995,12.48,46.83,0.4313,-56.06,85.49,87.07,36.46,5326,20.43,0.9175,99.83,-99.27,875,22.4,0.9861,63.84,-25.46,0.0686,-35.99,73.81,83.57
rsi_low_vol,M5,14,80,20,touch,1.5,2.0,200,0.2,29.49,220,34.09,0.9035,30.83,-16.09,28,28.57,0.6418,12.03,-8.2,-0.2617,-18.8,7.89,87.27,27.25,1230,34.55,0.9182,66.85,-57.06,151,39.07,0.9867,20.31,-3.03,0.0685,-46.54,54.03,87.72
rsi_low_vol,M5,21,70,30,cross,1.5,3.0,200,0.2,29.49,835,23.83,0.8411,83.25,-70.32,68,19.12,0.5788,30.56,-24.01,-0.2623,-52.69,46.31,91.86,27.25,3985,24.37,0.8621,99.51,-99.4,321,27.73,0.928,37.72,-21.84,0.0659,-61.79,77.56,91.94
rsi_low_vol,M5,14,80,30,touch,1.5,2.0,50,0.2,36.77,1021,35.55,0.956,45.76,-34.44,132,47.73,1.5081,10.02,46.51,0.5521,-35.74,80.95,87.07,36.46,5326,35.13,0.9267,98.62,-96.47,875,37.6,0.9903,43.41,-14.09,0.0636,-55.21,82.38,83.57
rsi_low_vol,M5,14,80,20,touch,1.5,3.0,200,0.3,40.13,220,22.27,0.7629,46.73,-37.74,50,20.0,0.6299,19.8,-16.04,-0.133,-26.93,21.7,77.27,38.31,1230,25.2,0.8937,77.45,-71.48,248,28.23,0.9564,40.45,-12.21,0.0627,-37.0,59.27,79.84
rsi_low_vol,M5,14,80,20,cross,1.5,3.0,200,0.3,40.13,221,19.91,0.6655,57.83,-48.85,38,21.05,0.674,15.23,-10.93,0.0085,-42.6,37.92,82.81,38.31,1230,24.72,0.889,74.4,-72.65,211,27.96,0.9489,34.5,-11.66,0.0599,-39.9,60.99,82.85
rsi_low_vol,M5,14,70,20,cross,1.5,2.0,50,0.3,42.97,1114,33.21,0.8657,79.52,-70.03,209,31.1,0.7548,39.28,-33.99,-0.1109,-40.24,36.04,81.24,42.75,5564,33.64,0.8714,99.71,-99.7,1158,36.27,0.93,62.86,-50.81,0.0586,-36.85,48.89,79.19
rsi_low_vol,M5,14,80,20,cross,1.5,3.0,200,0.2,29.49,221,19.91,0.6655,57.83,-48.85,21,28.57,0.9898,7.42,-0.52,0.3243,-50.41,48.33,90.5,27.25,1230,24.72,0.889,74.4,-72.65,106,28.3,0.9457,25.25,-6.35,0.0567,-49.15,66.3,91.38
rsi_low_vol,M5,14,70,20,touch,1.5,4.0,50,0.3,42.97,1113,19.32,0.8626,86.8,-79.06,246,19.11,0.809,41.55,-37.83,-0.0536,-45.25,41.23,77.9,42.75,5564,21.19,0.9557,97.25,-96.25,1274,23.0,1.0098,65.56,-15.41,0.0541,-31.69,80.84,77.1
rsi_low_vol,M5,14,80,30,cross,1.5,3.0,200,0.2,29.49,1022,23.48,0.8198,87.51,-81.38,139,31.65,1.1238,17.12,12.06,0.304,-70.39,93.44,86.4,27.25,5326,24.63,0.8614,99.92,-99.9,795,27.55,0.9136,68.24,-50.93,0.0522,-31.68,48.97,85.07
rsi_low_vol,M5,14,80,30,cross,1.5,4.0,100,0.3,38.66,1022,19.96,0.8951,82.64,-67.87,155,21.94,0.9477,22.54,-9.95,0.0526,-60.1,57.92,84.83,35.03,5326,19.08,0.8489,99.98,-99.97,960,21.15,0.8984,81.65,-66.11,0.0495,-18.33,33.86,81.98
rsi_low_vol,M5,14,70,30,cross,1.5,4.0,50,0.3,42.97,1915,19.58,0.8747,94.09,-91.61,351,20.23,0.8848,48.81,-34.88,0.0101,-45.28,56.73,81.67,42.75,9660,19.44,0.864,100.0,-100.0,2113,21.06,0.9116,90.92,-87.82,0.0476,-9.08,12.18,78.13
rsi_low_vol,M5,14,70,20,cross,1.5,4.0,50,0.2,36.77,1114,18.76,0.8307,89.89,-84.8,156,20.51,0.8876,37.9,-17.11,0.0569,-51.99,67.69,86.0,36.46,5564,19.61,0.8773,99.92,-99.92,890,21.46,0.9234,68.38,-54.92,0.0461,-31.54,45.0,84.0
rsi_low_vol,M5,14,80,30,cross,1.5,2.0,200,0.2,29.49,1022,32.09,0.8243,81.56,-76.09,139,44.6,1.2639,8.69,24.89,0.4396,-72.87,100.98,86.4,27.25,5326,33.08,0.8508,99.84,-99.83,795,36.6,0.896,60.51,-50.28,0.0452,-39.33,49.55,85.07
rsi_low_vol,M5,14,70,30,cross,1.5,3.0,50,0.3,42.97,1915,24.39,0.8598,93.65,-91.76,351,24.79,0.854,44.42,-38.21,-0.0058,-49.23,53.55,81.67,42.75,9660,24.86,0.8689,100.0,-100.0,2113,26.55,0.9123,86.32,-84.62,0.0434,-13.68,15.38,78.13
rsi_low_vol,M5,14,80,20,touch,1.5,2.0,100,0.3,38.66,220,34.09,0.9035,30.83,-16.09,25,20.0,0.4021,15.11,-13.06,-0.5014,-15.72,3.03,88.64,35.03,1230,34.55,0.9182,66.85,-57.06,145,37.93,0.9591,15.83,-5.69,0.0409,-51.02,51.37,88.21
rsi_low_vol,M5,14,80,30,cross,1.5,2.0,100,0.3,38.66,1022,32.09,0.8243,81.56,-76.09,155,40.0,1.0702,13.15,6.01,0.2459,-68.41,82.1,84.83,35.03,5326,33.08,0.8508,99.84,-99.83,960,35.52,0.8867,68.25,-59.48,0.0359,-31.59,40.35,81.98
rsi_low_vol,M5,14,80,30,touch,1.5,3.0,50,0.2,36.77,1021,26.44,0.954,55.58,-41.47,132,32.58,1.2566,12.48,26.24,0.3026,-43.1,67.71,87.07,36.46,5326,25.97,0.9187,99.64,-98.72,875,27.43,0.9543,59.73,-37.38,0.0356,-39.91,61.34,83.57
rsi_low_vol,M5,14,70,30,cross,1.5,2.0,50,0.3,42.97,1915,32.9,0.8533,91.44,-89.49,351,35.04,0.9001,36.45,-25.24,0.0468,-54.99,64.25,81.67,42.75,9660,33.35,0.8587,100.0,-100.0,2113,35.21,0.8928,87.25,-84.77,0.0341,-12.75,15.23,78.13
rsi_low_vol,M5,21,70,20,cross,1.5,3.0,100,0.3,38.66,475,24.63,0.8771,57.76,-42.18,56,21.43,0.6864,21.71,-15.12,-0.1907,-36.05,27.06,88.21,35.03,2161,24.99,0.8941,90.78,-88.79,229,27.07,0.9244,38.07,-16.57,0.0303,-52.71,72.22,89.4
rsi_low_vol,M5,14,70,30,touch,1.5,4.0,50,0.3,42.97,1914,20.74,0.9442,78.71,-73.08,419,21.96,0.9781,41.79,-15.5,0.0339,-36.92,57.58,78.11,42.75,9660,20.99,0.9443,99.96,-99.87,2305,22.3,0.9745,80.28,-63.6,0.0302,-19.68,36.27,76.14
rsi_low_vol,M5,14,80,30,cross,1.5,3.0,50,0.3,42.97,1022,23.48,0.8198,87.51,-81.38,151,25.83,0.9148,23.78,-12.07,0.095,-63.73,69.31,85.23,42.75,5326,24.63,0.8614,99.92,-99.9,1032,25.97,0.889,77.08,-67.25,0.0276,-22.84,32.65,80.62
rsi_low_vol,M5,14,70,30,cross,1.5,4.0,50,0.2,36.77,1915,19.58,0.8747,94.09,-91.61,257,22.57,1.0175,38.78,-1.61,0.1428,-55.31,90.0,86.58,36.46,9660,19.44,0.864,100.0,-100.0,1614,20.69,0.8914,86.63,-85.08,0.0274,-13.37,14.92,83.29
rsi_low_vol,M5,14,80,30,cross,1.5,2.0,50,0.3,42.97,1022,32.09,0.8243,81.56,-76.09,151,39.07,1.0663,13.62,5.39,0.242,-67.94,81.48,85.23,42.75,5326,33.08,0.8508,99.84,-99.83,1032,34.69,0.8767,74.45,-64.8,0.0259,-25.39,35.03,80.62
rsi_low_vol,M5,14,80,20,touch,1.5,3.0,200,0.2,29.49,220,22.27,0.7629,46.73,-37.74,28,21.43,0.674,11.22,-8.31,-0.0889,-35.51,29.43,87.27,27.25,1230,25.2,0.8937,77.45,-71.48,151,27.81,0.9189,33.25,-12.07,0.0252,-44.2,59.41,87.72
rsi_low_vol,M5,21,70,20,cross,1.5,2.0,200,0.2,29.49,475,33.26,0.8788,48.14,-37.21,50,28.0,0.6198,18.98,-15.06,-0.259,-29.16,22.15,89.47,27.25,2161,33.27,0.8735,90.48,-88.99,170,36.47,0.8985,25.95,-13.59,0.025,-64.53,75.4,92.13
rsi_low_vol,M5,14,80,30,cross,1.5,2.0,50,0.2,36.77,1022,32.09,0.8243,81.56,-76.09,105,42.86,1.2432,9.59,16.51,0.4189,-71.97,92.6,89.73,36.46,5326,33.08,0.8508,99.84,-99.83,774,34.63,0.8752,62.6,-54.6,0.0244,-37.24,45.23,85.47
rsi_low_vol,M5,14,80,20,cross,1.5,4.0,50,0.3,42.97,221,17.19,0.747,57.67,-41.76,9,11.11,0.4272,8.61,-5.12,-0.3198,-49.06,36.64,95.93,42.75,1230,18.62,0.858,84.45,-82.82,77,20.78,0.8817,20.41,-9.4,0.0237,-64.04,73.42,93.74
rsi_low_vol,M5,21,80,30,cross,1.5,2.0,50,0.2,36.77,391,31.2,0.8036,53.76,-45.58,14,50.0,1.6909,2.18,5.36,0.8873,-51.58,50.94,96.42,36.46,2117,32.69,0.8527,92.28,-91.72,163,34.36,0.8764,21.24,-15.2,0.0237,-71.04,76.52,92.3
rsi_low_vol,M5,14,80,30,cross,1.5,3.0,50,0.2,36.77,1022,23.48,0.8198,87.51,-81.38,105,26.67,0.9648,17.89,-4.51,0.145,-69.62,76.87,89.73,36.46,5326,24.63,0.8614,99.92,-99.9,774,25.84,0.8839,66.74,-58.05,0.0225,-33.18,41.85,85.47
rsi_low_vol,M5,21,80,30,touch,1.5,2.0,50,0.3,42.97,391,35.55,0.9783,43.36,-9.47,28,46.43,1.4683,5.2,7.84,0.49,-38.16,17.31,92.84,42.75,2117,34.96,0.9378,82.09,-68.43,241,36.51,0.9602,26.54,-8.93,0.0224,-55.55,59.5,88.62
rsi_low_vol,M5,14,70,30,touch,1.5,4.0,50,0.2,36.77,1914,20.74,0.9442,78.71,-73.08,303,23.76,1.0899,35.0,17.86,0.1457,-43.71,90.94,84.17,36.46,9660,20.99,0.9443,99.96,-99.87,1815,22.15,0.9658,72.92,-60.76,0.0215,-27.04,39.11,81.21
rsi_low_vol,M5,14,80,20,cross,1.5,2.0,200,0.2,29.49,221,30.77,0.7819,43.55,-31.82,21,28.57,0.6431,10.1,-6.18,-0.1388,-33.45,25.64,90.5,27.25,1230,33.5,0.8822,71.76,-69.03,106,36.79,0.9005,20.91,-8.58,0.0183,-50.85,60.45,91.38
rsi_low_vol,M5,14,80,30,touch,1.5,4.0,50,0.3,42.97,1021,21.16,0.9682,68.54,-38.66,184,25.0,1.1777,23.68,25.91,0.2095,-44.86,64.57,81.98,42.75,5326,20.43,0.9175,99.83,-99.27,1123,21.55,0.9357,80.98,-58.42,0.0182,-18.85,40.85,78.91
rsi_low_vol,M5,14,70,20,cross,1.5,2.0,50,0.2,36.77,1114,33.21,0.8657,79.52,-70.03,156,32.69,0.8076,32.49,-21.49,-0.0581,-47.03,48.54,86.0,36.46,5564,33.64,0.8714,99.71,-99.7,890,35.28,0.8874,66.74,-56.55,0.016,-32.97,43.15,84.0
rsi_low_vol,M5,21,80,30,cross,1.5,3.0,200,0.2,29.49,391,22.76,0.7942,66.88,-51.58,19,15.79,0.457,14.6,-9.56,-0.3372,-52.28,42.02,95.14,27.25,2117,24.0,0.8475,95.52,-94.88,156,26.28,0.862,27.28,-18.91,0.0145,-68.24,75.97,92.63
rsi_low_vol,M5,14,80,30,touch,1.5,4.0,100,0.3,38.66,1021,21.16,0.9682,68.54,-38.66,189,25.4,1.1446,32.74,21.0,0.1764,-35.8,59.66,81.49,35.03,5326,20.43,0.9175,99.83,-99.27,1061,21.87,0.9309,75.4,-58.74,0.0134,-24.43,40.53,80.08
rsi_low_vol,M5,14,70,20,touch,1.5,3.0,50,0.3,42.97,1113,24.98,0.8792,85.12,-71.97,246,23.98,0.8016,39.92,-36.5,-0.0776,-45.2,35.47,77.9,42.75,5564,27.07,0.9726,96.99,-87.71,1274,28.26,0.9858,73.94,-29.75,0.0132,-23.05,57.96,77.1
rsi_low_vol,M5,14,80,20,cross,1.5,4.0,200,0.3,40.13,221,17.19,0.747,57.67,-41.76,38,18.42,0.77,17.1,-8.4,0.023,-40.57,33.36,82.81,38.31,1230,18.62,0.858,84.45,-82.82,211,20.85,0.8711,37.26,-25.42,0.0131,-47.19,57.4,82.85
rsi_low_vol,M5,14,70,20,cross,1.5,3.0,50,0.2,36.77,1114,24.33,0.8564,86.25,-77.37,156,24.36,0.8213,40.21,-22.84,-0.0351,-46.04,54.53,86.0,36.46,5564,25.04,0.8804,99.82,-99.82,890,26.29,0.8931,69.48,-60.9,0.0127,-30.34,38.92,84.0
rsi_low_vol,M5,14,70,30,cross,1.5,2.0,50,0.2,36.77,1915,32.9,0.8533,91.44,-89.49,257,36.96,0.9742,28.88,-7.1,0.1209,-62.56,82.39,86.58,36.46,9660,33.35,0.8587,100.0,-100.0,1614,34.63,0.8694,83.12,-82.26,0.0107,-16.88,17.74,83.29
rsi_low_vol,M5,21,80,30,cross,1.5,2.0,50,0.3,42.97,391,31.2,0.8036,53.76,-45.58,21,42.86,1.2991,3.47,3.75,0.4955,-50.29,49.33,94.63,42.75,2117,32.69,0.8527,92.28,-91.72,230,33.91,0.8628,30.44,-22.67,0.0101,-61.84,69.05,89.14
rsi_low_vol,M5,14,70,30,cross,1.5,3.0,50,0.2,36.77,1915,24.39,0.8598,93.65,-91.76,257,25.29,0.8779,43.36,-25.9,0.0181,-50.29,65.86,86.58,36.46,9660,24.86,0.8689,100.0,-100.0,1614,25.84,0.8782,85.18,-85.05,0.0093,-14.82,14.95,83.29
rsi_low_vol,M5,14,80,30,touch,1.5,2.0,50,0.3,42.97,1021,35.55,0.956,45.76,-34.44,184,43.48,1.2648,16.46,33.96,0.3088,-29.3,68.4,81.98,42.75,5326,35.13,0.9267,98.62,-96.47,1123,36.33,0.9351,59.62,-47.45,0.0084,-39.0,49.02,78.91
rsi_low_vol,M5,21,70,30,cross,1.5,2.0,200,0.3,40.13,835,32.1,0.835,74.66,-66.6,129,26.36,0.5853,39.58,-36.89,-0.2497,-35.08,29.71,84.55,38.31,3985,33.02,0.8624,98.9,-98.78,650,35.23,0.8691,55.54,-50.45,0.0067,-43.36,48.33,83.69
rsi_low_vol,M5,14,80,30,cross,1.5,3.0,100,0.2,33.09,1022,23.48,0.8198,87.51,-81.38,116,29.31,1.0393,15.72,1.79,0.2195,-71.79,83.17,88.65,29.38,5326,24.63,0.8614,99.92,-99.9,705,25.96,0.868,71.27,-59.35,0.0066,-28.65,40.55,86.76
rsi_low_vol,M5,21,80,30,touch,1.5,4.0,200,0.3,40.13,391,20.72,0.9466,52.24,-22.74,53,11.32,0.4302,29.37,-26.77,-0.5164,-22.87,-4.03,86.45,38.31,2117,20.41,0.9357,92.79,-79.81,352,22.16,0.9415,43.52,-22.95,0.0058,-49.27,56.86,83.37
rsi_low_vol,M5,21,80,30,cross,1.5,4.0,200,0.2,29.49,391,19.44,0.8733,65.21,-39.68,19,15.79,0.6226,14.6,-6.9,-0.2507,-50.61,32.78,95.14,27.25,2117,18.52,0.839,96.78,-96.64,156,20.51,0.8446,27.9,-22.67,0.0056,-68.88,73.97,92.63
rsi_low_vol,M5,14,80,30,cross,1.5,4.0,50,0.3,42.97,1022,19.96,0.8951,82.64,-67.87,151,23.84,1.1054,20.0,10.59,0.2103,-62.64,78.46,85.23,42.75,5326,19.08,0.8489,99.98,-99.97,1032,19.86,0.8532,87.92,-79.26,0.0043,-12.06,20.71,80.62
rsi_low_vol,M5,21,80,30,cross,1.5,4.0,200,0.3,40.13,391,19.44,0.8733,65.21,-39.68,44,15.91,0.6442,21.6,-14.39,-0.2291,-43.61,25.29,88.75,38.31,2117,18.52,0.839,96.78,-96.64,317,20.19,0.8424,46.53,-40.7,0.0034,-50.25,55.94,85.03
rsi_low_vol,M5,14,80,30,cross,1.5,4.0,50,0.2,36.77,1022,19.96,0.8951,82.64,-67.87,105,25.71,1.2329,13.49,19.17,0.3378,-69.15,87.04,89.73,36.46,5326,19.08,0.8489,99.98,-99.97,774,19.77,0.8509,79.25,-69.69,0.002,-20.73,30.28,85.47
rsi_low_vol,M5,14,70,30,cross,1.5,2.0,100,0.3,38.66,1915,32.9,0.8533,91.44,-89.49,383,35.51,0.8958,37.46,-28.24,0.0425,-53.98,61.25,80.0,35.03,9660,33.35,0.8587,100.0,-100.0,1962,34.91,0.8603,91.2,-89.5,0.0016,-8.8,10.5,79.69
rsi_low_vol,M5,14,80,30,touch,1.5,2.0,200,0.2,29.49,1021,35.55,0.956,45.76,-34.44,163,42.94,1.175,15.25,18.89,0.219,-30.51,53.33,84.04,27.25,5326,35.13,0.9267,98.62,-96.47,921,37.46,0.9251,57.39,-45.37,-0.0016,-41.23,51.1,82.71
rsi_low_vol,M5,21,80,30,cross,1.5,3.0,200,0.3,40.13,391,22.76,0.7942,66.88,-51.58,44,15.91,0.4759,23.84,-20.0,-0.3183,-43.04,31.58,88.75,38.31,2117,24.0,0.8475,95.52,-94.88,317,25.55,0.8455,42.38,-37.34,-0.002,-53.14,57.54,85.03
rsi_low_vol,M5,14,80,30,cross,1.5,4.0,200,0.2,29.49,1022,19.96,0.8951,82.64,-67.87,139,26.62,1.1909,18.0,21.44,0.2958,-64.64,89.31,86.4,27.25,5326,19.08,0.8489,99.98,-99.97,795,20.63,0.8456,80.06,-72.93,-0.0033,-19.92,27.04,85.07
rsi_low_vol,M5,21,70,20,cross,1.5,2.0,100,0.3,38.66,475,33.26,0.8788,48.14,-37.21,56,28.57,0.6561,18.18,-14.93,-0.2227,-29.96,22.28,88.21,35.03,2161,33.27,0.8735,90.48,-88.99,229,34.93,0.8686,40.2,-22.02,-0.0049,-50.28,66.97,89.4
rsi_low_vol,M5,14,80,30,cross,1.5,4.0,100,0.2,33.09,1022,19.96,0.8951,82.64,-67.87,116,26.72,1.2346,13.42,21.99,0.3395,-69.22,89.86,88.65,29.38,5326,19.08,0.8489,99.98,-99.97,705,20.14,0.8438,78.67,-68.43,-0.0051,-21.31,31.54,86.76
rsi_low_vol,M5,14,80,30,touch,1.5,3.0,100,0.3,38.66,1021,26.44,0.954,55.58,-41.47,189,32.28,1.1717,22.69,24.87,0.2177,-32.89,66.34,81.49,35.03,5326,25.97,0.9187,99.64,-98.72,1061,27.05,0.9125,73.42,-61.25,-0.0062,-26.22,37.47,80.08
rsi_low_vol,M5,14,70,30,touch,1.5,3.0,50,0.3,42.97,1914,26.07,0.9329,80.05,-73.65,419,27.21,0.956,34.11,-19.52,0.0231,-45.94,54.13,78.11,42.75,9660,26.7,0.9528,99.78,-99.45,2305,27.33,0.9449,85.66,-75.68,-0.0079,-14.12,23.77,76.14
rsi_low_vol,M5,21,80,30,touch,1.5,4.0,100,0.2,33.09,391,20.72,0.9466,52.24,-22.74,21,14.29,0.5732,12.12,-8.68,-0.3734,-40.12,14.06,94.63,29.38,2117,20.41,0.9357,92.79,-79.81,139,21.58,0.9267,34.71,-11.34,-0.009,-58.08,68.47,93.43
rsi_low_vol,M5,14,70,30,cross,1.5,3.0,100,0.3,38.66,1915,24.39,0.8598,93.65,-91.76,383,25.85,0.8761,46.62,-36.75,0.0163,-47.03,55.01,80.0,35.03,9660,24.86,0.8689,100.0,-100.0,1962,25.79,0.8591,93.27,-93.02,-0.0098,-6.73,6.98,79.69
rsi_low_vol,M5,14,80,30,touch,1.5,2.0,100,0.3,38.66,1021,35.55,0.956,45.76,-34.44,189,42.33,1.1704,17.09,21.45,0.2144,-28.67,55.89,81.49,35.03,5326,35.13,0.9267,98.62,-96.47,1061,36.48,0.9161,61.86,-53.34,-0.0106,-36.76,43.13,80.08
rsi_low_vol,M5,14,80,20,touch,1.5,4.0,200,0.2,29.49,220,15.45,0.6538,62.51,-52.27,28,17.86,0.7254,12.93,-7.5,0.0716,-49.58,44.77,87.27,27.25,1230,19.43,0.8795,82.14,-78.52,151,21.19,0.8688,32.93,-19.41,-0.0107,-49.21,59.11,87.72
rsi_low_vol,M5,21,80,30,touch,1.5,2.0,100,0.3,38.66,391,35.55,0.9783,43.36,-9.47,31,41.94,1.1988,4.84,3.82,0.2205,-38.52,13.29,92.07,35.03,2117,34.96,0.9378,82.09,-68.43,233,36.48,0.9261,26.31,-13.93,-0.0117,-55.78,54.5,88.99
rsi_low_vol,M5,14,80,30,touch,1.5,4.0,200,0.2,29.49,1021,21.16,0.9682,68.54,-38.66,163,26.99,1.2077,25.84,28.54,0.2395,-42.7,67.2,84.04,27.25,5326,20.43,0.9175,99.83,-99.27,921,21.82,0.9048,76.15,-63.27,-0.0127,-23.68,36.0,82.71
rsi_low_vol,M5,14,70,30,cross,1.5,4.0,100,0.3,38.66,1915,19.58,0.8747,94.09,-91.61,383,19.84,0.8394,57.34,-47.0,-0.0353,-36.75,44.61,80.0,35.03,9660,19.44,0.864,100.0,-100.0,1962,20.29,0.8512,95.83,-95.36,-0.0128,-4.17,4.64,79.69
rsi_low_vol,M5,14,80,30,touch,1.5,3.0,50,0.3,42.97,1021,26.44,0.954,55.58,-41.47,184,30.43,1.1261,16.13,16.29,0.1721,-39.45,57.76,81.98,42.75,5326,25.97,0.9187,99.64,-98.72,1123,26.45,0.9055,79.48,-65.36,-0.0132,-20.16,33.36,78.91
rsi_low_vol,M5,21,70,30,cross,1.5,2.0,100,0.3,38.66,835,32.1,0.835,74.66,-66.6,77,33.77,0.8424,15.98,-9.43,0.0074,-58.68,57.17,90.78,35.03,3985,33.02,0.8624,98.9,-98.78,420,34.29,0.8479,49.23,-40.72,-0.0145,-49.67,58.06,89.46
rsi_low_vol,M5,14,80,30,touch,1.5,3.0,200,0.2,29.49,1021,26.44,0.954,55.58,-41.47,163,31.29,1.0995,21.65,10.86,0.1455,-33.93,52.33,84.04,27.25,5326,25.97,0.9187,99.64,-98.72,921,27.36,0.9013,70.86,-60.27,-0.0174,-28.78,38.45,82.71
rsi_low_vol,M5,21,70,30,cross,1.5,3.0,100,0.3,38.66,835,23.83,0.8411,83.25,-70.32,77,22.08,0.7178,22.57,-18.28,-0.1233,-60.68,52.04,90.78,35.03,3985,24.37,0.8621,99.51,-99.4,420,25.24,0.8439,62.52,-46.38,-0.0182,-36.99,53.02,89.46
rsi_low_vol,M5,14,70,30,cross,1.5,2.0,200,0.2,29.49,1915,32.9,0.8533,91.44,-89.49,317,37.54,0.9532,29.65,-13.09,0.0999,-61.79,76.4,83.45,27.25,9660,33.35,0.8587,100.0,-100.0,1609,35.11,0.8383,91.43,-88.35,-0.0204,-8.57,11.65,83.34
rsi_low_vol,M5,14,70,20,cross,1.5,2.0,100,0.3,38.66,1114,33.21,0.8657,79.52,-70.03,244,31.56,0.756,42.08,-38.41,-0.1097,-37.44,31.62,78.1,35.03,5564,33.64,0.8714,99.71,-99.7,1119,34.76,0.8508,77.27,-74.69,-0.0206,-22.44,25.01,79.89
rsi_low_vol,M5,21,80,30,touch,1.5,2.0,200,0.3,40.13,391,35.55,0.9783,43.36,-9.47,53,24.53,0.5307,22.33,-19.68,-0.4476,-21.03,-10.21,86.45,38.31,2117,34.96,0.9378,82.09,-68.43,352,36.65,0.9166,37.2,-22.35,-0.0212,-44.89,46.08,83.37
rsi_low_vol,M5,14,70,20,cross,1.5,2.0,100,0.2,33.09,1114,33.21,0.8657,79.52,-70.03,183,32.24,0.781,31.65,-27.71,-0.0847,-47.87,42.32,83.57,29.38,5564,33.64,0.8714,99.71,-99.7,818,34.84,0.8488,69.15,-63.88,-0.0226,-30.56,35.82,85.3
rsi_low_vol,M5,14,80,20,touch,1.5,4.0,100,0.3,38.66,220,15.45,0.6538,62.51,-52.27,25,12.0,0.4559,18.47,-13.18,-0.1979,-44.04,39.09,88.64,35.03,1230,19.43,0.8795,82.14,-78.52,145,20.69,0.8564,29.91,-19.96,-0.0231,-52.23,58.56,88.21
rsi_low_vol,M5,14,70,30,touch,1.5,3.0,50,0.2,36.77,1914,26.07,0.9329,80.05,-73.65,303,27.39,0.968,39.79,-11.94,0.0351,-40.26,61.71,84.17,36.46,9660,26.7,0.9528,99.78,-99.45,1815,27.0,0.9289,76.55,-74.27,-0.0239,-23.23,25.18,81.21
rsi_low_vol,M5,21,70,30,cross,1.5,2.0,200,0.2,29.49,835,32.1,0.835,74.66,-66.6,68,32.35,0.7632,22.92,-12.43,-0.0718,-51.74,54.17,91.86,27.25,3985,33.02,0.8624,98.9,-98.78,321,34.89,0.8382,41.76,-34.84,-0.0242,-57.14,63.94,91.94
rsi_low_vol,M5,14,70,30,cross,1.5,3.0,200,0.2,29.49,1915,24.39,0.8598,93.65,-91.76,317,27.13,0.9114,39.73,-24.94,0.0516,-53.92,66.82,83.45,27.25,9660,24.86,0.8689,100.0,-100.0,1609,26.04,0.8446,93.49,-91.12,-0.0243,-6.51,8.88,83.34
rsi_low_vol,M5,14,70,30,touch,1.5,2.0,50,0.2,36.77,1914,34.95,0.9297,75.05,-68.52,303,39.93,1.0979,20.69,18.4,0.1682,-54.36,86.92,84.17,36.46,9660,35.25,0.9296,99.8,-99.72,1815,35.65,0.905,77.33,-76.57,-0.0246,-22.47,23.15,81.21
rsi_low_vol,M5,14,70,30,cross,1.5,3.0,100,0.2,33.09,1915,24.39,0.8598,93.65,-91.76,289,26.99,0.9307,33.01,-19.0,0.0709,-60.64,72.76,84.91,29.38,9660,24.86,0.8689,100.0,-100.0,1462,25.51,0.8443,88.79,-88.68,-0.0246,-11.21,11.32,84.87
rsi_low_vol,M5,14,70,20,touch,1.5,4.0,50,0.2,36.77,1113,19.32,0.8626,86.8,-79.06,178,20.22,0.8665,41.04,-22.03,0.0039,-45.76,57.03,84.01,36.46,5564,21.19,0.9557,97.25,-96.25,1003,21.64,0.9305,66.28,-56.58,-0.0252,-30.97,39.67,81.97
rsi_low_vol,M5,14,70,30,touch,1.5,2.0,50,0.3,42.97,1914,34.95,0.9297,75.05,-68.52,419,38.42,1.0307,21.68,4.62,0.101,-53.37,73.14,78.11,42.75,9660,35.25,0.9296,99.8,-99.72,2305,35.62,0.904,86.67,-84.41,-0.0256,-13.13,15.31,76.14
rsi_low_vol,M5,14,80,30,cross,1.5,2.0,100,0.2,33.09,1022,32.09,0.8243,81.56,-76.09,116,39.66,1.0547,11.4,3.2,0.2304,-70.16,79.29,88.65,29.38,5326,33.08,0.8508,99.84,-99.83,705,33.9,0.824,69.88,-63.72,-0.0268,-29.96,36.11,86.76
rsi_low_vol,M5,14,80,20,cross,1.5,4.0,50,0.2,36.77,221,17.19,0.747,57.67,-41.76,4,25.0,1.1468,3.3,0.4,0.3998,-54.37,42.16,98.19,36.46,1230,18.62,0.858,84.45,-82.82,50,20.0,0.831,12.43,-8.45,-0.027,-72.02,74.37,95.93
rsi_low_vol,M5,21,80,30,touch,1.5,2.0,100,0.2,33.09,391,35.55,0.9783,43.36,-9.47,21,42.86,1.2356,4.23,3.07,0.2573,-39.13,12.54,94.63,29.38,2117,34.96,0.9378,82.09,-68.43,139,35.97,0.9104,27.18,-10.04,-0.0274,-54.91,58.39,93.43
rsi_low_vol,M5,14,70,30,cross,1.5,4.0,100,0.2,33.09,1915,19.58,0.8747,94.09,-91.61,289,22.49,0.9859,30.62,-9.28,0.1112,-63.47,82.33,84.91,29.38,9660,19.44,0.864,100.0,-100.0,1462,20.04,0.835,92.17,-91.93,-0.029,-7.83,8.07,84.87
rsi_low_vol,M5,14,70,20,cross,1.5,2.0,200,0.3,40.13,1114,33.21,0.8657,79.52,-70.03,315,28.25,0.6392,63.53,-61.57,-0.2265,-15.99,8.46,71.72,38.31,5564,33.64,0.8714,99.71,-99.7,1438,34.84,0.8412,87.08,-84.72,-0.0302,-12.63,14.98,74.16
rsi_low_vol,M5,21,70,30,cross,1.5,3.0,200,0.3,40.13,835,23.83,0.8411,83.25,-70.32,129,16.28,0.4871,49.44,-47.46,-0.354,-33.81,22.86,84.55,38.31,3985,24.37,0.8621,99.51,-99.4,650,25.23,0.8312,69.54,-64.76,-0.0309,-29.97,34.64,83.69
rsi_low_vol,M5,21,70,20,cross,1.5,3.0,200,0.3,40.13,475,24.63,0.8771,57.76,-42.18,88,18.18,0.5564,33.08,-31.25,-0.3207,-24.68,10.93,81.47,38.31,2161,24.99,0.8941,90.78,-88.79,351,25.93,0.8625,47.43,-37.24,-0.0316,-43.35,51.55,83.76
rsi_low_vol,M5,21,80,30,cross,1.5,2.0,100,0.2,33.09,391,31.2,0.8036,53.76,-45.58,15,40.0,1.1154,3.68,1.01,0.3118,-50.08,46.59,96.16,29.38,2117,32.69,0.8527,92.28,-91.72,126,33.33,0.8201,22.2,-16.8,-0.0326,-70.08,74.92,94.05
rsi_low_vol,M5,14,80,30,touch,1.5,2.0,200,0.3,40.13,1021,35.55,0.956,45.76,-34.44,255,38.04,0.9755,22.73,-6.93,0.0195,-23.03,27.51,75.02,38.31,5326,35.13,0.9267,98.62,-96.47,1462,36.25,0.8934,79.21,-73.01,-0.0333,-19.41,23.46,72.55
rsi_low_vol,M5,14,70,20,touch,1.5,4.0,100,0.2,33.09,1113,19.32,0.8626,86.8,-79.06,214,17.76,0.7292,48.66,-44.17,-0.1334,-38.14,34.89,80.77,29.38,5564,21.19,0.9557,97.25,-96.25,926,21.81,0.9215,68.71,-57.5,-0.0342,-28.54,38.75,83.36
rsi_low_vol,M5,14,70,20,cross,1.5,3.0,100,0.2,33.09,1114,24.33,0.8564,86.25,-77.37,183,25.14,0.8473,30.98,-23.19,-0.0091,-55.27,54.18,83.57,29.38,5564,25.04,0.8804,99.82,-99.82,818,25.67,0.8462,70.38,-70.14,-0.0342,-29.44,29.68,85.3
rsi_low_vol,M5,14,70,20,touch,1.5,4.0,200,0.3,40.13,1113,19.32,0.8626,86.8,-79.06,349,18.91,0.7835,63.22,-53.49,-0.0791,-23.58,25.57,68.64,38.31,5564,21.19,0.9557,97.25,-96.25,1573,21.93,0.9207,89.35,-76.98,-0.035,-7.9,19.27,71.73
rsi_low_vol,M5,14,70,20,touch,1.5,2.0,50,0.3,42.97,1113,34.23,0.9008,74.22,-59.72,246,33.74,0.8432,31.74,-26.89,-0.0576,-42.48,32.83,77.9,42.75,5564,35.21,0.9299,96.82,-96.54,1274,35.48,0.8947,77.21,-67.36,-0.0352,-19.61,29.18,77.1
rsi_low_vol,M5,14,70,30,cross,1.5,2.0,100,0.2,33.09,1915,32.9,0.8533,91.44,-89.49,289,35.64,0.9014,31.97,-21.19,0.0481,-59.47,68.3,84.91,29.38,9660,33.35,0.8587,100.0,-100.0,1462,33.99,0.8233,89.1,-87.95,-0.0354,-10.9,12.05,84.87
rsi_low_vol,M5,14,80,30,cross,1.5,2.0,200,0.3,40.13,1022,32.09,0.8243,81.56,-76.09,212,36.79,0.93,24.68,-12.23,0.1057,-56.88,63.86,79.26,38.31,5326,33.08,0.8508,99.84,-99.83,1341,33.86,0.8085,89.21,-87.86,-0.0423,-10.63,11.97,74.82
rsi_low_vol,M5,21,70,20,cross,1.5,2.0,200,0.3,40.13,475,33.26,0.8788,48.14,-37.21,88,26.14,0.5772,30.14,-27.52,-0.3016,-18.0,9.69,81.47,38.31,2161,33.27,0.8735,90.48,-88.99,351,34.19,0.8304,47.97,-38.62,-0.0431,-42.51,50.37,83.76
rsi_low_vol,M5,14,70,30,touch,1.5,4.0,100,0.3,38.66,1914,20.74,0.9442,78.71,-73.08,451,21.51,0.9259,45.04,-32.52,-0.0183,-33.67,40.56,76.44,35.03,9660,20.99,0.9443,99.96,-99.87,2132,21.29,0.8998,93.68,-90.79,-0.0445,-6.28,9.08,77.93
rsi_low_vol,M5,21,70,30,cross,1.5,2.0,50,0.3,42.97,835,32.1,0.835,74.66,-66.6,69,30.43,0.7493,22.78,-13.02,-0.0857,-51.88,53.58,91.74,42.75,3985,33.02,0.8624,98.9,-98.78,467,32.76,0.8157,60.5,-50.14,-0.0467,-38.4,48.64,88.28
rsi_low_vol,M5,21,80,30,touch,1.5,4.0,50,0.2,36.77,391,20.72,0.9466,52.24,-22.74,19,31.58,1.5973,6.35,8.58,0.6507,-45.89,31.32,95.14,36.46,2117,20.41,0.9357,92.79,-79.81,166,20.48,0.8877,37.55,-18.06,-0.048,-55.24,61.75,92.16
rsi_low_vol,M5,21,80,30,cross,1.5,2.0,100,0.3,38.66,391,31.2,0.8036,53.76,-45.58,21,47.62,1.5256,3.37,6.47,0.722,-50.39,52.05,94.63,35.03,2117,32.69,0.8527,92.28,-91.72,197,32.99,0.8047,30.69,-26.84,-0.048,-61.59,64.88,90.69
rsi_low_vol,M5,14,70,30,cross,1.5,4.0,200,0.2,29.49,1915,19.58,0.8747,94.09,-91.61,317,22.71,0.9728,39.44,-13.54,0.0981,-54.65,78.07,83.45,27.25,9660,19.44,0.864,100.0,-100.0,1609,20.07,0.8159,96.06,-95.51,-0.0481,-3.94,4.49,83.34
rsi_low_vol,M5,21,80,30,touch,1.5,3.0,200,0.3,40.13,391,26.34,0.965,38.77,-15.57,53,15.09,0.4452,26.44,-25.2,-0.5198,-12.33,-9.63,86.45,38.31,2117,26.07,0.9392,87.89,-74.4,352,26.7,0.891,45.35,-31.66,-0.0482,-42.54,42.74,83.37
rsi_low_vol,M5,21,80,30,cross,1.5,2.0,200,0.2,29.49,391,31.2,0.8036,53.76,-45.58,19,42.11,1.1719,5.89,1.98,0.3683,-47.87,47.56,95.14,27.25,2117,32.69,0.8527,92.28,-91.72,156,33.97,0.8042,28.19,-22.23,-0.0485,-64.09,69.49,92.63
rsi_low_vol,M5,14,70,30,cross,1.5,2.0,200,0.3,40.13,1915,32.9,0.8533,91.44,-89.49,489,31.9,0.7547,65.65,-62.56,-0.0986,-25.79,26.93,74.46,38.31,9660,33.35,0.8587,100.0,-100.0,2568,33.96,0.8101,98.55,-98.18,-0.0486,-1.45,1.82,73.42
rsi_low_vol,M5,14,80,30,touch,1.5,4.0,100,0.2,33.09,1021,21.16,0.9682,68.54,-38.66,142,26.76,1.2284,21.48,27.02,0.2602,-47.06,65.68,86.09,29.38,5326,20.43,0.9175,99.83,-99.27,793,20.68,0.8669,81.07,-67.62,-0.0506,-18.76,31.65,85.11
rsi_low_vol,M5,14,70,20,cross,1.5,4.0,100,0.2,33.09,1114,18.76,0.8307,89.89,-84.8,183,19.67,0.8339,34.1,-26.82,0.0032,-55.79,57.98,83.57,29.38,5564,19.61,0.8773,99.92,-99.92,818,19.93,0.8243,77.78,-77.6,-0.053,-22.14,22.32,85.3
rsi_low_vol,M5,14,70,30,touch,1.5,4.0,100,0.2,33.09,1914,20.74,0.9442,78.71,-73.08,343,21.57,0.9291,37.28,-25.15,-0.0151,-41.43,47.93,82.08,29.38,9660,20.99,0.9443,99.96,-99.87,1634,21.18,0.8908,89.42,-86.0,-0.0535,-10.54,13.87,83.08
rsi_low_vol,M5,14,80,30,touch,1.5,3.0,200,0.3,40.13,1021,26.44,0.954,55.58,-41.47,255,28.24,0.9648,28.06,-10.95,0.0108,-27.52,30.52,75.02,38.31,5326,25.97,0.9187,99.64,-98.72,1462,26.2,0.8618,90.41,-85.95,-0.0569,-9.23,12.77,72.55
rsi_low_vol,M5,14,80,20,touch,1.5,3.0,50,0.2,36.77,220,22.27,0.7629,46.73,-37.74,7,14.29,0.4321,5.39,-3.8,-0.3308,-41.34,33.94,96.82,36.46,1230,25.2,0.8937,77.45,-71.48,63,25.4,0.8329,19.01,-9.58,-0.0608,-58.44,61.9,94.88
rsi_low_vol,M5,14,80,30,touch,1.5,3.0,100,0.2,33.09,1021,26.44,0.954,55.58,-41.47,142,33.8,1.2505,15.15,28.2,0.2965,-40.43,69.67,86.09,29.38,5326,25.97,0.9187,99.64,-98.72,793,25.85,0.8575,76.12,-66.3,-0.0612,-23.52,32.42,85.11
rsi_low_vol,M5,21,70,30,cross,1.5,4.0,200,0.2,29.49,835,18.56,0.8282,88.5,-75.82,68,14.71,0.5704,35.39,-25.68,-0.2578,-53.11,50.14,91.86,27.25,3985,18.7,0.8454,99.84,-99.79,321,19.31,0.7837,53.0,-51.21,-0.0617,-46.84,48.58,91.94
rsi_low_vol,M5,14,70,30,touch,1.5,2.0,100,0.3,38.66,1914,34.95,0.9297,75.05,-68.52,451,37.69,0.9784,28.6,-11.04,0.0487,-46.45,57.48,76.44,35.03,9660,35.25,0.9296,99.8,-99.72,2132,35.27,0.8678,91.2,-90.25,-0.0618,-8.6,9.47,77.93
rsi_low_vol,M5,14,80,30,cross,1.5,3.0,200,0.3,40.13,1022,23.48,0.8198,87.51,-81.38,212,26.42,0.8846,28.86,-21.43,0.0648,-58.65,59.95,79.26,38.31,5326,24.63,0.8614,99.92,-99.9,1341,24.68,0.7996,94.03,-92.21,-0.0618,-5.89,7.69,74.82
rsi_low_vol,M5,14,80,20,touch,1.5,3.0,100,0.3,38.66,220,22.27,0.7629,46.73,-37.74,25,16.0,0.4721,15.99,-12.26,-0.2908,-30.74,25.48,88.64,35.03,1230,25.2,0.8937,77.45,-71.48,145,25.52,0.831,33.6,-20.95,-0.0627,-43.85,50.53,88.21
rsi_low_vol,M5,14,80,20,cross,1.5,4.0,100,0.2,33.09,221,17.19,0.747,57.67,-41.76,10,20.0,0.844,8.67,-1.59,0.097,-49.0,40.17,95.48,29.38,1230,18.62,0.858,84.45,-82.82,61,19.67,0.7938,18.96,-12.33,-0.0642,-65.49,70.49,95.04
rsi_low_vol,M5,14,70,20,touch,1.5,3.0,200,0.3,40.13,1113,24.98,0.8792,85.12,-71.97,349,23.21,0.7516,62.53,-55.48,-0.1276,-22.59,16.49,68.64,38.31,5564,27.07,0.9726,96.99,-87.71,1573,27.27,0.9081,90.97,-77.12,-0.0645,-6.02,10.59,71.73
rsi_low_vol,M5,21,80,30,touch,1.5,4.0,100,0.3,38.66,391,20.72,0.9466,52.24,-22.74,31,19.35,0.8268,11.25,-5.36,-0.1198,-40.99,17.38,92.07,35.03,2117,20.41,0.9357,92.79,-79.81,233,20.6,0.87,40.05,-27.57,-0.0657,-52.74,52.24,88.99
rsi_low_vol,M5,14,70,20,cross,1.5,3.0,100,0.3,38.66,1114,24.33,0.8564,86.25,-77.37,244,24.59,0.822,41.89,-33.41,-0.0344,-44.36,43.96,78.1,35.03,5564,25.04,0.8804,99.82,-99.82,1119,24.84,0.8139,86.25,-86.14,-0.0665,-13.57,13.68,79.89
rsi_low_vol,M5,14,70,20,cross,1.5,3.0,200,0.3,40.13,1114,24.33,0.8564,86.25,-77.37,315,21.9,0.7012,64.26,-58.53,-0.1552,-21.99,18.84,71.72,38.31,5564,25.04,0.8804,99.82,-99.82,1438,25.03,0.8118,92.77,-92.4,-0.0686,-7.05,7.42,74.16
rsi_low_vol,M5,14,70,30,touch,1.5,4.0,200,0.3,40.13,1914,20.74,0.9442,78.71,-73.08,554,20.94,0.8837,62.75,-50.29,-0.0605,-15.96,22.79,71.06,38.31,9660,20.99,0.9443,99.96,-99.87,2787,21.06,0.8752,98.73,-97.71,-0.0691,-1.23,2.16,71.15
rsi_low_vol,M5,21,70,30,cross,1.5,2.0,100,0.2,33.09,835,32.1,0.835,74.66,-66.6,52,36.54,0.9553,13.91,-2.18,0.1203,-60.75,64.42,93.77,29.38,3985,33.02,0.8624,98.9,-98.78,271,32.84,0.7928,43.38,-36.76,-0.0696,-55.52,62.02,93.2
rsi_low_vol,M5,14,70,30,touch,1.5,3.0,100,0.3,38.66,1914,26.07,0.9329,80.05,-73.65,451,27.27,0.9336,40.0,-27.42,0.0007,-40.05,46.23,76.44,35.03,9660,26.7,0.9528,99.78,-99.45,2132,26.41,0.8816,93.72,-91.61,-0.0712,-6.06,7.84,77.93
rsi_low_vol,M5,14,70,30,touch,1.5,4.0,200,0.2,29.49,1914,20.74,0.9442,78.71,-73.08,388,21.91,0.9263,44.04,-28.9,-0.0179,-34.67,44.18,79.73,27.25,9660,20.99,0.9443,99.96,-99.87,1818,21.23,0.8728,94.86,-91.97,-0.0715,-5.1,7.9,81.18
rsi_low_vol,M5,14,70,20,touch,1.5,3.0,50,0.2,36.77,1113,24.98,0.8792,85.12,-71.97,178,23.03,0.7581,43.83,-32.89,-0.1211,-41.29,39.08,84.01,36.46,5564,27.07,0.9726,96.99,-87.71,1003,26.52,0.901,74.67,-62.85,-0.0716,-22.32,24.86,81.97
rsi_low_vol,M5,14,70,30,touch,1.5,3.0,200,0.3,40.13,1914,26.07,0.9329,80.05,-73.65,554,25.81,0.8591,60.92,-52.78,-0.0738,-19.13,20.87,71.06,38.31,9660,26.7,0.9528,99.78,-99.45,2787,26.62,0.8795,98.15,-96.34,-0.0733,-1.63,3.11,71.15
rsi_low_vol,M5,14,70,20,cross,1.5,2.0,200,0.2,29.49,1114,33.21,0.8657,79.52,-70.03,199,31.66,0.7392,40.27,-34.71,-0.1265,-39.25,35.32,82.14,27.25,5564,33.64,0.8714,99.71,-99.7,920,34.02,0.7973,83.61,-78.58,-0.0741,-16.1,21.12,83.47
rsi_low_vol,M5,14,80,30,cross,1.5,4.0,200,0.3,40.13,1022,19.96,0.8951,82.64,-67.87,212,22.64,0.9745,22.96,-8.98,0.0794,-59.68,58.89,79.26,38.31,5326,19.08,0.8489,99.98,-99.97,1341,19.02,0.7748,96.73,-95.49,-0.0741,-3.25,4.48,74.82
rsi_low_vol,M5,14,70,30,cross,1.5,3.0,200,0.3,40.13,1915,24.39,0.8598,93.65,-91.76,489,23.93,0.7809,67.4,-63.42,-0.0789,-26.25,28.34,74.46,38.31,9660,24.86,0.8689,100.0,-100.0,2568,24.61,0.7947,99.42,-99.33,-0.0742,-0.58,0.67,73.42
rsi_low_vol,M5,21,70,30,cross,1.5,2.0,50,0.2,36.77,835,32.1,0.835,74.66,-66.6,41,29.27,0.7099,13.87,-9.18,-0.1251,-60.79,57.42,95.09,36.46,3985,33.02,0.8624,98.9,-98.78,349,32.09,0.7876,54.88,-45.17,-0.0748,-44.02,53.61,91.24
rsi_low_vol,M5,21,70,20,cross,1.5,3.0,100,0.2,33.09,475,24.63,0.8771,57.76,-42.18,37,24.32,0.8149,14.93,-6.17,-0.0622,-42.83,36.01,92.21,29.38,2161,24.99,0.8941,90.78,-88.79,149,24.83,0.8178,36.39,-22.7,-0.0763,-54.39,66.09,93.11
rsi_low_vol,M5,14,80,30,touch,1.5,4.0,200,0.3,40.13,1021,21.16,0.9682,68.54,-38.66,255,22.75,0.976,33.38,-10.43,0.0078,-35.16,28.23,75.02,38.31,5326,20.43,0.9175,99.83,-99.27,1462,20.38,0.841,95.08,-91.38,-0.0765,-4.75,7.89,72.55
rsi_low_vol,M5,14,70,30,touch,1.5,2.0,200,0.3,40.13,1914,34.95,0.9297,75.05,-68.52,554,35.38,0.877,49.95,-43.05,-0.0527,-25.1,25.47,71.06,38.31,9660,35.25,0.9296,99.8,-99.72,2787,35.2,0.8516,97.73,-96.7,-0.078,-2.07,3.02,71.15
rsi_low_vol,M5,21,80,30,touch,1.5,4.0,50,0.3,42.97,391,20.72,0.9466,52.24,-22.74,28,28.57,1.3964,10.31,8.49,0.4498,-41.93,31.23,92.84,42.75,2117,20.41,0.9357,92.79,-79.81,241,19.92,0.8576,51.95,-29.94,-0.0781,-40.84,49.87,88.62
rsi_low_vol,M5,14,70,20,cross,1.5,4.0,100,0.3,38.66,1114,18.76,0.8307,89.89,-84.8,244,18.03,0.7479,51.82,-45.96,-0.0828,-38.07,38.84,78.1,35.03,5564,19.61,0.8773,99.92,-99.92,1119,19.3,0.798,90.26,-90.19,-0.0793,-9.66,9.73,79.89
rsi_low_vol,M5,14,70,20,touch,1.5,2.0,50,0.2,36.77,1113,34.23,0.9008,74.22,-59.72,178,33.71,0.8397,32.23,-20.67,-0.0611,-41.99,39.05,84.01,36.46,5564,35.21,0.9299,96.82,-96.54,1003,34.4,0.8505,75.16,-70.69,-0.0794,-21.66,25.85,81.97
rsi_low_vol,M5,14,80,30,touch,1.5,2.0,100,0.2,33.09,1021,35.55,0.956,45.76,-34.44,142,43.66,1.2303,15.17,21.91,0.2743,-30.59,56.35,86.09,29.38,5326,35.13,0.9267,98.62,-96.47,793,34.68,0.8465,68.4,-63.13,-0.0802,-30.22,33.34,85.11
rsi_low_vol,M5,14,70,20,touch,1.5,2.0,200,0.3,40.13,1113,34.23,0.9008,74.22,-59.72,349,32.66,0.7839,51.32,-45.89,-0.1169,-22.9,13.83,68.64,38.31,5564,35.21,0.9299,96.82,-96.54,1573,35.16,0.849,91.79,-85.91,-0.0809,-5.03,10.63,71.73
rsi_low_vol,M5,14,70,20,cross,1.5,3.0,200,0.2,29.49,1114,24.33,0.8564,86.25,-77.37,199,24.12,0.7828,43.3,-33.36,-0.0736,-42.95,44.01,82.14,27.25,5564,25.04,0.8804,99.82,-99.82,920,25.0,0.7983,85.52,-83.05,-0.0821,-14.3,16.77,83.47
rsi_low_vol,M5,14,70,30,touch,1.5,2.0,200,0.2,29.49,1914,34.95,0.9297,75.05,-68.52,388,37.11,0.9331,33.69,-20.54,0.0034,-41.36,47.98,79.73,27.25,9660,35.25,0.9296,99.8,-99.72,1818,35.42,0.8461,93.16,-90.12,-0.0835,-6.64,9.6,81.18
rsi_low_vol,M5,21,70,30,cross,1.5,4.0,200,0.3,40.13,835,18.56,0.8282,88.5,-75.82,129,11.63,0.4444,56.29,-52.12,-0.3838,-32.21,23.7,84.55,38.31,3985,18.7,0.8454,99.84,-99.79,650,18.62,0.7614,80.71,-79.36,-0.084,-19.13,20.43,83.69
rsi_low_vol,M5,21,70,20,cross,1.5,4.0,100,0.3,38.66,475,17.89,0.7948,72.06,-61.47,56,10.71,0.4048,34.11,-29.09,-0.39,-37.95,32.38,88.21,35.03,2161,19.11,0.8752,94.97,-93.69,229,18.78,0.7907,47.43,-38.62,-0.0845,-47.54,55.07,89.4
rsi_low_vol,M5,21,70,20,cross,1.5,4.0,200,0.2,29.49,475,17.89,0.7948,72.06,-61.47,50,14.0,0.5388,28.37,-21.04,-0.256,-43.69,40.43,89.47,27.25,2161,19.11,0.8752,94.97,-93.69,170,19.41,0.7889,39.05,-31.03,-0.0863,-55.92,62.66,92.13
rsi_low_vol,M5,21,80,20,touch,1.5,2.0,100,0.3,38.66,31,54.84,2.1663,5.27,18.7,1,0.0,0.0,1.09,-1.09,-2.1663,-4.18,-19.79,96.77,35.03,293,28.33,0.716,54.7,-48.45,7,28.57,0.6288,3.95,-2.17,-0.0872,-50.75,46.28,97.61
rsi_low_vol,M5,14,70,20,touch,1.5,4.0,100,0.3,38.66,1113,19.32,0.8626,86.8,-79.06,287,18.12,0.7485,57.51,-51.59,-0.1141,-29.29,27.47,74.21,35.03,5564,21.19,0.9557,97.25,-96.25,1216,20.72,0.8679,83.0,-82.13,-0.0878,-14.25,14.12,78.15
rsi_low_vol,M5,14,70,30,touch,1.5,3.0,100,0.2,33.09,1914,26.07,0.9329,80.05,-73.65,343,27.11,0.924,36.24,-23.79,-0.0089,-43.81,49.86,82.08,29.38,9660,26.7,0.9528,99.78,-99.45,1634,26.07,0.8649,90.5,-88.24,-0.0879,-9.28,11.21,83.08
rsi_low_vol,M5,14,70,20,touch,1.5,3.0,100,0.2,33.09,1113,24.98,0.8792,85.12,-71.97,214,21.96,0.7039,47.71,-44.76,-0.1753,-37.41,27.21,80.77,29.38,5564,27.07,0.9726,96.99,-87.71,926,26.57,0.8835,77.86,-65.52,-0.0891,-19.13,22.19,83.36
rsi_low_vol,M5,14,70,20,cross,1.5,4.0,200,0.3,40.13,1114,18.76,0.8307,89.89,-84.8,315,16.83,0.6828,67.14,-63.29,-0.1479,-22.75,21.51,71.72,38.31,5564,19.61,0.8773,99.92,-99.92,1438,19.33,0.7881,95.8,-95.67,-0.0892,-4.12,4.25,74.16
rsi_low_vol,M5,14,70,30,cross,1.5,4.0,200,0.3,40.13,1915,19.58,0.8747,94.09,-91.61,489,19.22,0.7982,69.29,-63.52,-0.0765,-24.8,28.09,74.46,38.31,9660,19.44,0.864,100.0,-100.0,2568,19.04,0.7745,99.75,-99.74,-0.0895,-0.25,0.26,73.42
rsi_low_vol,M5,21,70,30,touch,1.5,4.0,100,0.2,33.09,835,21.2,0.9741,65.65,-29.97,66,15.15,0.6045,27.16,-23.2,-0.3696,-38.49,6.77,92.1,29.38,3984,20.28,0.9276,98.07,-96.28,315,20.0,0.838,54.91,-41.18,-0.0896,-43.16,55.1,92.09
rsi_low_vol,M5,14,70,20,touch,1.5,2.0,100,0.3,38.66,1113,34.23,0.9008,74.22,-59.72,287,33.1,0.8066,40.21,-36.31,-0.0942,-34.01,23.41,74.21,35.03,5564,35.21,0.9299,96.82,-96.54,1216,34.54,0.8375,86.04,-80.29,-0.0924,-10.78,16.25,78.15
rsi_low_vol,M5,14,70,30,touch,1.5,3.0,200,0.2,29.49,1914,26.07,0.9329,80.05,-73.65,388,25.52,0.8362,53.2,-45.56,-0.0967,-26.85,28.09,79.73,27.25,9660,26.7,0.9528,99.78,-99.45,1818,26.46,0.8599,94.83,-91.69,-0.0929,-4.95,7.76,81.18
rsi_low_vol,M5,21,70,30,touch,1.5,2.0,200,0.3,40.13,835,36.41,1.0089,54.25,-3.47,154,31.17,0.7362,36.24,-28.41,-0.2727,-18.01,-24.94,81.56,38.31,3984,35.87,0.9727,80.87,-69.11,732,35.66,0.8796,60.88,-51.97,-0.0931,-19.99,17.14,81.63
rsi_low_vol,M5,21,80,30,cross,1.5,3.0,50,0.2,36.77,391,22.76,0.7942,66.88,-51.58,14,21.43,0.7046,7.0,-3.73,-0.0896,-59.88,47.85,96.42,36.46,2117,24.0,0.8475,95.52,-94.88,163,22.7,0.7535,38.63,-31.02,-0.094,-56.89,63.86,92.3
rsi_low_vol,M5,21,70,20,cross,1.5,2.0,50,0.3,42.97,475,33.26,0.8788,48.14,-37.21,48,25.0,0.5687,20.41,-16.17,-0.3101,-27.73,21.04,89.89,42.75,2161,33.27,0.8735,90.48,-88.99,242,31.82,0.7787,48.87,-35.19,-0.0948,-41.61,53.8,88.8
rsi_low_vol,M5,21,80,30,cross,1.5,3.0,50,0.3,42.97,391,22.76,0.7942,66.88,-51.58,21,23.81,0.8242,8.35,-3.33,0.03,-58.53,48.25,94.63,42.75,2117,24.0,0.8475,95.52,-94.88,230,22.61,0.7525,47.71,-40.92,-0.095,-47.81,53.96,89.14
rsi_low_vol,M5,21,70,30,touch,1.5,2.0,50,0.2,36.77,835,36.41,1.0089,54.25,-3.47,48,31.25,0.767,14.18,-8.71,-0.2419,-40.07,-5.24,94.25,36.46,3984,35.87,0.9727,80.87,-69.11,362,34.53,0.8746,49.09,-31.07,-0.0981,-31.78,38.04,90.91
rsi_low_vol,M5,14,70,20,cross,1.5,4.0,200,0.2,29.49,1114,18.76,0.8307,89.89,-84.8,199,20.1,0.8376,41.37,-28.55,0.0069,-48.52,56.25,82.14,27.25,5564,19.61,0.8773,99.92,-99.92,920,19.35,0.7781,88.98,-87.94,-0.0992,-10.94,11.98,83.47
rsi_low_vol,M5,21,70,30,cross,1.5,3.0,50,0.3,42.97,835,23.83,0.8411,83.25,-70.32,69,18.84,0.6072,29.07,-22.25,-0.2339,-54.18,48.07,91.74,42.75,3985,24.37,0.8621,99.51,-99.4,467,22.91,0.7627,72.14,-64.15,-0.0994,-27.37,35.25,88.28
rsi_low_vol,M5,21,80,30,touch,1.5,3.0,50,0.2,36.77,391,26.34,0.965,38.77,-15.57,19,36.84,1.4989,3.62,6.6,0.5339,-35.15,22.17,95.14,36.46,2117,26.07,0.9392,87.89,-74.4,166,24.7,0.8388,36.03,-22.17,-0.1004,-51.86,52.23,92.16
rsi_low_vol,M5,21,70,20,cross,1.5,4.0,100,0.2,33.09,475,17.89,0.7948,72.06,-61.47,37,13.51,0.5323,24.47,-15.96,-0.2625,-47.59,45.51,92.21,29.38,2161,19.11,0.8752,94.97,-93.69,149,18.79,0.7739,41.06,-29.07,-0.1013,-53.91,64.62,93.11
rsi_low_vol,M5,14,70,20,touch,1.5,2.0,100,0.2,33.09,1113,34.23,0.9008,74.22,-59.72,214,31.31,0.7412,38.14,-36.54,-0.1596,-36.08,23.18,80.77,29.38,5564,35.21,0.9299,96.82,-96.54,926,34.34,0.827,81.09,-73.17,-0.1029,-15.73,23.37,83.36
rsi_low_vol,M5,21,70,20,touch,1.5,2.0,200,0.3,40.13,475,38.32,1.0896,19.83,26.57,106,36.79,0.9471,16.93,-5.01,-0.1425,-2.9,-31.58,77.68,38.31,2160,35.74,0.9696,72.74,-49.55,400,35.25,0.866,43.31,-35.78,-0.1036,-29.43,13.77,81.48
rsi_low_vol,M5,21,80,30,cross,1.5,3.0,100,0.3,38.66,391,22.76,0.7942,66.88,-51.58,21,23.81,0.8051,9.44,-3.72,0.0109,-57.44,47.86,94.63,35.03,2117,24.0,0.8475,95.52,-94.88,197,22.84,0.7434,43.44,-37.54,-0.1041,-52.08,57.34,90.69
rsi_low_vol,M5,14,70,30,touch,1.5,2.0,100,0.2,33.09,1914,34.95,0.9297,75.05,-68.52,343,36.73,0.9365,32.19,-17.61,0.0068,-42.86,50.91,82.08,29.38,9660,35.25,0.9296,99.8,-99.72,1634,34.15,0.8241,91.61,-90.52,-0.1055,-8.19,9.2,83.08
rsi_low_vol,M5,21,70,20,cross,1.5,3.0,50,0.3,42.97,475,24.63,0.8771,57.76,-42.18,48,16.67,0.5212,23.14,-19.57,-0.3559,-34.62,22.61,89.89,42.75,2161,24.99,0.8941,90.78,-88.79,242,23.55,0.7885,48.88,-37.8,-0.1056,-41.9,50.99,88.8
rsi_low_vol,M5,21,70,30,cross,1.5,3.0,100,0.2,33.09,835,23.83,0.8411,83.25,-70.32,52,21.15,0.6816,20.85,-14.24,-0.1595,-62.4,56.08,93.77,29.38,3985,24.37,0.8621,99.51,-99.4,271,23.25,0.7557,56.71,-46.2,-0.1064,-42.8,53.2,93.2
rsi_low_vol,M5,21,80,30,cross,1.5,4.0,50,0.3,42.97,391,19.44,0.8733,65.21,-39.68,21,19.05,0.8343,11.19,-3.42,-0.039,-54.02,36.26,94.63,42.75,2117,18.52,0.839,96.78,-96.64,230,17.39,0.7306,51.04,-45.95,-0.1084,-45.74,50.69,89.14
rsi_low_vol,M5,21,70,20,cross,1.5,4.0,50,0.3,42.97,475,17.89,0.7948,72.06,-61.47,48,6.25,0.2333,34.41,-32.09,-0.5615,-37.65,29.38,89.89,42.75,2161,19.11,0.8752,94.97,-93.69,242,18.18,0.7665,49.88,-43.15,-0.1087,-45.09,50.54,88.8
rsi_low_vol,M5,21,70,30,cross,1.5,4.0,50,0.3,42.97,835,18.56,0.8282,88.5,-75.82,69,10.14,0.3967,39.54,-34.42,-0.4315,-48.96,41.4,91.74,42.75,3985,18.7,0.8454,99.84,-99.79,467,17.56,0.7365,75.52,-70.6,-0.1089,-24.32,29.19,88.28
rsi_low_vol,M5,21,70,30,touch,1.5,4.0,200,0.3,40.13,835,21.2,0.9741,65.65,-29.97,154,14.94,0.5913,52.84,-46.96,-0.3828,-12.81,-16.99,81.56,38.31,3984,20.28,0.9276,98.07,-96.28,732,19.81,0.8181,81.78,-74.88,-0.1095,-16.29,21.4,81.63
rsi_low_vol,M5,21,80,30,touch,1.5,3.0,50,0.3,42.97,391,26.34,0.965,38.77,-15.57,28,32.14,1.2291,6.69,4.48,0.2641,-32.08,20.05,92.84,42.75,2117,26.07,0.9392,87.89,-74.4,241,24.48,0.8295,49.19,-31.88,-0.1097,-38.7,42.52,88.62
rsi_low_vol,M5,14,70,20,touch,1.5,4.0,200,0.2,29.49,1113,19.32,0.8626,86.8,-79.06,253,18.18,0.7384,58.25,-48.84,-0.1242,-28.55,30.22,77.27,27.25,5564,21.19,0.9557,97.25,-96.25,1048,20.71,0.8445,88.25,-82.38,-0.1112,-9.0,13.87,81.16
rsi_low_vol,M5,21,70,30,cross,1.5,3.0,50,0.2,36.77,835,23.83,0.8411,83.25,-70.32,41,14.63,0.4479,21.49,-19.5,-0.3932,-61.76,50.82,95.09,36.46,3985,24.37,0.8621,99.51,-99.4,349,22.64,0.7479,63.83,-55.76,-0.1142,-35.68,43.64,91.24
rsi_low_vol,M5,21,70,30,cross,1.5,4.0,100,0.3,38.66,835,18.56,0.8282,88.5,-75.82,77,11.69,0.4497,39.67,-35.07,-0.3785,-48.83,40.75,90.78,35.03,3985,18.7,0.8454,99.84,-99.79,420,17.62,0.7287,73.73,-68.21,-0.1167,-26.11,31.58,89.46
rsi_low_vol,M5,21,70,20,touch,1.5,2.0,200,0.2,29.49,475,38.32,1.0896,19.83,26.57,61,37.7,0.9534,14.97,-2.67,-0.1362,-4.86,-29.24,87.16,27.25,2160,35.74,0.9696,72.74,-49.55,218,35.32,0.8505,30.15,-23.65,-0.1191,-42.59,25.9,89.91
rsi_low_vol,M5,21,80,30,cross,1.5,4.0,50,0.2,36.77,391,19.44,0.8733,65.21,-39.68,14,21.43,0.9498,6.32,-0.9,0.0765,-58.89,38.78,96.42,36.46,2117,18.52,0.839,96.78,-96.64,163,17.18,0.7172,43.63,-36.71,-0.1218,-53.15,59.93,92.3
rsi_low_vol,M5,14,70,20,touch,1.5,3.0,100,0.3,38.66,1113,24.98,0.8792,85.12,-71.97,287,23.0,0.7484,53.01,-48.99,-0.1308,-32.11,22.98,74.21,35.03,5564,27.07,0.9726,96.99,-87.71,1216,25.74,0.8491,87.86,-82.88,-0.1235,-9.13,4.83,78.15
rsi_low_vol,M5,21,70,30,touch,1.5,3.0,200,0.3,40.13,835,27.19,1.0017,55.3,-11.24,154,20.13,0.6294,49.67,-41.69,-0.3723,-5.63,-30.45,81.56,38.31,3984,26.38,0.9532,93.91,-87.94,732,25.27,0.8284,78.05,-69.82,-0.1248,-15.86,18.12,81.63
rsi_low_vol,M5,21,70,20,cross,1.5,3.0,50,0.2,36.77,475,24.63,0.8771,57.76,-42.18,27,11.11,0.3281,17.65,-16.38,-0.549,-40.11,25.8,94.32,36.46,2161,24.99,0.8941,90.78,-88.79,190,23.16,0.7686,43.49,-33.55,-0.1255,-47.29,55.24,91.21
rsi_low_vol,M5,21,70,20,cross,1.5,4.0,50,0.2,36.77,475,17.89,0.7948,72.06,-61.47,27,7.41,0.2808,20.59,-18.06,-0.514,-51.47,43.41,94.32,36.46,2161,19.11,0.8752,94.97,-93.69,190,17.89,0.7492,45.81,-37.9,-0.126,-49.16,55.79,91.21
rsi_low_vol,M5,21,70,30,cross,1.5,4.0,50,0.2,36.77,835,18.56,0.8282,88.5,-75.82,41,12.2,0.4879,23.07,-18.8,-0.3403,-65.43,57.02,95.09,36.46,3985,18.7,0.8454,99.84,-99.79,349,17.19,0.7152,69.81,-62.79,-0.1302,-30.03,37.0,91.24
rsi_low_vol,M5,14,70,20,touch,1.5,2.0,200,0.2,29.49,1113,34.23,0.9008,74.22,-59.72,253,32.41,0.7646,44.3,-38.65,-0.1362,-29.92,21.07,77.27,27.25,5564,35.21,0.9299,96.82,-96.54,1048,34.16,0.799,88.58,-82.45,-0.1309,-8.24,14.09,81.16
rsi_low_vol,M5,21,70,30,touch,1.5,4.0,100,0.3,38.66,835,21.2,0.9741,65.65,-29.97,95,16.84,0.6846,32.1,-25.94,-0.2895,-33.55,4.03,88.62,35.03,3984,20.28,0.9276,98.07,-96.28,485,19.18,0.7944,71.12,-63.92,-0.1332,-26.95,32.36,87.83
rsi_low_vol,M5,21,70,20,cross,1.5,2.0,100,0.2,33.09,475,33.26,0.8788,48.14,-37.21,37,35.14,0.8956,11.99,-3.16,0.0168,-36.15,34.05,92.21,29.38,2161,33.27,0.8735,90.48,-88.99,149,31.54,0.7401,35.99,-27.38,-0.1334,-54.49,61.61,93.11
rsi_low_vol,M5,21,70,30,touch,1.5,2.0,100,0.3,38.66,835,36.41,1.0089,54.25,-3.47,95,36.84,0.9514,9.91,-4.28,-0.0575,-44.34,-0.81,88.62,35.03,3984,35.87,0.9727,80.87,-69.11,485,34.23,0.8376,53.72,-47.56,-0.1351,-27.15,21.55,87.83
rsi_low_vol,M5,14,80,20,cross,1.5,4.0,100,0.3,38.66,221,17.19,0.747,57.67,-41.76,16,12.5,0.4781,13.78,-8.18,-0.2689,-43.89,33.58,92.76,35.03,1230,18.62,0.858,84.45,-82.82,117,17.95,0.7224,35.91,-28.29,-0.1356,-48.54,54.53,90.49
rsi_low_vol,M5,21,70,30,touch,1.5,2.0,50,0.3,42.97,835,36.41,1.0089,54.25,-3.47,78,34.62,0.8946,20.93,-6.59,-0.1143,-33.32,-3.12,90.66,42.75,3984,35.87,0.9727,80.87,-69.11,493,33.47,0.837,58.73,-47.92,-0.1357,-22.14,21.19,87.63
rsi_low_vol,M5,21,80,30,touch,1.5,3.0,200,0.2,29.49,391,26.34,0.965,38.77,-15.57,28,17.86,0.5423,12.26,-11.69,-0.4227,-26.51,3.88,92.84,27.25,2117,26.07,0.9392,87.89,-74.4,200,25.0,0.8031,41.78,-31.38,-0.1361,-46.11,43.02,90.55
rsi_low_vol,M5,21,70,20,touch,1.5,4.0,100,0.2,33.09,475,21.68,1.0024,41.95,-8.56,45,15.56,0.6192,21.51,-15.9,-0.3832,-20.44,-7.34,90.53,29.38,2160,20.19,0.9282,89.44,-82.92,178,19.1,0.7882,36.81,-31.96,-0.14,-52.63,50.96,91.76
rsi_low_vol,M5,14,70,20,touch,1.5,3.0,200,0.2,29.49,1113,24.98,0.8792,85.12,-71.97,253,21.34,0.6666,60.23,-54.97,-0.2126,-24.89,17.0,77.27,27.25,5564,27.07,0.9726,96.99,-87.71,1048,25.86,0.8325,90.14,-81.61,-0.1401,-6.85,6.1,81.16
rsi_low_vol,M5,21,70,20,cross,1.5,2.0,50,0.2,36.77,475,33.26,0.8788,48.14,-37.21,27,18.52,0.392,14.95,-13.8,-0.4868,-33.19,23.41,94.32,36.46,2161,33.27,0.8735,90.48,-88.99,190,30.53,0.7302,44.98,-34.29,-0.1433,-45.5,54.7,91.21
rsi_low_vol,M5,21,80,30,touch,1.5,4.0,200,0.2,29.49,391,20.72,0.9466,52.24,-22.74,28,10.71,0.4017,17.03,-16.02,-0.5449,-35.21,6.72,92.84,27.25,2117,20.41,0.9357,92.79,-79.81,200,19.5,0.79,44.56,-35.31,-0.1457,-48.23,44.5,90.55
rsi_low_vol,M5,21,70,20,cross,1.5,4.0,200,0.3,40.13,475,17.89,0.7948,72.06,-61.47,88,11.36,0.4327,42.45,-40.31,-0.3621,-29.61,21.16,81.47,38.31,2161,19.11,0.8752,94.97,-93.69,351,17.95,0.7283,62.69,-61.97,-0.1469,-32.28,31.72,83.76
rsi_low_vol,M5,21,70,20,touch,1.5,3.0,200,0.3,40.13,475,28.63,1.0721,32.8,20.83,106,25.47,0.855,27.87,-13.61,-0.2171,-4.93,-34.44,77.68,38.31,2160,26.34,0.9546,83.66,-67.38,400,24.75,0.8072,58.55,-51.88,-0.1474,-25.11,15.5,81.48
rsi_low_vol,M5,14,80,20,cross,1.5,4.0,200,0.2,29.49,221,17.19,0.747,57.67,-41.76,21,23.81,1.0448,9.56,0.36,0.2978,-48.11,42.12,90.5,27.25,1230,18.62,0.858,84.45,-82.82,106,17.92,0.7084,35.42,-27.25,-0.1496,-49.03,55.57,91.38
rsi_low_vol,M5,21,70,20,touch,1.5,4.0,200,0.2,29.49,475,21.68,1.0024,41.95,-8.56,61,19.67,0.8051,20.19,-11.52,-0.1973,-21.76,-2.96,87.16,27.25,2160,20.19,0.9282,89.44,-82.92,218,19.27,0.7785,45.44,-39.32,-0.1497,-44.0,43.6,89.91
rsi_low_vol,M5,21,80,30,touch,1.5,3.0,100,0.3,38.66,391,26.34,0.965,38.77,-15.57,31,29.03,1.0438,6.7,0.58,0.0788,-32.07,16.15,92.07,35.03,2117,26.07,0.9392,87.89,-74.4,233,24.03,0.7852,45.61,-37.48,-0.154,-42.28,36.92,88.99
rsi_low_vol,M5,21,70,30,cross,1.5,4.0,100,0.2,33.09,835,18.56,0.8282,88.5,-75.82,52,13.46,0.5318,29.19,-21.69,-0.2964,-59.31,54.13,93.77,29.38,3985,18.7,0.8454,99.84,-99.79,271,16.97,0.6889,62.48,-57.23,-0.1565,-37.36,42.56,93.2
rsi_low_vol,M5,21,70,30,touch,1.5,4.0,50,0.3,42.97,835,21.2,0.9741,65.65,-29.97,78,17.95,0.7621,29.69,-16.85,-0.212,-35.96,13.12,90.66,42.75,3984,20.28,0.9276,98.07,-96.28,493,18.26,0.768,81.68,-68.15,-0.1596,-16.39,28.13,87.63
rsi_low_vol,M5,21,70,30,touch,1.5,4.0,200,0.2,29.49,835,21.2,0.9741,65.65,-29.97,87,16.09,0.6329,34.15,-27.67,-0.3412,-31.5,2.3,89.58,27.25,3984,20.28,0.9276,98.07,-96.28,410,19.02,0.7664,67.82,-62.78,-0.1612,-30.25,33.5,89.71
rsi_low_vol,M5,21,70,20,touch,1.5,4.0,200,0.3,40.13,475,21.68,1.0024,41.95,-8.56,106,18.87,0.7849,32.2,-20.58,-0.2175,-9.75,-12.02,77.68,38.31,2160,20.19,0.9282,89.44,-82.92,400,18.75,0.7656,66.43,-61.62,-0.1626,-23.01,21.3,81.48
rsi_low_vol,M5,21,80,30,touch,1.5,3.0,100,0.2,33.09,391,26.34,0.965,38.77,-15.57,21,23.81,0.796,8.13,-3.97,-0.169,-30.64,11.6,94.63,29.38,2117,26.07,0.9392,87.89,-74.4,139,23.74,0.7763,38.87,-25.29,-0.1629,-49.02,49.11,93.43
rsi_low_vol,M5,21,70,30,touch,1.5,3.0,200,0.2,29.49,835,27.19,1.0017,55.3,-11.24,87,21.84,0.6828,29.9,-22.98,-0.3189,-25.4,-11.74,89.58,27.25,3984,26.38,0.9532,93.91,-87.94,410,24.39,0.7774,64.97,-58.12,-0.1758,-28.94,29.82,89.71
rsi_low_vol,M5,14,80,20,touch,1.5,4.0,50,0.2,36.77,220,15.45,0.6538,62.51,-52.27,7,14.29,0.5818,5.39,-2.86,-0.072,-57.12,49.41,96.82,36.46,1230,19.43,0.8795,82.14,-78.52,63,17.46,0.7004,22.27,-17.52,-0.1791,-59.87,61.0,94.88
rsi_low_vol,M5,21,70,20,touch,1.5,3.0,200,0.2,29.49,475,28.63,1.0721,32.8,20.83,61,24.59,0.7923,21.72,-11.27,-0.2798,-11.08,-32.1,87.16,27.25,2160,26.34,0.9546,83.66,-67.38,218,24.31,0.7742,44.96,-37.48,-0.1804,-38.7,29.9,89.91
rsi_low_vol,M5,21,80,30,cross,1.5,4.0,100,0.3,38.66,391,19.44,0.8733,65.21,-39.68,21,14.29,0.5763,12.01,-8.44,-0.297,-53.2,31.24,94.63,35.03,2117,18.52,0.839,96.78,-96.64,197,16.24,0.6572,51.52,-49.17,-0.1818,-45.26,47.47,90.69
rsi_low_vol,M5,21,70,30,touch,1.5,2.0,200,0.2,29.49,835,36.41,1.0089,54.25,-3.47,87,33.33,0.7933,22.04,-13.75,-0.2156,-32.21,-10.28,89.58,27.25,3984,35.87,0.9727,80.87,-69.11,410,33.66,0.7905,56.28,-50.9,-0.1822,-24.59,18.21,89.71
rsi_low_vol,M5,21,80,30,touch,1.5,2.0,200,0.2,29.49,391,35.55,0.9783,43.36,-9.47,28,25.0,0.541,13.01,-10.72,-0.4373,-30.35,-1.25,92.84,27.25,2117,34.96,0.9378,82.09,-68.43,200,32.5,0.7501,40.94,-34.08,-0.1877,-41.15,34.35,90.55
rsi_low_vol,M5,21,70,30,touch,1.5,4.0,50,0.2,36.77,835,21.2,0.9741,65.65,-29.97,48,16.67,0.6951,20.94,-13.48,-0.279,-44.71,16.49,94.25,36.46,3984,20.28,0.9276,98.07,-96.28,362,17.68,0.7365,74.15,-61.36,-0.1911,-23.92,34.92,90.91
rsi_low_vol,M5,21,80,30,cross,1.5,3.0,100,0.2,33.09,391,22.76,0.7942,66.88,-51.58,15,13.33,0.3931,10.15,-8.6,-0.4011,-56.73,42.98,96.16,29.38,2117,24.0,0.8475,95.52,-94.88,126,20.63,0.6547,37.94,-33.52,-0.1928,-57.58,61.36,94.05
rsi_low_vol,M5,21,70,20,touch,1.5,2.0,50,0.2,36.77,475,38.32,1.0896,19.83,26.57,29,17.24,0.3518,16.84,-16.17,-0.7378,-2.99,-42.74,93.89,36.46,2160,35.74,0.9696,72.74,-49.55,197,31.98,0.7759,41.2,-30.19,-0.1937,-31.54,19.36,90.88
rsi_low_vol,M5,21,70,30,touch,1.5,2.0,100,0.2,33.09,835,36.41,1.0089,54.25,-3.47,66,33.33,0.8164,15.12,-9.49,-0.1925,-39.13,-6.02,92.1,29.38,3984,35.87,0.9727,80.87,-69.11,315,32.38,0.7716,50.15,-44.56,-0.2011,-30.72,24.55,92.09
rsi_low_vol,M5,21,70,20,touch,1.5,4.0,100,0.3,38.66,475,21.68,1.0024,41.95,-8.56,65,15.38,0.6085,28.73,-22.6,-0.3939,-13.22,-14.04,86.32,35.03,2160,20.19,0.9282,89.44,-82.92,259,17.76,0.7223,57.01,-51.77,-0.2059,-32.43,31.15,88.01
rsi_low_vol,M5,21,70,30,touch,1.5,3.0,100,0.3,38.66,835,27.19,1.0017,55.3,-11.24,95,26.32,0.8958,15.84,-9.37,-0.1059,-39.46,1.87,88.62,35.03,3984,26.38,0.9532,93.91,-87.94,485,23.09,0.7444,74.78,-68.83,-0.2088,-19.13,19.11,87.83
rsi_low_vol,M5,21,70,20,touch,1.5,2.0,100,0.3,38.66,475,38.32,1.0896,19.83,26.57,65,33.85,0.8275,11.89,-8.8,-0.2621,-7.94,-35.37,86.32,35.03,2160,35.74,0.9696,72.74,-49.55,259,32.05,0.7575,45.47,-40.4,-0.2121,-27.27,9.15,88.01
rsi_low_vol,M5,21,70,30,touch,1.5,3.0,50,0.3,42.97,835,27.19,1.0017,55.3,-11.24,78,21.79,0.7213,25.68,-18.21,-0.2804,-29.62,-6.97,90.66,42.75,3984,26.38,0.9532,93.91,-87.94,493,22.31,0.733,79.89,-70.53,-0.2202,-14.02,17.41,87.63
rsi_low_vol,M5,21,70,20,touch,1.5,2.0,50,0.3,42.97,475,38.32,1.0896,19.83,26.57,50,28.0,0.6555,18.33,-13.38,-0.4341,-1.5,-39.95,89.47,42.75,2160,35.74,0.9696,72.74,-49.55,255,30.98,0.7443,51.0,-41.31,-0.2253,-21.74,8.24,88.19
rsi_low_vol,M5,21,70,20,touch,1.5,4.0,50,0.3,42.97,475,21.68,1.0024,41.95,-8.56,50,12.0,0.4734,26.76,-23.36,-0.529,-15.19,-14.8,89.47,42.75,2160,20.19,0.9282,89.44,-82.92,255,16.86,0.696,62.75,-53.84,-0.2322,-26.69,29.08,88.19
rsi_low_vol,M5,21,70,30,touch,1.5,3.0,50,0.2,36.77,835,27.19,1.0017,55.3,-11.24,48,20.83,0.6795,17.67,-13.31,-0.3222,-37.63,-2.07,94.25,36.46,3984,26.38,0.9532,93.91,-87.94,362,21.55,0.6989,72.76,-63.76,-0.2543,-21.15,24.18,90.91
rsi_low_vol,M5,21,70,20,touch,1.5,3.0,100,0.3,38.66,475,28.63,1.0721,32.8,20.83,65,24.62,0.8124,17.81,-10.87,-0.2597,-14.99,-31.7,86.32,35.03,2160,26.34,0.9546,83.66,-67.38,259,22.01,0.6988,58.01,-52.19,-0.2558,-25.65,15.19,88.01
rsi_low_vol,M5,21,70,30,touch,1.5,3.0,100,0.2,33.09,835,27.19,1.0017,55.3,-11.24,66,19.7,0.6161,24.09,-21.47,-0.3856,-31.21,-10.23,92.1,29.38,3984,26.38,0.9532,93.91,-87.94,315,21.9,0.6961,66.67,-59.44,-0.2571,-27.24,28.5,92.09
rsi_low_vol,M5,21,70,20,touch,1.5,2.0,100,0.2,33.09,475,38.32,1.0896,19.83,26.57,45,28.89,0.6584,16.37,-12.19,-0.4312,-3.46,-38.76,90.53,29.38,2160,35.74,0.9696,72.74,-49.55,178,30.34,0.6975,38.08,-36.13,-0.2721,-34.66,13.42,91.76
rsi_low_vol,M5,21,80,30,cross,1.5,4.0,100,0.2,33.09,391,19.44,0.8733,65.21,-39.68,15,13.33,0.5305,9.63,-6.82,-0.3428,-55.58,32.86,96.16,29.38,2117,18.52,0.839,96.78,-96.64,126,14.29,0.5667,44.53,-42.39,-0.2723,-52.25,54.25,94.05
rsi_low_vol,M5,21,70,20,touch,1.5,4.0,50,0.2,36.77,475,21.68,1.0024,41.95,-8.56,29,6.9,0.2548,21.3,-20.31,-0.7476,-20.65,-11.75,93.89,36.46,2160,20.19,0.9282,89.44,-82.92,197,15.74,0.6383,60.01,-50.99,-0.2899,-29.43,31.93,90.88
rsi_low_vol,M5,21,70,20,touch,1.5,3.0,50,0.3,42.97,475,28.63,1.0721,32.8,20.83,50,16.0,0.4916,23.14,-21.72,-0.5805,-9.66,-42.55,89.47,42.75,2160,26.34,0.9546,83.66,-67.38,255,20.39,0.6524,63.08,-56.49,-0.3022,-20.58,10.89,88.19
rsi_low_vol,M5,21,70,20,touch,1.5,3.0,100,0.2,33.09,475,28.63,1.0721,32.8,20.83,45,17.78,0.5384,20.58,-18.23,-0.5337,-12.22,-39.06,90.53,29.38,2160,26.34,0.9546,83.66,-67.38,178,20.79,0.6485,47.62,-44.85,-0.3061,-36.04,22.53,91.76
rsi_low_vol,M5,21,80,20,cross,1.5,4.0,100,0.3,38.66,31,19.35,0.8731,9.01,-3.91,0,0.0,0.0,0.0,0.0,-0.8731,-9.01,3.91,100.0,35.03,293,20.48,1.0296,44.3,1.2,6,16.67,0.6848,3.36,-1.88,-0.3448,-40.94,-3.08,97.95
rsi_low_vol,M5,21,70,20,touch,1.5,3.0,50,0.2,36.77,475,28.63,1.0721,32.8,20.83,29,10.34,0.2967,18.91,-18.68,-0.7754,-13.89,-39.51,93.89,36.46,2160,26.34,0.9546,83.66,-67.38,197,19.29,0.6063,58.31,-52.08,-0.3483,-25.35,15.3,90.88
rsi_low_vol,M5,21,80,20,touch,1.5,4.0,100,0.3,38.66,31,22.58,1.0596,9.26,0.88,1,0.0,0.0,1.09,-1.09,-1.0596,-8.17,-1.97,96.77,35.03,293,20.48,0.9933,35.89,-7.31,7,14.29,0.5519,6.78,-3.19,-0.4414,-29.11,4.12,97.61
rsi_low_vol,M5,21,80,20,touch,1.5,3.0,100,0.3,38.66,31,38.71,1.7157,5.27,14.94,1,0.0,0.0,1.09,-1.09,-1.7157,-4.18,-16.03,96.77,35.03,293,23.89,0.8632,45.71,-30.76,7,14.29,0.4087,6.78,-4.12,-0.4545,-38.93,26.64,97.61
rsi_low_vol,M5,21,80,20,cross,1.5,3.0,100,0.3,38.66,31,22.58,0.7896,11.2,-5.66,0,0.0,0.0,0.0,0.0,-0.7896,-11.2,5.66,100.0,35.03,293,26.28,0.9978,43.87,-4.84,6,16.67,0.5084,3.36,-2.82,-0.4894,-40.51,2.02,97.95
rsi_low_vol,M5,21,80,20,cross,1.5,2.0,100,0.3,38.66,31,38.71,1.1279,7.53,2.3,0,0.0,0.0,0.0,0.0,-1.1279,-7.53,-2.3,100.0,35.03,293,32.42,0.8738,45.5,-25.45,6,16.67,0.332,3.76,-3.76,-0.5418,-41.74,21.69,97.95
rsi_low_vol,M5,21,80,20,cross,1.5,2.0,100,0.2,33.09,31,38.71,1.1279,7.53,2.3,0,0.0,0.0,0.0,0.0,-1.1279,-7.53,-2.3,100.0,29.38,293,32.42,0.8738,45.5,-25.45,4,0.0,0.0,4.47,-4.47,-0.8738,-41.03,20.98,98.63
rsi_low_vol,M5,21,80,20,cross,1.5,3.0,100,0.2,33.09,31,22.58,0.7896,11.2,-5.66,0,0.0,0.0,0.0,0.0,-0.7896,-11.2,5.66,100.0,29.38,293,26.28,0.9978,43.87,-4.84,4,0.0,0.0,4.47,-4.47,-0.9978,-39.4,0.37,98.63
rsi_low_vol,M5,21,80,20,cross,1.5,4.0,100,0.2,33.09,31,19.35,0.8731,9.01,-3.91,0,0.0,0.0,0.0,0.0,-0.8731,-9.01,3.91,100.0,29.38,293,20.48,1.0296,44.3,1.2,4,0.0,0.0,4.47,-4.47,-1.0296,-39.83,-5.67,98.63
