tf,strategy,fft_n,ratio_thresh,pers_thresh,pers_window,session_label,filter_type,clock_pct,train_trades,train_win_rate,train_profit_factor,train_max_drawdown_pct,train_pnl_pct,train_longs,train_shorts,oos_trades,oos_win_rate,oos_profit_factor,oos_max_drawdown_pct,oos_pnl_pct,oos_longs,oos_shorts,delta_pf,base_pf,base_dd,base_trades,pf_gain
M5,rsi,128,0.08,0.5,10,london,fft_clock,3.227014877448357,926,32.72,0.875,71.32,-60.38,471,455,4448,33.72,0.9057,96.99,-96.81,2197,2251,0.0307,0.8985,97.97,4651,0.0072
M5,rsi,64,0.06,0.3,10,asian,fft_clock,10.463716151129187,666,33.33,0.8238,69.58,-61.39,294,372,3268,33.08,0.7989,99.54,-99.53,1593,1675,-0.0249,0.7917,99.81,3677,0.0072
M5,rsi,64,0.06,0.5,10,asian,fft_clock,7.8681900888365615,685,32.99,0.8119,71.0,-64.82,303,382,3381,33.07,0.7988,99.62,-99.61,1648,1733,-0.0131,0.7917,99.81,3677,0.0071
M5,rsi,64,0.08,0.5,10,asian,fft_clock,7.860162688643904,685,32.99,0.8119,71.0,-64.82,303,382,3381,33.07,0.7988,99.62,-99.61,1648,1733,-0.0131,0.7917,99.81,3677,0.0071
M5,rsi,128,0.08,0.3,10,london,fft_clock,3.739430589746334,921,32.9,0.8821,70.07,-58.19,469,452,4421,33.7,0.9049,97.0,-96.83,2182,2239,0.0228,0.8985,97.97,4651,0.0064
M5,rsi,64,0.08,0.3,10,asian,fft_clock,10.42224125013379,666,33.33,0.8238,69.58,-61.39,294,372,3271,33.05,0.7978,99.56,-99.55,1593,1678,-0.026,0.7917,99.81,3677,0.0061
M5,rsi,64,0.1,0.5,10,asian,fft_clock,7.811998287487959,685,32.99,0.8119,71.0,-64.82,303,382,3385,33.03,0.7974,99.64,-99.63,1651,1734,-0.0145,0.7917,99.81,3677,0.0057
M5,derivative,128,0.08,0.3,20,london,fft_clock,3.877234293053623,5488,25.82,0.9512,98.24,-94.81,2735,2753,25320,25.39,0.9206,100.0,-100.0,12672,12648,-0.0306,0.9156,100.0,26794,0.005
M5,rsi,128,0.1,0.5,10,london,fft_clock,2.1005030504120734,931,32.87,0.8809,70.27,-58.93,474,457,4503,33.67,0.9034,97.3,-97.17,2221,2282,0.0225,0.8985,97.97,4651,0.0049
M5,derivative,0,0.0,0.0,0,asian,time_clock,8.328427699882266,4608,25.09,0.8359,99.95,-99.92,2313,2295,22553,24.82,0.8148,100.0,-100.0,11234,11319,-0.0211,0.8104,100.0,25123,0.0044
M5,derivative,128,0.08,0.3,10,london,fft_clock,3.739430589746334,5489,25.82,0.951,98.31,-94.86,2740,2749,25378,25.38,0.9199,100.0,-100.0,12694,12684,-0.0311,0.9156,100.0,26794,0.0043
M5,derivative,128,0.08,0.5,20,london,fft_clock,2.9366905704805735,5533,25.79,0.9498,98.48,-95.24,2758,2775,25623,25.38,0.9198,100.0,-100.0,12817,12806,-0.03,0.9156,100.0,26794,0.0042
M5,derivative,0,0.0,0.0,0,all,time_clock,8.328427699882266,13806,24.06,0.8305,100.0,-100.0,6912,6894,64945,24.33,0.8307,100.0,-100.0,32338,32607,0.0002,0.8267,100.0,72293,0.004
M5,rsi,64,0.1,0.3,10,asian,fft_clock,10.255003746120089,667,33.28,0.822,69.92,-61.82,294,373,3283,32.99,0.7957,99.59,-99.58,1602,1681,-0.0263,0.7917,99.81,3677,0.004
M5,derivative,128,0.08,0.5,10,london,fft_clock,3.227014877448357,5514,25.83,0.9516,98.16,-94.81,2748,2766,25553,25.37,0.9194,100.0,-100.0,12791,12762,-0.0322,0.9156,100.0,26794,0.0038
M5,derivative,128,0.1,0.3,20,london,fft_clock,2.366745156801884,5558,25.78,0.9494,98.44,-95.4,2772,2786,25782,25.37,0.9194,100.0,-100.0,12898,12884,-0.03,0.9156,100.0,26794,0.0038
M5,derivative,128,0.08,0.5,10,newyork,fft_clock,3.227014877448357,4998,22.93,0.8142,99.98,-99.98,2497,2501,21511,24.61,0.8861,100.0,-100.0,10810,10701,0.0719,0.8824,100.0,22571,0.0037
M5,derivative,128,0.1,0.3,10,london,fft_clock,2.360055656641336,5548,25.78,0.949,98.48,-95.45,2769,2779,25791,25.36,0.9191,100.0,-100.0,12901,12890,-0.0299,0.9156,100.0,26794,0.0035
M5,rsi,128,0.06,0.5,10,asian,fft_clock,3.621695386920689,713,33.66,0.8375,67.98,-60.94,319,394,3527,32.95,0.7952,99.73,-99.73,1707,1820,-0.0423,0.7917,99.81,3677,0.0035
M5,derivative,128,0.1,0.5,20,london,fft_clock,1.8837632452103177,5576,25.77,0.9489,98.49,-95.55,2780,2796,25952,25.36,0.919,100.0,-100.0,12985,12967,-0.0299,0.9156,100.0,26794,0.0034
M5,derivative,128,0.08,0.3,10,newyork,fft_clock,3.739430589746334,4975,22.91,0.8137,99.98,-99.98,2487,2488,21368,24.61,0.8858,100.0,-100.0,10737,10631,0.0721,0.8824,100.0,22571,0.0034
M5,rsi,128,0.06,0.5,10,london,fft_clock,3.621695386920689,921,32.79,0.8777,70.63,-59.42,467,454,4431,33.63,0.9018,97.31,-97.15,2192,2239,0.0241,0.8985,97.97,4651,0.0033
M5,derivative,128,0.06,0.5,20,london,fft_clock,3.4317135823611262,5510,25.79,0.9497,98.59,-95.2,2747,2763,25459,25.35,0.9188,100.0,-100.0,12736,12723,-0.0309,0.9156,100.0,26794,0.0032
M5,rsi,128,0.1,0.3,10,london,fft_clock,2.360055656641336,929,32.94,0.8837,69.63,-58.04,473,456,4488,33.62,0.9017,97.42,-97.29,2212,2276,0.018,0.8985,97.97,4651,0.0032
M5,derivative,128,0.06,0.3,20,london,fft_clock,4.718773413250562,5436,25.88,0.9543,98.15,-93.9,2710,2726,25046,25.35,0.9186,100.0,-100.0,12533,12513,-0.0357,0.9156,100.0,26794,0.003
M5,rsi,128,0.06,0.3,10,asian,fft_clock,4.300010703200257,709,33.71,0.8393,67.49,-60.34,317,392,3492,32.93,0.7947,99.72,-99.71,1689,1803,-0.0446,0.7917,99.81,3677,0.003
M5,rsi,128,0.08,0.5,20,london,fft_clock,2.9366905704805735,929,33.15,0.8924,68.09,-55.42,472,457,4462,33.62,0.9014,97.39,-97.26,2209,2253,0.009,0.8985,97.97,4651,0.0029
M5,derivative,128,0.1,0.5,10,london,fft_clock,2.1005030504120734,5564,25.75,0.948,98.49,-95.68,2775,2789,25890,25.35,0.9184,100.0,-100.0,12955,12935,-0.0296,0.9156,100.0,26794,0.0028
M5,rsi,64,0.06,0.5,10,newyork,fft_clock,7.8681900888365615,530,30.38,0.7934,62.9,-57.8,258,272,2798,33.52,0.9086,87.96,-87.76,1361,1437,0.1152,0.9058,91.1,3102,0.0028
M5,rsi,64,0.08,0.5,10,newyork,fft_clock,7.860162688643904,530,30.38,0.7934,62.9,-57.8,258,272,2798,33.52,0.9086,87.96,-87.76,1361,1437,0.1152,0.9058,91.1,3102,0.0028
M5,derivative,128,0.08,0.3,20,newyork,fft_clock,3.877234293053623,4983,22.86,0.811,99.98,-99.98,2488,2495,21319,24.59,0.8851,100.0,-100.0,10712,10607,0.0741,0.8824,100.0,22571,0.0027
M5,derivative,64,0.06,0.5,10,london,fft_clock,7.8681900888365615,5194,25.63,0.9404,98.77,-96.13,2582,2612,24170,25.35,0.9182,100.0,-100.0,12083,12087,-0.0222,0.9156,100.0,26794,0.0026
M5,derivative,0,0.0,0.0,0,newyork,time_clock,8.328427699882266,4702,22.99,0.8168,99.96,-99.96,2340,2362,20474,24.6,0.885,100.0,-100.0,10251,10223,0.0682,0.8824,100.0,22571,0.0026
M5,derivative,64,0.08,0.5,10,london,fft_clock,7.860162688643904,5194,25.63,0.9404,98.77,-96.13,2582,2612,24176,25.34,0.9181,100.0,-100.0,12087,12089,-0.0223,0.9156,100.0,26794,0.0025
M5,derivative,128,0.06,0.3,10,london,fft_clock,4.300010703200257,5448,25.92,0.9561,98.11,-93.47,2721,2727,25176,25.34,0.9181,100.0,-100.0,12592,12584,-0.038,0.9156,100.0,26794,0.0025
M5,derivative,64,0.1,0.5,10,london,fft_clock,7.811998287487959,5196,25.64,0.9409,98.75,-96.06,2582,2614,24210,25.34,0.9179,100.0,-100.0,12106,12104,-0.023,0.9156,100.0,26794,0.0023
M5,rsi,128,0.08,0.3,20,newyork,fft_clock,3.877234293053623,559,30.41,0.7957,65.71,-59.3,270,289,2962,33.52,0.9081,89.58,-89.31,1443,1519,0.1124,0.9058,91.1,3102,0.0023
M5,rsi,128,0.08,0.5,20,newyork,fft_clock,2.9366905704805735,564,30.67,0.8056,64.44,-57.79,273,291,2986,33.52,0.908,89.77,-89.51,1457,1529,0.1024,0.9058,91.1,3102,0.0022
M5,rsi,128,0.1,0.5,20,london,fft_clock,1.8837632452103177,933,33.01,0.8867,69.1,-57.31,475,458,4519,33.59,0.9004,97.59,-97.47,2236,2283,0.0137,0.8985,97.97,4651,0.0019
M5,derivative,128,0.1,0.5,10,newyork,fft_clock,2.1005030504120734,5040,22.9,0.8126,99.98,-99.98,2518,2522,21768,24.57,0.8843,100.0,-100.0,10933,10835,0.0717,0.8824,100.0,22571,0.0019
M5,derivative,128,0.06,0.5,10,london,fft_clock,3.621695386920689,5483,25.88,0.9542,98.08,-94.07,2733,2750,25417,25.33,0.9174,100.0,-100.0,12720,12697,-0.0368,0.9156,100.0,26794,0.0018
M5,rsi,64,0.1,0.5,10,newyork,fft_clock,7.811998287487959,530,30.38,0.7934,62.9,-57.8,258,272,2800,33.5,0.9076,88.23,-88.03,1361,1439,0.1142,0.9058,91.1,3102,0.0018
M5,rsi,128,0.1,0.3,20,london,fft_clock,2.366745156801884,930,33.01,0.8866,69.03,-57.22,473,457,4484,33.59,0.9003,97.52,-97.4,2215,2269,0.0137,0.8985,97.97,4651,0.0018
M5,rsi,128,0.08,0.3,10,newyork,fft_clock,3.739430589746334,555,30.45,0.7971,65.27,-58.77,269,286,2963,33.51,0.9075,89.71,-89.44,1443,1520,0.1104,0.9058,91.1,3102,0.0017
M5,rsi,128,0.08,0.3,20,london,fft_clock,3.877234293053623,920,33.15,0.8924,68.17,-55.06,467,453,4413,33.58,0.9001,97.42,-97.27,2182,2231,0.0077,0.8985,97.97,4651,0.0016
M5,derivative,128,0.1,0.3,10,newyork,fft_clock,2.360055656641336,5027,22.88,0.8118,99.98,-99.98,2513,2514,21678,24.56,0.8838,100.0,-100.0,10890,10788,0.072,0.8824,100.0,22571,0.0014
M5,derivative,64,0.06,0.5,20,london,fft_clock,6.730975061543401,5282,25.8,0.9497,98.15,-94.57,2634,2648,24485,25.32,0.9169,100.0,-100.0,12261,12224,-0.0328,0.9156,100.0,26794,0.0013
M5,derivative,64,0.1,0.5,10,asian,fft_clock,7.811998287487959,4724,24.98,0.8303,99.97,-99.95,2340,2384,22971,24.77,0.8115,100.0,-100.0,11444,11527,-0.0188,0.8104,100.0,25123,0.0011
M5,rsi,64,0.06,0.3,20,asian,fft_clock,11.622337578936103,657,33.33,0.8235,69.39,-60.96,293,364,3227,32.91,0.7928,99.59,-99.58,1575,1652,-0.0307,0.7917,99.81,3677,0.0011
M5,derivative,128,0.08,0.5,20,all,fft_clock,2.9366905704805735,14807,24.02,0.8283,100.0,-100.0,7400,7407,69293,24.26,0.8277,100.0,-100.0,34630,34663,-0.0006,0.8267,100.0,72293,0.001
M5,derivative,64,0.08,0.5,10,asian,fft_clock,7.860162688643904,4723,24.98,0.8305,99.97,-99.95,2339,2384,22953,24.76,0.8114,100.0,-100.0,11435,11518,-0.0191,0.8104,100.0,25123,0.001
M5,rsi,0,0.0,0.0,0,asian,time_clock,8.328427699882266,664,33.89,0.8463,66.78,-56.36,287,377,3354,32.89,0.7927,99.67,-99.66,1641,1713,-0.0536,0.7917,99.81,3677,0.001
M5,derivative,128,0.08,0.3,20,all,fft_clock,3.877234293053623,14664,24.04,0.8293,100.0,-100.0,7331,7333,68470,24.26,0.8276,100.0,-100.0,34229,34241,-0.0017,0.8267,100.0,72293,0.0009
M5,derivative,128,0.1,0.3,20,all,fft_clock,2.366745156801884,14895,24.03,0.829,100.0,-100.0,7448,7447,69650,24.26,0.8276,100.0,-100.0,34809,34841,-0.0014,0.8267,100.0,72293,0.0009
M5,derivative,64,0.06,0.5,10,asian,fft_clock,7.8681900888365615,4722,24.99,0.8308,99.97,-99.95,2338,2384,22951,24.76,0.8113,100.0,-100.0,11435,11516,-0.0195,0.8104,100.0,25123,0.0009
M5,derivative,128,0.1,0.3,20,newyork,fft_clock,2.366745156801884,5035,22.82,0.8093,99.98,-99.98,2515,2520,21677,24.55,0.8832,100.0,-100.0,10888,10789,0.0739,0.8824,100.0,22571,0.0008
M5,derivative,64,0.08,0.5,20,london,fft_clock,6.654714759713154,5288,25.81,0.9501,98.12,-94.49,2638,2650,24516,25.31,0.9163,100.0,-100.0,12278,12238,-0.0338,0.9156,100.0,26794,0.0007
M5,derivative,128,0.08,0.5,10,all,fft_clock,3.227014877448357,14760,24.01,0.828,100.0,-100.0,7381,7379,69050,24.25,0.8274,100.0,-100.0,34530,34520,-0.0006,0.8267,100.0,72293,0.0007
M5,derivative,128,0.1,0.3,10,all,fft_clock,2.360055656641336,14888,24.01,0.8277,100.0,-100.0,7449,7439,69688,24.26,0.8274,100.0,-100.0,34828,34860,-0.0003,0.8267,100.0,72293,0.0007
M5,derivative,128,0.1,0.5,10,all,fft_clock,2.1005030504120734,14938,24.03,0.8289,100.0,-100.0,7471,7467,69942,24.26,0.8274,100.0,-100.0,34964,34978,-0.0015,0.8267,100.0,72293,0.0007
M5,derivative,128,0.1,0.5,20,all,fft_clock,1.8837632452103177,14966,24.04,0.8293,100.0,-100.0,7480,7486,70144,24.26,0.8274,100.0,-100.0,35055,35089,-0.0019,0.8267,100.0,72293,0.0007
M5,derivative,64,0.06,0.3,10,london,fft_clock,10.463716151129187,5058,25.72,0.9447,98.46,-94.99,2515,2543,23321,25.3,0.9162,100.0,-100.0,11668,11653,-0.0285,0.9156,100.0,26794,0.0006
M5,rsi,128,0.08,0.3,10,all,fft_clock,3.739430589746334,1847,32.97,0.8566,90.1,-88.05,880,967,9207,33.38,0.8593,100.0,-100.0,4490,4717,0.0027,0.8587,100.0,9660,0.0006
M5,rsi,128,0.08,0.5,10,all,fft_clock,3.227014877448357,1855,32.83,0.8511,90.93,-89.05,884,971,9261,33.38,0.8593,100.0,-100.0,4518,4743,0.0082,0.8587,100.0,9660,0.0006
M5,derivative,128,0.08,0.3,10,all,fft_clock,3.739430589746334,14670,24.01,0.8279,100.0,-100.0,7341,7329,68582,24.25,0.8273,100.0,-100.0,34275,34307,-0.0006,0.8267,100.0,72293,0.0006
M5,derivative,64,0.06,0.3,20,london,fft_clock,11.622337578936103,4970,25.81,0.9497,97.94,-93.57,2479,2491,22977,25.3,0.9161,100.0,-100.0,11502,11475,-0.0336,0.9156,100.0,26794,0.0005
M5,rsi,0,0.0,0.0,0,london,time_clock,8.328427699882266,851,33.37,0.9019,62.71,-49.36,429,422,4180,33.54,0.899,96.95,-96.81,2068,2112,-0.0029,0.8985,97.97,4651,0.0005
M5,rsi,128,0.1,0.5,10,asian,fft_clock,2.1005030504120734,719,33.38,0.8269,69.41,-63.56,320,399,3587,32.87,0.7922,99.78,-99.77,1739,1848,-0.0347,0.7917,99.81,3677,0.0005
M5,derivative,64,0.08,0.3,10,london,fft_clock,10.42224125013379,5060,25.73,0.9452,98.43,-94.89,2516,2544,23333,25.3,0.916,100.0,-100.0,11674,11659,-0.0292,0.9156,100.0,26794,0.0004
M5,rsi,128,0.08,0.5,10,asian,fft_clock,3.227014877448357,716,33.52,0.8321,68.71,-62.29,320,396,3548,32.86,0.7921,99.76,-99.76,1716,1832,-0.04,0.7917,99.81,3677,0.0004
M5,rsi,128,0.08,0.5,10,newyork,fft_clock,3.227014877448357,557,30.34,0.793,66.01,-59.66,270,287,2978,33.48,0.9061,90.13,-89.88,1450,1528,0.1131,0.9058,91.1,3102,0.0003
M5,derivative,128,0.06,0.3,20,all,fft_clock,4.718773413250562,14538,24.09,0.8315,100.0,-100.0,7266,7272,67762,24.25,0.827,100.0,-100.0,33870,33892,-0.0045,0.8267,100.0,72293,0.0003
M5,derivative,128,0.06,0.3,20,newyork,fft_clock,4.718773413250562,4953,22.96,0.8155,99.98,-99.97,2473,2480,21103,24.54,0.8826,100.0,-100.0,10600,10503,0.0671,0.8824,100.0,22571,0.0002
M5,rsi,128,0.06,0.3,20,newyork,fft_clock,4.718773413250562,558,30.29,0.7911,66.35,-60.06,269,289,2937,33.47,0.9059,89.87,-89.61,1432,1505,0.1148,0.9058,91.1,3102,0.0001
M5,rsi,128,0.06,0.5,20,newyork,fft_clock,3.4317135823611262,564,30.67,0.8056,64.44,-57.79,273,291,2970,33.47,0.9059,90.12,-89.87,1449,1521,0.1003,0.9058,91.1,3102,0.0001
M5,derivative,128,0.06,0.5,20,all,fft_clock,3.4317135823611262,14736,24.04,0.8292,100.0,-100.0,7363,7373,68869,24.24,0.8268,100.0,-100.0,34418,34451,-0.0024,0.8267,100.0,72293,0.0001
M5,derivative,64,0.08,0.3,10,asian,fft_clock,10.42224125013379,4614,24.9,0.8274,99.97,-99.95,2280,2334,22332,24.74,0.8105,100.0,-100.0,11128,11204,-0.0169,0.8104,100.0,25123,0.0001
M5,derivative,64,0.1,0.3,10,asian,fft_clock,10.255003746120089,4619,24.92,0.828,99.97,-99.95,2282,2337,22378,24.74,0.8105,100.0,-100.0,11155,11223,-0.0175,0.8104,100.0,25123,0.0001
M5,derivative,0,0.0,0.0,0,london,baseline,0.0,5651,25.71,0.9459,98.62,-96.27,2816,2835,26794,25.29,0.9156,100.0,-100.0,13411,13383,-0.0303,0.9156,100.0,26794,0.0
M5,rsi,128,0.06,0.3,10,newyork,fft_clock,4.300010703200257,554,30.32,0.7925,65.92,-59.55,268,286,2946,33.47,0.9058,89.96,-89.7,1436,1510,0.1133,0.9058,91.1,3102,0.0
M5,rsi,0,0.0,0.0,0,newyork,baseline,0.0,576,30.56,0.8,65.46,-59.63,276,300,3102,33.46,0.9058,91.1,-90.87,1515,1587,0.1058,0.9058,91.1,3102,0.0
M5,rsi,0,0.0,0.0,0,london,baseline,0.0,941,33.05,0.8883,68.63,-57.13,477,464,4651,33.54,0.8985,97.97,-97.87,2297,2354,0.0102,0.8985,97.97,4651,0.0
M5,derivative,0,0.0,0.0,0,newyork,baseline,0.0,5132,22.93,0.814,99.98,-99.98,2561,2571,22571,24.54,0.8824,100.0,-100.0,11339,11232,0.0684,0.8824,100.0,22571,0.0
M5,derivative,128,0.06,0.5,10,newyork,fft_clock,3.621695386920689,4983,23.0,0.8173,99.98,-99.97,2490,2493,21412,24.53,0.8824,100.0,-100.0,10757,10655,0.0651,0.8824,100.0,22571,0.0
M5,rsi,0,0.0,0.0,0,all,baseline,0.0,1915,32.9,0.8533,91.44,-89.49,899,1016,9660,33.35,0.8587,100.0,-100.0,4739,4921,0.0054,0.8587,100.0,9660,0.0
M5,derivative,0,0.0,0.0,0,all,baseline,0.0,15237,24.03,0.8288,100.0,-100.0,7618,7619,72293,24.24,0.8267,100.0,-100.0,36146,36147,-0.0021,0.8267,100.0,72293,0.0
M5,derivative,0,0.0,0.0,0,asian,baseline,0.0,5092,25.16,0.8387,99.97,-99.96,2519,2573,25123,24.73,0.8104,100.0,-100.0,12520,12603,-0.0283,0.8104,100.0,25123,0.0
M5,rsi,0,0.0,0.0,0,asian,baseline,0.0,740,33.38,0.8267,71.44,-64.64,323,417,3677,32.85,0.7917,99.81,-99.81,1800,1877,-0.035,0.7917,99.81,3677,0.0
M5,derivative,64,0.1,0.5,20,london,fft_clock,6.444664454671948,5300,25.85,0.9519,98.02,-94.1,2642,2658,24591,25.29,0.9155,100.0,-100.0,12310,12281,-0.0364,0.9156,100.0,26794,-0.0001
M5,derivative,128,0.08,0.5,20,newyork,fft_clock,2.9366905704805735,5020,22.89,0.8124,99.98,-99.98,2508,2512,21605,24.53,0.8823,100.0,-100.0,10856,10749,0.0699,0.8824,100.0,22571,-0.0001
M5,rsi,128,0.1,0.5,10,all,fft_clock,2.1005030504120734,1866,32.9,0.8541,90.66,-88.73,887,979,9377,33.36,0.8586,100.0,-100.0,4578,4799,0.0045,0.8587,100.0,9660,-0.0001
M5,derivative,64,0.06,0.3,10,asian,fft_clock,10.463716151129187,4610,24.9,0.8274,99.97,-99.95,2278,2332,22322,24.74,0.8102,100.0,-100.0,11125,11197,-0.0172,0.8104,100.0,25123,-0.0002
M5,rsi,128,0.06,0.5,10,all,fft_clock,3.621695386920689,1847,32.92,0.8546,90.5,-88.39,879,968,9214,33.35,0.8584,100.0,-100.0,4500,4714,0.0038,0.8587,100.0,9660,-0.0003
M5,derivative,64,0.1,0.3,10,london,fft_clock,10.255003746120089,5067,25.72,0.9444,98.49,-95.07,2517,2550,23391,25.28,0.9152,100.0,-100.0,11704,11687,-0.0292,0.9156,100.0,26794,-0.0004
M5,derivative,0,0.0,0.0,0,london,time_clock,8.328427699882266,5144,25.93,0.9578,97.03,-91.82,2587,2557,24153,25.26,0.9151,100.0,-100.0,12031,12122,-0.0427,0.9156,100.0,26794,-0.0005
M5,rsi,128,0.1,0.3,20,newyork,fft_clock,2.366745156801884,561,30.66,0.8049,64.39,-57.73,271,290,3001,33.46,0.9053,90.47,-90.22,1466,1535,0.1004,0.9058,91.1,3102,-0.0005
M5,rsi,128,0.06,0.3,10,london,fft_clock,4.300010703200257,914,32.93,0.8835,69.57,-57.5,465,449,4396,33.53,0.898,97.56,-97.41,2173,2223,0.0145,0.8985,97.97,4651,-0.0005
M5,rsi,128,0.1,0.5,10,newyork,fft_clock,2.1005030504120734,560,30.54,0.8002,65.07,-58.54,271,289,3010,33.46,0.9052,90.56,-90.32,1468,1542,0.105,0.9058,91.1,3102,-0.0006
M5,rsi,0,0.0,0.0,0,all,time_clock,8.328427699882266,1719,33.33,0.8708,87.76,-83.31,802,917,8695,33.35,0.858,100.0,-100.0,4274,4421,-0.0128,0.8587,100.0,9660,-0.0007
M5,derivative,128,0.06,0.3,10,all,fft_clock,4.300010703200257,14579,24.08,0.8313,100.0,-100.0,7298,7281,68115,24.22,0.8259,100.0,-100.0,34041,34074,-0.0054,0.8267,100.0,72293,-0.0008
M5,derivative,128,0.06,0.5,10,all,fft_clock,3.621695386920689,14696,24.05,0.8299,100.0,-100.0,7350,7346,68721,24.22,0.8259,100.0,-100.0,34364,34357,-0.004,0.8267,100.0,72293,-0.0008
M5,rsi,128,0.1,0.5,20,newyork,fft_clock,1.8837632452103177,565,30.8,0.8102,63.77,-56.99,273,292,3020,33.44,0.9049,90.7,-90.46,1477,1543,0.0947,0.9058,91.1,3102,-0.0009
M5,derivative,128,0.06,0.3,10,newyork,fft_clock,4.300010703200257,4954,23.01,0.8181,99.97,-99.97,2476,2478,21227,24.52,0.8815,100.0,-100.0,10665,10562,0.0634,0.8824,100.0,22571,-0.0009
M5,rsi,128,0.1,0.3,20,all,fft_clock,2.366745156801884,1862,32.98,0.8569,90.24,-88.21,885,977,9341,33.34,0.8578,100.0,-100.0,4562,4779,0.0009,0.8587,100.0,9660,-0.0009
M5,derivative,64,0.08,0.3,20,london,fft_clock,11.277159370651825,4987,25.81,0.9493,98.06,-93.72,2489,2498,23080,25.27,0.9146,100.0,-100.0,11552,11528,-0.0347,0.9156,100.0,26794,-0.001
M5,rsi,128,0.06,0.5,10,newyork,fft_clock,3.621695386920689,556,30.22,0.7883,66.65,-60.41,269,287,2963,33.45,0.9048,90.3,-90.05,1444,1519,0.1165,0.9058,91.1,3102,-0.001
M5,derivative,64,0.06,0.5,20,asian,fft_clock,6.730975061543401,4761,25.04,0.8334,99.97,-99.95,2353,2408,23242,24.71,0.8094,100.0,-100.0,11585,11657,-0.024,0.8104,100.0,25123,-0.001
M5,rsi,128,0.06,0.3,10,all,fft_clock,4.300010703200257,1836,33.06,0.8601,89.6,-87.29,875,961,9145,33.33,0.8576,100.0,-100.0,4466,4679,-0.0025,0.8587,100.0,9660,-0.0011
M5,derivative,128,0.1,0.5,20,newyork,fft_clock,1.8837632452103177,5057,22.88,0.8119,99.98,-99.98,2525,2532,21843,24.51,0.8812,100.0,-100.0,10976,10867,0.0693,0.8824,100.0,22571,-0.0012
M5,derivative,64,0.08,0.5,20,asian,fft_clock,6.654714759713154,4771,25.03,0.8329,99.97,-99.95,2358,2413,23266,24.71,0.8091,100.0,-100.0,11594,11672,-0.0238,0.8104,100.0,25123,-0.0013
M5,rsi,128,0.1,0.3,10,newyork,fft_clock,2.360055656641336,559,30.59,0.8023,64.69,-58.08,270,289,3003,33.43,0.9044,90.69,-90.45,1466,1537,0.1021,0.9058,91.1,3102,-0.0014
M5,derivative,64,0.1,0.3,20,london,fft_clock,10.69249705661993,5021,25.87,0.9524,97.97,-93.01,2502,2519,23267,25.26,0.9141,100.0,-100.0,11644,11623,-0.0383,0.9156,100.0,26794,-0.0015
M5,derivative,128,0.06,0.5,20,asian,fft_clock,3.4317135823611262,4926,25.09,0.8356,99.97,-99.95,2433,2493,24051,24.7,0.8088,100.0,-100.0,11970,12081,-0.0268,0.8104,100.0,25123,-0.0016
M5,derivative,128,0.1,0.5,20,asian,fft_clock,1.8837632452103177,4994,25.15,0.8383,99.97,-99.95,2469,2525,24488,24.7,0.8088,100.0,-100.0,12190,12298,-0.0295,0.8104,100.0,25123,-0.0016
M5,rsi,128,0.1,0.3,10,all,fft_clock,2.360055656641336,1862,32.98,0.8568,90.25,-88.22,884,978,9347,33.32,0.857,100.0,-100.0,4562,4785,0.0002,0.8587,100.0,9660,-0.0017
M5,derivative,64,0.1,0.5,20,asian,fft_clock,6.444664454671948,4780,25.02,0.8326,99.97,-99.95,2362,2418,23323,24.7,0.8087,100.0,-100.0,11626,11697,-0.0239,0.8104,100.0,25123,-0.0017
M5,rsi,128,0.08,0.3,10,asian,fft_clock,3.739430589746334,713,33.66,0.8373,67.64,-61.0,318,395,3521,32.8,0.79,99.77,-99.76,1700,1821,-0.0473,0.7917,99.81,3677,-0.0017
M5,rsi,128,0.08,0.3,20,all,fft_clock,3.877234293053623,1844,33.03,0.8589,89.73,-87.6,879,965,9192,33.31,0.8569,100.0,-100.0,4485,4707,-0.002,0.8587,100.0,9660,-0.0018
M5,rsi,128,0.06,0.5,20,asian,fft_clock,3.4317135823611262,711,33.61,0.836,68.18,-61.18,317,394,3540,32.8,0.7899,99.77,-99.77,1716,1824,-0.0461,0.7917,99.81,3677,-0.0018
M5,rsi,128,0.06,0.5,20,london,fft_clock,3.4317135823611262,923,33.15,0.8924,67.92,-55.19,469,454,4442,33.5,0.8966,97.73,-97.62,2199,2243,0.0042,0.8985,97.97,4651,-0.0019
M5,rsi,64,0.06,0.5,20,asian,fft_clock,6.730975061543401,695,33.38,0.8262,69.38,-62.46,307,388,3392,32.81,0.7898,99.71,-99.71,1661,1731,-0.0364,0.7917,99.81,3677,-0.0019
M5,rsi,128,0.1,0.3,10,asian,fft_clock,2.360055656641336,718,33.43,0.8286,69.06,-63.14,319,399,3570,32.8,0.7898,99.79,-99.78,1729,1841,-0.0388,0.7917,99.81,3677,-0.0019
M5,rsi,128,0.08,0.5,20,all,fft_clock,2.9366905704805735,1864,33.1,0.8619,89.73,-87.36,886,978,9304,33.31,0.8567,100.0,-100.0,4546,4758,-0.0052,0.8587,100.0,9660,-0.002
M5,rsi,128,0.1,0.5,20,all,fft_clock,1.8837632452103177,1874,33.08,0.8612,89.94,-87.63,889,985,9419,33.31,0.8566,100.0,-100.0,4609,4810,-0.0046,0.8587,100.0,9660,-0.0021
M5,derivative,128,0.08,0.5,20,asian,fft_clock,2.9366905704805735,4948,25.04,0.8334,99.98,-99.96,2445,2503,24180,24.69,0.8083,100.0,-100.0,12033,12147,-0.0251,0.8104,100.0,25123,-0.0021
M5,rsi,64,0.08,0.3,20,asian,fft_clock,11.277159370651825,658,33.28,0.8217,69.73,-61.4,294,364,3245,32.82,0.7896,99.63,-99.62,1579,1666,-0.0321,0.7917,99.81,3677,-0.0021
M5,rsi,64,0.06,0.3,10,all,fft_clock,10.463716151129187,1712,32.65,0.843,90.73,-88.36,799,913,8471,33.31,0.8565,99.99,-99.99,4136,4335,0.0135,0.8587,100.0,9660,-0.0022
M5,rsi,64,0.06,0.5,10,all,fft_clock,7.8681900888365615,1767,32.94,0.8543,89.68,-87.33,827,940,8766,33.31,0.8564,100.0,-100.0,4285,4481,0.0021,0.8587,100.0,9660,-0.0023
M5,rsi,64,0.08,0.5,10,all,fft_clock,7.860162688643904,1767,32.94,0.8543,89.68,-87.33,827,940,8766,33.31,0.8564,100.0,-100.0,4285,4481,0.0021,0.8587,100.0,9660,-0.0023
M5,derivative,128,0.1,0.3,20,asian,fft_clock,2.366745156801884,4965,25.16,0.8384,99.97,-99.95,2457,2508,24316,24.69,0.8081,100.0,-100.0,12111,12205,-0.0303,0.8104,100.0,25123,-0.0023
M5,rsi,64,0.06,0.5,20,newyork,fft_clock,6.730975061543401,545,30.83,0.8105,61.91,-55.67,265,280,2857,33.39,0.9034,90.19,-89.51,1384,1473,0.0929,0.9058,91.1,3102,-0.0024
M5,derivative,64,0.1,0.3,20,asian,fft_clock,10.69249705661993,4591,25.09,0.8354,99.96,-99.92,2270,2321,22261,24.68,0.808,100.0,-100.0,11093,11168,-0.0274,0.8104,100.0,25123,-0.0024
M5,rsi,128,0.1,0.3,20,asian,fft_clock,2.366745156801884,716,33.38,0.8268,69.3,-63.42,319,397,3568,32.79,0.7893,99.79,-99.79,1727,1841,-0.0375,0.7917,99.81,3677,-0.0024
M5,rsi,64,0.06,0.3,20,newyork,fft_clock,11.622337578936103,514,30.16,0.7851,63.19,-58.13,248,266,2690,33.38,0.9033,88.94,-88.04,1286,1404,0.1182,0.9058,91.1,3102,-0.0025
M5,rsi,128,0.06,0.3,20,asian,fft_clock,4.718773413250562,701,33.52,0.8328,69.07,-61.36,316,385,3474,32.79,0.7892,99.75,-99.75,1684,1790,-0.0436,0.7917,99.81,3677,-0.0025
M5,derivative,64,0.06,0.5,10,all,fft_clock,7.8681900888365615,14013,23.95,0.8243,100.0,-100.0,7004,7009,65499,24.19,0.824,100.0,-100.0,32737,32762,-0.0003,0.8267,100.0,72293,-0.0027
M5,derivative,64,0.08,0.5,10,all,fft_clock,7.860162688643904,14015,23.95,0.8241,100.0,-100.0,7005,7010,65507,24.19,0.824,100.0,-100.0,32741,32766,-0.0001,0.8267,100.0,72293,-0.0027
M5,rsi,128,0.1,0.5,20,asian,fft_clock,1.8837632452103177,721,33.56,0.8338,68.26,-62.18,319,402,3606,32.78,0.789,99.8,-99.8,1750,1856,-0.0448,0.7917,99.81,3677,-0.0027
M5,rsi,128,0.06,0.3,20,all,fft_clock,4.718773413250562,1827,32.95,0.8561,90.06,-87.85,872,955,9106,33.29,0.8559,100.0,-100.0,4455,4651,-0.0002,0.8587,100.0,9660,-0.0028
M5,derivative,128,0.06,0.3,10,asian,fft_clock,4.300010703200257,4856,25.04,0.8332,99.97,-99.95,2406,2450,23793,24.67,0.8076,100.0,-100.0,11844,11949,-0.0256,0.8104,100.0,25123,-0.0028
M5,rsi,64,0.08,0.3,10,all,fft_clock,10.42224125013379,1712,32.65,0.843,90.73,-88.36,799,913,8478,33.3,0.8558,100.0,-99.99,4139,4339,0.0128,0.8587,100.0,9660,-0.0029
M5,derivative,64,0.06,0.5,20,all,fft_clock,6.730975061543401,14201,23.99,0.8265,100.0,-100.0,7106,7095,66303,24.18,0.8238,100.0,-100.0,33164,33139,-0.0027,0.8267,100.0,72293,-0.0029
M5,derivative,64,0.1,0.5,10,all,fft_clock,7.811998287487959,14021,23.95,0.8243,100.0,-100.0,7008,7013,65581,24.18,0.8238,100.0,-100.0,32780,32801,-0.0005,0.8267,100.0,72293,-0.0029
M5,derivative,64,0.08,0.5,20,all,fft_clock,6.654714759713154,14220,23.99,0.8263,100.0,-100.0,7115,7105,66385,24.18,0.8236,100.0,-100.0,33201,33184,-0.0027,0.8267,100.0,72293,-0.0031
M5,derivative,128,0.1,0.3,10,asian,fft_clock,2.360055656641336,4965,25.06,0.8339,99.97,-99.96,2459,2506,24330,24.67,0.8073,100.0,-100.0,12115,12215,-0.0266,0.8104,100.0,25123,-0.0031
M5,derivative,64,0.06,0.5,20,newyork,fft_clock,6.730975061543401,4787,22.79,0.8065,99.98,-99.98,2392,2395,20666,24.47,0.8792,100.0,-100.0,10394,10272,0.0727,0.8824,100.0,22571,-0.0032
M5,derivative,128,0.06,0.5,20,newyork,fft_clock,3.4317135823611262,5005,22.94,0.8146,99.98,-99.98,2500,2505,21472,24.46,0.8792,100.0,-100.0,10788,10684,0.0646,0.8824,100.0,22571,-0.0032
M5,rsi,64,0.1,0.5,10,all,fft_clock,7.811998287487959,1767,32.94,0.8543,89.68,-87.33,827,940,8775,33.29,0.8555,100.0,-100.0,4289,4486,0.0012,0.8587,100.0,9660,-0.0032
M5,derivative,64,0.1,0.5,20,newyork,fft_clock,6.444664454671948,4800,22.79,0.8065,99.98,-99.98,2398,2402,20760,24.47,0.8791,100.0,-100.0,10445,10315,0.0726,0.8824,100.0,22571,-0.0033
M5,derivative,64,0.08,0.3,20,asian,fft_clock,11.277159370651825,4565,25.1,0.836,99.95,-99.92,2257,2308,22099,24.66,0.8071,100.0,-100.0,11012,11087,-0.0289,0.8104,100.0,25123,-0.0033
M5,derivative,128,0.08,0.3,10,asian,fft_clock,3.739430589746334,4880,24.96,0.8296,99.98,-99.96,2417,2463,23917,24.66,0.8071,100.0,-100.0,11907,12010,-0.0225,0.8104,100.0,25123,-0.0033
M5,derivative,128,0.1,0.5,10,asian,fft_clock,2.1005030504120734,4985,25.14,0.8376,99.97,-99.95,2467,2518,24411,24.67,0.8071,100.0,-100.0,12162,12249,-0.0305,0.8104,100.0,25123,-0.0033
M5,rsi,64,0.08,0.5,20,newyork,fft_clock,6.654714759713154,545,30.83,0.8105,61.91,-55.67,265,280,2862,33.37,0.9024,90.41,-89.75,1388,1474,0.0919,0.9058,91.1,3102,-0.0034
M5,rsi,64,0.06,0.3,20,all,fft_clock,11.622337578936103,1706,32.88,0.8519,88.99,-86.82,802,904,8356,33.28,0.8553,99.99,-99.99,4062,4294,0.0034,0.8587,100.0,9660,-0.0034
M5,derivative,64,0.1,0.5,20,all,fft_clock,6.444664454671948,14251,24.0,0.8268,100.0,-100.0,7129,7122,66571,24.17,0.8232,100.0,-100.0,33299,33272,-0.0036,0.8267,100.0,72293,-0.0035
M5,derivative,128,0.06,0.3,20,asian,fft_clock,4.718773413250562,4856,25.1,0.8359,99.97,-99.95,2400,2456,23648,24.66,0.8069,100.0,-100.0,11774,11874,-0.029,0.8104,100.0,25123,-0.0035
M5,derivative,64,0.08,0.5,20,newyork,fft_clock,6.654714759713154,4787,22.79,0.8065,99.98,-99.98,2392,2395,20696,24.46,0.8788,100.0,-100.0,10411,10285,0.0723,0.8824,100.0,22571,-0.0036
M5,derivative,128,0.08,0.5,10,asian,fft_clock,3.227014877448357,4921,24.97,0.8304,99.98,-99.96,2434,2487,24082,24.65,0.8068,100.0,-100.0,11997,12085,-0.0236,0.8104,100.0,25123,-0.0036
M5,rsi,64,0.08,0.5,20,asian,fft_clock,6.654714759713154,695,33.38,0.8262,69.38,-62.46,307,388,3400,32.76,0.7881,99.73,-99.72,1661,1739,-0.0381,0.7917,99.81,3677,-0.0036
M5,rsi,128,0.06,0.5,20,all,fft_clock,3.4317135823611262,1853,33.14,0.8633,89.51,-86.94,882,971,9248,33.26,0.855,100.0,-100.0,4522,4726,-0.0083,0.8587,100.0,9660,-0.0037
M5,rsi,128,0.06,0.3,20,london,fft_clock,4.718773413250562,911,33.04,0.8882,68.84,-56.0,462,449,4374,33.45,0.8947,97.77,-97.63,2170,2204,0.0065,0.8985,97.97,4651,-0.0038
M5,rsi,64,0.1,0.3,10,all,fft_clock,10.255003746120089,1715,32.65,0.8431,90.75,-88.4,800,915,8505,33.27,0.8549,100.0,-100.0,4153,4352,0.0118,0.8587,100.0,9660,-0.0038
M5,derivative,128,0.06,0.5,10,asian,fft_clock,3.621695386920689,4906,25.03,0.833,99.97,-99.96,2427,2479,23999,24.65,0.8065,100.0,-100.0,11956,12043,-0.0265,0.8104,100.0,25123,-0.0039
M5,derivative,64,0.06,0.3,20,asian,fft_clock,11.622337578936103,4548,25.15,0.8382,99.95,-99.91,2249,2299,22025,24.64,0.8064,100.0,-100.0,10979,11046,-0.0318,0.8104,100.0,25123,-0.004
M5,rsi,64,0.08,0.3,20,newyork,fft_clock,11.277159370651825,514,30.16,0.7851,63.19,-58.13,248,266,2702,33.35,0.9017,89.38,-88.52,1297,1405,0.1166,0.9058,91.1,3102,-0.0041
M5,derivative,64,0.06,0.3,10,all,fft_clock,10.463716151129187,13650,24.02,0.8272,100.0,-100.0,6816,6834,63452,24.16,0.8226,100.0,-100.0,31721,31731,-0.0046,0.8267,100.0,72293,-0.0041
M5,derivative,64,0.08,0.3,10,all,fft_clock,10.42224125013379,13658,24.02,0.8272,100.0,-100.0,6820,6838,63480,24.16,0.8226,100.0,-100.0,31733,31747,-0.0046,0.8267,100.0,72293,-0.0041
M5,rsi,64,0.1,0.5,20,newyork,fft_clock,6.444664454671948,545,30.83,0.8105,61.91,-55.67,265,280,2870,33.34,0.9015,90.66,-90.02,1392,1478,0.091,0.9058,91.1,3102,-0.0043
M5,derivative,64,0.1,0.3,10,all,fft_clock,10.255003746120089,13677,24.03,0.8273,100.0,-100.0,6827,6850,63625,24.15,0.8224,100.0,-100.0,31812,31813,-0.0049,0.8267,100.0,72293,-0.0043
M5,derivative,128,0.08,0.3,20,asian,fft_clock,3.877234293053623,4884,25.06,0.8341,99.97,-99.95,2415,2469,23881,24.64,0.8061,100.0,-100.0,11892,11989,-0.028,0.8104,100.0,25123,-0.0043
M5,rsi,64,0.06,0.5,20,all,fft_clock,6.730975061543401,1799,33.13,0.862,88.65,-86.42,844,955,8889,33.24,0.8542,100.0,-100.0,4352,4537,-0.0078,0.8587,100.0,9660,-0.0045
M5,derivative,64,0.06,0.5,10,newyork,fft_clock,7.8681900888365615,4714,22.66,0.8002,99.98,-99.98,2350,2364,20428,24.44,0.8778,100.0,-100.0,10250,10178,0.0776,0.8824,100.0,22571,-0.0046
M5,derivative,64,0.1,0.5,10,newyork,fft_clock,7.811998287487959,4716,22.67,0.8008,99.98,-99.98,2351,2365,20460,24.44,0.8778,100.0,-100.0,10264,10196,0.077,0.8824,100.0,22571,-0.0046
M5,rsi,64,0.06,0.5,10,london,fft_clock,7.8681900888365615,866,33.49,0.9055,60.82,-48.82,438,428,4206,33.43,0.8937,97.55,-97.35,2068,2138,-0.0118,0.8985,97.97,4651,-0.0048
M5,rsi,64,0.08,0.5,10,london,fft_clock,7.860162688643904,866,33.49,0.9055,60.82,-48.82,438,428,4206,33.43,0.8937,97.55,-97.35,2068,2138,-0.0118,0.8985,97.97,4651,-0.0048
M5,derivative,64,0.08,0.5,10,newyork,fft_clock,7.860162688643904,4714,22.66,0.8002,99.98,-99.98,2350,2364,20430,24.44,0.8776,100.0,-100.0,10251,10179,0.0774,0.8824,100.0,22571,-0.0048
M5,rsi,128,0.08,0.5,20,asian,fft_clock,2.9366905704805735,716,33.66,0.8374,67.75,-61.14,318,398,3567,32.72,0.7869,99.8,-99.8,1725,1842,-0.0505,0.7917,99.81,3677,-0.0048
M5,rsi,64,0.1,0.5,10,london,fft_clock,7.811998287487959,866,33.49,0.9055,60.82,-48.82,438,428,4210,33.42,0.8934,97.58,-97.39,2070,2140,-0.0121,0.8985,97.97,4651,-0.0051
M5,rsi,64,0.08,0.5,20,all,fft_clock,6.654714759713154,1799,33.13,0.862,88.65,-86.42,844,955,8906,33.22,0.8535,100.0,-100.0,4357,4549,-0.0085,0.8587,100.0,9660,-0.0052
M5,rsi,64,0.1,0.3,20,newyork,fft_clock,10.69249705661993,519,30.06,0.7815,64.05,-59.1,249,270,2720,33.31,0.9003,89.83,-89.01,1307,1413,0.1188,0.9058,91.1,3102,-0.0055
M5,rsi,64,0.08,0.3,20,all,fft_clock,11.277159370651825,1710,32.87,0.8512,89.14,-86.99,804,906,8397,33.23,0.8531,100.0,-100.0,4083,4314,0.0019,0.8587,100.0,9660,-0.0056
M5,derivative,64,0.06,0.3,20,newyork,fft_clock,11.622337578936103,4485,22.65,0.7991,99.97,-99.97,2247,2238,19455,24.42,0.8767,100.0,-100.0,9765,9690,0.0776,0.8824,100.0,22571,-0.0057
M5,derivative,64,0.08,0.3,20,all,fft_clock,11.277159370651825,13491,23.99,0.8254,100.0,-100.0,6750,6741,62703,24.12,0.821,100.0,-100.0,31346,31357,-0.0044,0.8267,100.0,72293,-0.0057
M5,derivative,64,0.1,0.3,20,all,fft_clock,10.69249705661993,13585,24.05,0.8282,100.0,-100.0,6795,6790,63180,24.12,0.8209,100.0,-100.0,31590,31590,-0.0073,0.8267,100.0,72293,-0.0058
M5,derivative,64,0.08,0.3,20,newyork,fft_clock,11.277159370651825,4497,22.66,0.7995,99.97,-99.97,2251,2246,19538,24.41,0.8765,100.0,-100.0,9806,9732,0.077,0.8824,100.0,22571,-0.0059
M5,derivative,64,0.06,0.3,20,all,fft_clock,11.622337578936103,13441,24.02,0.8267,100.0,-100.0,6728,6713,62451,24.12,0.8208,100.0,-100.0,31232,31219,-0.0059,0.8267,100.0,72293,-0.0059
M5,rsi,64,0.1,0.3,20,asian,fft_clock,10.69249705661993,661,33.28,0.8218,69.83,-61.53,294,367,3274,32.71,0.7858,99.68,-99.68,1600,1674,-0.036,0.7917,99.81,3677,-0.0059
M5,derivative,64,0.1,0.3,20,newyork,fft_clock,10.69249705661993,4537,22.81,0.8065,99.97,-99.96,2270,2267,19678,24.41,0.8764,100.0,-100.0,9879,9799,0.0699,0.8824,100.0,22571,-0.006
M5,derivative,64,0.1,0.3,10,newyork,fft_clock,10.255003746120089,4599,22.81,0.8058,99.97,-99.97,2294,2305,19822,24.4,0.876,100.0,-100.0,9952,9870,0.0702,0.8824,100.0,22571,-0.0064
M5,rsi,64,0.08,0.3,10,newyork,fft_clock,10.42224125013379,513,30.21,0.7876,63.16,-57.64,250,263,2715,33.3,0.8993,89.46,-89.18,1320,1395,0.1117,0.9058,91.1,3102,-0.0065
M5,derivative,64,0.06,0.3,10,newyork,fft_clock,10.463716151129187,4593,22.8,0.8052,99.97,-99.97,2292,2301,19762,24.4,0.8757,100.0,-100.0,9922,9840,0.0705,0.8824,100.0,22571,-0.0067
M5,rsi,0,0.0,0.0,0,newyork,time_clock,8.328427699882266,523,30.4,0.7947,61.95,-57.06,248,275,2787,33.3,0.899,90.16,-89.87,1369,1418,0.1043,0.9058,91.1,3102,-0.0068
M5,rsi,64,0.06,0.3,10,newyork,fft_clock,10.463716151129187,513,30.21,0.7876,63.16,-57.64,250,263,2713,33.28,0.8988,89.54,-89.26,1318,1395,0.1112,0.9058,91.1,3102,-0.007
M5,derivative,64,0.08,0.3,10,newyork,fft_clock,10.42224125013379,4593,22.8,0.8052,99.97,-99.97,2292,2301,19767,24.39,0.8754,100.0,-100.0,9925,9842,0.0702,0.8824,100.0,22571,-0.007
M5,rsi,128,0.08,0.3,20,asian,fft_clock,3.877234293053623,708,33.62,0.8358,68.09,-61.07,318,390,3510,32.65,0.7843,99.8,-99.8,1695,1815,-0.0515,0.7917,99.81,3677,-0.0074
M5,rsi,64,0.1,0.3,10,newyork,fft_clock,10.255003746120089,514,30.35,0.7926,62.46,-56.84,250,264,2723,33.27,0.8982,89.75,-89.47,1323,1400,0.1056,0.9058,91.1,3102,-0.0076
M5,rsi,64,0.1,0.5,20,asian,fft_clock,6.444664454671948,696,33.33,0.8244,69.73,-62.88,307,389,3415,32.65,0.784,99.76,-99.76,1673,1742,-0.0404,0.7917,99.81,3677,-0.0077
M5,rsi,64,0.1,0.3,20,all,fft_clock,10.69249705661993,1719,32.87,0.8514,89.22,-87.09,805,914,8468,33.16,0.8506,100.0,-100.0,4129,4339,-0.0008,0.8587,100.0,9660,-0.0081
M5,rsi,64,0.1,0.5,20,all,fft_clock,6.444664454671948,1800,33.11,0.8612,88.78,-86.57,844,956,8942,33.15,0.8505,100.0,-100.0,4381,4561,-0.0107,0.8587,100.0,9660,-0.0082
M5,rsi,64,0.06,0.3,20,london,fft_clock,11.622337578936103,842,33.37,0.9004,60.48,-49.48,428,414,3996,33.31,0.889,97.38,-97.24,1957,2039,-0.0114,0.8985,97.97,4651,-0.0095
M5,rsi,64,0.08,0.5,20,london,fft_clock,6.654714759713154,882,33.56,0.9086,60.84,-48.43,446,436,4285,33.3,0.889,97.98,-97.87,2109,2176,-0.0196,0.8985,97.97,4651,-0.0095
M5,rsi,64,0.06,0.5,20,london,fft_clock,6.730975061543401,882,33.56,0.9086,60.84,-48.43,446,436,4275,33.29,0.8884,98.0,-97.9,2105,2170,-0.0202,0.8985,97.97,4651,-0.0101
M5,rsi,64,0.06,0.3,10,london,fft_clock,10.463716151129187,840,33.33,0.8992,60.03,-49.78,424,416,4072,33.28,0.8878,97.73,-97.52,2007,2065,-0.0114,0.8985,97.97,4651,-0.0107
M5,rsi,64,0.08,0.3,10,london,fft_clock,10.42224125013379,840,33.33,0.8992,60.03,-49.78,424,416,4075,33.28,0.8878,97.73,-97.53,2009,2066,-0.0114,0.8985,97.97,4651,-0.0107
M5,rsi,64,0.1,0.3,10,london,fft_clock,10.255003746120089,842,33.37,0.9008,59.7,-49.36,425,417,4087,33.28,0.8877,97.76,-97.55,2014,2073,-0.0131,0.8985,97.97,4651,-0.0108
M5,rsi,64,0.1,0.3,20,london,fft_clock,10.69249705661993,848,33.49,0.9053,60.22,-48.18,429,419,4056,33.26,0.8871,97.7,-97.53,1992,2064,-0.0182,0.8985,97.97,4651,-0.0114
M5,rsi,64,0.1,0.5,20,london,fft_clock,6.444664454671948,882,33.56,0.9086,60.84,-48.43,446,436,4304,33.25,0.8868,98.14,-98.05,2119,2185,-0.0218,0.8985,97.97,4651,-0.0117
M5,rsi,64,0.08,0.3,20,london,fft_clock,11.277159370651825,845,33.37,0.9004,61.31,-49.59,429,416,4018,33.25,0.8867,97.61,-97.48,1969,2049,-0.0137,0.8985,97.97,4651,-0.0118
